Benchmark K-QGMIP - 2026-05-17 15:52
  n=[10, 15]  timeout_max=600s
  samples: C:\Users\Manu\Documents\Semestre 2026 - 01\Analisis y diseño de algoritmos\projecto-analisis-20261\GeoMIP\data\samples

=================================================================
n=10  TPM=N10A.csv  casos=49  timeout=120s/estrategia
=================================================================
  #  1/49  ABCDEFGHIJ     / ABCDEFGHIJCRITICAL (15:52:06): Original creado.
CRITICAL (15:52:06): Original:
CRITICAL (15:52:06): Candidato creado.
CRITICAL (15:52:06): Subsistema creado.
  QN2=.CRITICAL (15:52:16): Original creado.
CRITICAL (15:52:16): Original:
CRITICAL (15:52:16): Candidato creado.
CRITICAL (15:52:16): Subsistema creado.
CRITICAL (15:52:16): empieza.
  Geo2=.CRITICAL (15:52:16): Original creado.
CRITICAL (15:52:16): Original:
CRITICAL (15:52:16): Candidato creado.
CRITICAL (15:52:16): Subsistema creado.
CRITICAL (15:52:16): empieza.
CRITICAL (15:52:17): Original creado.
CRITICAL (15:52:17): Original:
CRITICAL (15:52:17): Candidato creado.
CRITICAL (15:52:17): Subsistema creado.
CRITICAL (15:52:17): empieza.
  k3(QN./KL.)CRITICAL (15:52:19): Original creado.
CRITICAL (15:52:19): Original:
CRITICAL (15:52:19): Candidato creado.
CRITICAL (15:52:19): Subsistema creado.
CRITICAL (15:52:19): empieza.
CRITICAL (15:52:20): Original creado.
CRITICAL (15:52:20): Original:
CRITICAL (15:52:20): Candidato creado.
CRITICAL (15:52:20): Subsistema creado.
CRITICAL (15:52:20): empieza.
  k4(QN./KL.)CRITICAL (15:52:24): Original creado.
CRITICAL (15:52:24): Original:
CRITICAL (15:52:24): Candidato creado.
CRITICAL (15:52:24): Subsistema creado.
CRITICAL (15:52:24): empieza.
CRITICAL (15:52:24): Original creado.
CRITICAL (15:52:24): Original:
CRITICAL (15:52:24): Candidato creado.
CRITICAL (15:52:24): Subsistema creado.
CRITICAL (15:52:24): empieza.
  k5(QN./KL.)
  #  2/49  ABCDEFGHIJ     / ABCDEFGHICRITICAL (15:52:29): Original creado.
CRITICAL (15:52:29): Original:
CRITICAL (15:52:29): Candidato creado.
CRITICAL (15:52:29): Subsistema creado.
  QN2=.CRITICAL (15:52:36): Original creado.
CRITICAL (15:52:36): Original:
CRITICAL (15:52:36): Candidato creado.
CRITICAL (15:52:36): Subsistema creado.
CRITICAL (15:52:36): empieza.
  Geo2=.CRITICAL (15:52:37): Original creado.
CRITICAL (15:52:37): Original:
CRITICAL (15:52:37): Candidato creado.
CRITICAL (15:52:37): Subsistema creado.
CRITICAL (15:52:37): empieza.
CRITICAL (15:52:37): Original creado.
CRITICAL (15:52:37): Original:
CRITICAL (15:52:37): Candidato creado.
CRITICAL (15:52:37): Subsistema creado.
CRITICAL (15:52:37): empieza.
  k3(QN./KL.)CRITICAL (15:52:38): Original creado.
CRITICAL (15:52:38): Original:
CRITICAL (15:52:38): Candidato creado.
CRITICAL (15:52:38): Subsistema creado.
CRITICAL (15:52:38): empieza.
CRITICAL (15:52:38): Original creado.
CRITICAL (15:52:38): Original:
CRITICAL (15:52:38): Candidato creado.
CRITICAL (15:52:38): Subsistema creado.
CRITICAL (15:52:38): empieza.
  k4(QN./KL.)CRITICAL (15:52:41): Original creado.
CRITICAL (15:52:41): Original:
CRITICAL (15:52:41): Candidato creado.
CRITICAL (15:52:41): Subsistema creado.
CRITICAL (15:52:41): empieza.
CRITICAL (15:52:42): Original creado.
CRITICAL (15:52:42): Original:
CRITICAL (15:52:42): Candidato creado.
CRITICAL (15:52:42): Subsistema creado.
CRITICAL (15:52:42): empieza.
  k5(QN./KL.)
  #  3/49  ABCDEFGHIJ     / BCDEFGHIJCRITICAL (15:52:47): Original creado.
CRITICAL (15:52:47): Original:
CRITICAL (15:52:47): Candidato creado.
CRITICAL (15:52:47): Subsistema creado.
  QN2=.CRITICAL (15:52:54): Original creado.
CRITICAL (15:52:54): Original:
CRITICAL (15:52:54): Candidato creado.
CRITICAL (15:52:54): Subsistema creado.
CRITICAL (15:52:54): empieza.
  Geo2=.CRITICAL (15:52:54): Original creado.
CRITICAL (15:52:54): Original:
CRITICAL (15:52:54): Candidato creado.
CRITICAL (15:52:54): Subsistema creado.
CRITICAL (15:52:54): empieza.
CRITICAL (15:52:55): Original creado.
CRITICAL (15:52:55): Original:
CRITICAL (15:52:55): Candidato creado.
CRITICAL (15:52:55): Subsistema creado.
CRITICAL (15:52:55): empieza.
  k3(QN./KL.)CRITICAL (15:52:56): Original creado.
CRITICAL (15:52:56): Original:
CRITICAL (15:52:56): Candidato creado.
CRITICAL (15:52:56): Subsistema creado.
CRITICAL (15:52:56): empieza.
CRITICAL (15:52:57): Original creado.
CRITICAL (15:52:57): Original:
CRITICAL (15:52:57): Candidato creado.
CRITICAL (15:52:57): Subsistema creado.
CRITICAL (15:52:57): empieza.
  k4(QN./KL.)CRITICAL (15:52:59): Original creado.
CRITICAL (15:52:59): Original:
CRITICAL (15:52:59): Candidato creado.
CRITICAL (15:52:59): Subsistema creado.
CRITICAL (15:52:59): empieza.
CRITICAL (15:53:00): Original creado.
CRITICAL (15:53:00): Original:
CRITICAL (15:53:00): Candidato creado.
CRITICAL (15:53:00): Subsistema creado.
CRITICAL (15:53:00): empieza.
  k5(QN./KL.)
  #  4/49  ABCDEFGHIJ     / BCDEFGHICRITICAL (15:53:04): Original creado.
CRITICAL (15:53:04): Original:
CRITICAL (15:53:04): Candidato creado.
CRITICAL (15:53:04): Subsistema creado.
  QN2=.CRITICAL (15:53:09): Original creado.
CRITICAL (15:53:09): Original:
CRITICAL (15:53:09): Candidato creado.
CRITICAL (15:53:09): Subsistema creado.
CRITICAL (15:53:09): empieza.
  Geo2=.CRITICAL (15:53:10): Original creado.
CRITICAL (15:53:10): Original:
CRITICAL (15:53:10): Candidato creado.
CRITICAL (15:53:10): Subsistema creado.
CRITICAL (15:53:10): empieza.
CRITICAL (15:53:10): Original creado.
CRITICAL (15:53:10): Original:
CRITICAL (15:53:10): Candidato creado.
CRITICAL (15:53:10): Subsistema creado.
CRITICAL (15:53:10): empieza.
  k3(QN./KL.)CRITICAL (15:53:11): Original creado.
CRITICAL (15:53:11): Original:
CRITICAL (15:53:11): Candidato creado.
CRITICAL (15:53:11): Subsistema creado.
CRITICAL (15:53:11): empieza.
CRITICAL (15:53:11): Original creado.
CRITICAL (15:53:11): Original:
CRITICAL (15:53:11): Candidato creado.
CRITICAL (15:53:11): Subsistema creado.
CRITICAL (15:53:11): empieza.
  k4(QN./KL.)CRITICAL (15:53:13): Original creado.
CRITICAL (15:53:13): Original:
CRITICAL (15:53:13): Candidato creado.
CRITICAL (15:53:13): Subsistema creado.
CRITICAL (15:53:13): empieza.
CRITICAL (15:53:14): Original creado.
CRITICAL (15:53:14): Original:
CRITICAL (15:53:14): Candidato creado.
CRITICAL (15:53:14): Subsistema creado.
CRITICAL (15:53:14): empieza.
  k5(QN./KL.)
  #  5/49  ABCDEFGHIJ     / ABDEGHJCRITICAL (15:53:17): Original creado.
CRITICAL (15:53:17): Original:
CRITICAL (15:53:17): Candidato creado.
CRITICAL (15:53:17): Subsistema creado.
  QN2=.CRITICAL (15:53:22): Original creado.
CRITICAL (15:53:22): Original:
CRITICAL (15:53:22): Candidato creado.
CRITICAL (15:53:22): Subsistema creado.
CRITICAL (15:53:22): empieza.
  Geo2=.CRITICAL (15:53:22): Original creado.
CRITICAL (15:53:22): Original:
CRITICAL (15:53:22): Candidato creado.
CRITICAL (15:53:22): Subsistema creado.
CRITICAL (15:53:22): empieza.
CRITICAL (15:53:23): Original creado.
CRITICAL (15:53:23): Original:
CRITICAL (15:53:23): Candidato creado.
CRITICAL (15:53:23): Subsistema creado.
CRITICAL (15:53:23): empieza.
  k3(QN./KL.)CRITICAL (15:53:24): Original creado.
CRITICAL (15:53:24): Original:
CRITICAL (15:53:24): Candidato creado.
CRITICAL (15:53:24): Subsistema creado.
CRITICAL (15:53:24): empieza.
CRITICAL (15:53:24): Original creado.
CRITICAL (15:53:24): Original:
CRITICAL (15:53:24): Candidato creado.
CRITICAL (15:53:24): Subsistema creado.
CRITICAL (15:53:24): empieza.
  k4(QN./KL.)CRITICAL (15:53:25): Original creado.
CRITICAL (15:53:25): Original:
CRITICAL (15:53:25): Candidato creado.
CRITICAL (15:53:25): Subsistema creado.
CRITICAL (15:53:25): empieza.
CRITICAL (15:53:25): Original creado.
CRITICAL (15:53:25): Original:
CRITICAL (15:53:25): Candidato creado.
CRITICAL (15:53:25): Subsistema creado.
CRITICAL (15:53:26): empieza.
  k5(QN./KL.)
  #  6/49  ABCDEFGHIJ     / ACEGICRITICAL (15:53:31): Original creado.
CRITICAL (15:53:31): Original:
CRITICAL (15:53:31): Candidato creado.
CRITICAL (15:53:31): Subsistema creado.
  QN2=.CRITICAL (15:53:33): Original creado.
CRITICAL (15:53:33): Original:
CRITICAL (15:53:33): Candidato creado.
CRITICAL (15:53:33): Subsistema creado.
CRITICAL (15:53:33): empieza.
  Geo2=.CRITICAL (15:53:34): Original creado.
CRITICAL (15:53:34): Original:
CRITICAL (15:53:34): Candidato creado.
CRITICAL (15:53:34): Subsistema creado.
CRITICAL (15:53:34): empieza.
CRITICAL (15:53:34): Original creado.
CRITICAL (15:53:34): Original:
CRITICAL (15:53:34): Candidato creado.
CRITICAL (15:53:34): Subsistema creado.
CRITICAL (15:53:34): empieza.
  k3(QN./KL.)CRITICAL (15:53:35): Original creado.
CRITICAL (15:53:35): Original:
CRITICAL (15:53:35): Candidato creado.
CRITICAL (15:53:35): Subsistema creado.
CRITICAL (15:53:35): empieza.
CRITICAL (15:53:35): Original creado.
CRITICAL (15:53:35): Original:
CRITICAL (15:53:35): Candidato creado.
CRITICAL (15:53:35): Subsistema creado.
CRITICAL (15:53:35): empieza.
  k4(QN./KL.)CRITICAL (15:53:36): Original creado.
CRITICAL (15:53:36): Original:
CRITICAL (15:53:36): Candidato creado.
CRITICAL (15:53:36): Subsistema creado.
CRITICAL (15:53:36): empieza.
CRITICAL (15:53:36): Original creado.
CRITICAL (15:53:36): Original:
CRITICAL (15:53:36): Candidato creado.
CRITICAL (15:53:36): Subsistema creado.
CRITICAL (15:53:36): empieza.
  k5(QN./KL.)
  #  7/49  ABCDEFGHIJ     / BDFHJCRITICAL (15:53:38): Original creado.
CRITICAL (15:53:38): Original:
CRITICAL (15:53:38): Candidato creado.
CRITICAL (15:53:38): Subsistema creado.
  QN2=.CRITICAL (15:53:41): Original creado.
CRITICAL (15:53:41): Original:
CRITICAL (15:53:41): Candidato creado.
CRITICAL (15:53:41): Subsistema creado.
CRITICAL (15:53:41): empieza.
  Geo2=.CRITICAL (15:53:41): Original creado.
CRITICAL (15:53:41): Original:
CRITICAL (15:53:41): Candidato creado.
CRITICAL (15:53:41): Subsistema creado.
CRITICAL (15:53:41): empieza.
CRITICAL (15:53:41): Original creado.
CRITICAL (15:53:41): Original:
CRITICAL (15:53:41): Candidato creado.
CRITICAL (15:53:41): Subsistema creado.
CRITICAL (15:53:41): empieza.
  k3(QN./KL.)CRITICAL (15:53:42): Original creado.
CRITICAL (15:53:42): Original:
CRITICAL (15:53:42): Candidato creado.
CRITICAL (15:53:42): Subsistema creado.
CRITICAL (15:53:42): empieza.
CRITICAL (15:53:42): Original creado.
CRITICAL (15:53:42): Original:
CRITICAL (15:53:42): Candidato creado.
CRITICAL (15:53:42): Subsistema creado.
CRITICAL (15:53:42): empieza.
  k4(QN./KL.)CRITICAL (15:53:43): Original creado.
CRITICAL (15:53:43): Original:
CRITICAL (15:53:43): Candidato creado.
CRITICAL (15:53:43): Subsistema creado.
CRITICAL (15:53:43): empieza.
CRITICAL (15:53:44): Original creado.
CRITICAL (15:53:44): Original:
CRITICAL (15:53:44): Candidato creado.
CRITICAL (15:53:44): Subsistema creado.
CRITICAL (15:53:44): empieza.
  k5(QN./KL.)
  #  8/49  ABCDEFGHI      / ABCDEFGHIJCRITICAL (15:53:45): Original creado.
CRITICAL (15:53:45): Original:
CRITICAL (15:53:46): Candidato creado.
CRITICAL (15:53:46): Subsistema creado.
  QN2=.CRITICAL (15:53:53): Original creado.
CRITICAL (15:53:53): Original:
CRITICAL (15:53:53): Candidato creado.
CRITICAL (15:53:53): Subsistema creado.
CRITICAL (15:53:53): empieza.
  Geo2=.CRITICAL (15:53:53): Original creado.
CRITICAL (15:53:53): Original:
CRITICAL (15:53:53): Candidato creado.
CRITICAL (15:53:53): Subsistema creado.
CRITICAL (15:53:53): empieza.
CRITICAL (15:53:54): Original creado.
CRITICAL (15:53:54): Original:
CRITICAL (15:53:54): Candidato creado.
CRITICAL (15:53:54): Subsistema creado.
CRITICAL (15:53:54): empieza.
  k3(QN./KL.)CRITICAL (15:53:56): Original creado.
CRITICAL (15:53:56): Original:
CRITICAL (15:53:56): Candidato creado.
CRITICAL (15:53:56): Subsistema creado.
CRITICAL (15:53:56): empieza.
CRITICAL (15:53:57): Original creado.
CRITICAL (15:53:57): Original:
CRITICAL (15:53:57): Candidato creado.
CRITICAL (15:53:57): Subsistema creado.
CRITICAL (15:53:57): empieza.
  k4(QN./KL.)CRITICAL (15:54:00): Original creado.
CRITICAL (15:54:00): Original:
CRITICAL (15:54:00): Candidato creado.
CRITICAL (15:54:00): Subsistema creado.
CRITICAL (15:54:00): empieza.
CRITICAL (15:54:01): Original creado.
CRITICAL (15:54:01): Original:
CRITICAL (15:54:01): Candidato creado.
CRITICAL (15:54:01): Subsistema creado.
CRITICAL (15:54:01): empieza.
  k5(QN./KL.)
  #  9/49  ABCDEFGHI      / ABCDEFGHICRITICAL (15:54:05): Original creado.
CRITICAL (15:54:05): Original:
CRITICAL (15:54:05): Candidato creado.
CRITICAL (15:54:05): Subsistema creado.
  QN2=.CRITICAL (15:54:11): Original creado.
CRITICAL (15:54:11): Original:
CRITICAL (15:54:11): Candidato creado.
CRITICAL (15:54:11): Subsistema creado.
CRITICAL (15:54:11): empieza.
  Geo2=.CRITICAL (15:54:11): Original creado.
CRITICAL (15:54:11): Original:
CRITICAL (15:54:11): Candidato creado.
CRITICAL (15:54:11): Subsistema creado.
CRITICAL (15:54:12): empieza.
CRITICAL (15:54:12): Original creado.
CRITICAL (15:54:12): Original:
CRITICAL (15:54:12): Candidato creado.
CRITICAL (15:54:12): Subsistema creado.
CRITICAL (15:54:12): empieza.
  k3(QN./KL.)CRITICAL (15:54:13): Original creado.
CRITICAL (15:54:13): Original:
CRITICAL (15:54:13): Candidato creado.
CRITICAL (15:54:13): Subsistema creado.
CRITICAL (15:54:13): empieza.
CRITICAL (15:54:13): Original creado.
CRITICAL (15:54:13): Original:
CRITICAL (15:54:13): Candidato creado.
CRITICAL (15:54:13): Subsistema creado.
CRITICAL (15:54:13): empieza.
  k4(QN./KL.)CRITICAL (15:54:15): Original creado.
CRITICAL (15:54:15): Original:
CRITICAL (15:54:15): Candidato creado.
CRITICAL (15:54:15): Subsistema creado.
CRITICAL (15:54:15): empieza.
CRITICAL (15:54:16): Original creado.
CRITICAL (15:54:16): Original:
CRITICAL (15:54:16): Candidato creado.
CRITICAL (15:54:16): Subsistema creado.
CRITICAL (15:54:16): empieza.
  k5(QN./KL.)
  # 10/49  ABCDEFGHI      / BCDEFGHIJCRITICAL (15:54:19): Original creado.
CRITICAL (15:54:19): Original:
CRITICAL (15:54:19): Candidato creado.
CRITICAL (15:54:19): Subsistema creado.
  QN2=.CRITICAL (15:54:24): Original creado.
CRITICAL (15:54:24): Original:
CRITICAL (15:54:24): Candidato creado.
CRITICAL (15:54:24): Subsistema creado.
CRITICAL (15:54:24): empieza.
  Geo2=.CRITICAL (15:54:24): Original creado.
CRITICAL (15:54:24): Original:
CRITICAL (15:54:24): Candidato creado.
CRITICAL (15:54:25): Subsistema creado.
CRITICAL (15:54:25): empieza.
CRITICAL (15:54:25): Original creado.
CRITICAL (15:54:25): Original:
CRITICAL (15:54:25): Candidato creado.
CRITICAL (15:54:25): Subsistema creado.
CRITICAL (15:54:25): empieza.
  k3(QN./KL.)CRITICAL (15:54:26): Original creado.
CRITICAL (15:54:26): Original:
CRITICAL (15:54:26): Candidato creado.
CRITICAL (15:54:26): Subsistema creado.
CRITICAL (15:54:26): empieza.
CRITICAL (15:54:27): Original creado.
CRITICAL (15:54:27): Original:
CRITICAL (15:54:27): Candidato creado.
CRITICAL (15:54:27): Subsistema creado.
CRITICAL (15:54:27): empieza.
  k4(QN./KL.)CRITICAL (15:54:29): Original creado.
CRITICAL (15:54:29): Original:
CRITICAL (15:54:29): Candidato creado.
CRITICAL (15:54:29): Subsistema creado.
CRITICAL (15:54:29): empieza.
CRITICAL (15:54:30): Original creado.
CRITICAL (15:54:30): Original:
CRITICAL (15:54:30): Candidato creado.
CRITICAL (15:54:30): Subsistema creado.
CRITICAL (15:54:30): empieza.
  k5(QN./KL.)
  # 11/49  ABCDEFGHI      / BCDEFGHICRITICAL (15:54:33): Original creado.
CRITICAL (15:54:33): Original:
CRITICAL (15:54:33): Candidato creado.
CRITICAL (15:54:33): Subsistema creado.
  QN2=.CRITICAL (15:54:38): Original creado.
CRITICAL (15:54:38): Original:
CRITICAL (15:54:38): Candidato creado.
CRITICAL (15:54:38): Subsistema creado.
CRITICAL (15:54:38): empieza.
  Geo2=.CRITICAL (15:54:38): Original creado.
CRITICAL (15:54:38): Original:
CRITICAL (15:54:38): Candidato creado.
CRITICAL (15:54:38): Subsistema creado.
CRITICAL (15:54:38): empieza.
CRITICAL (15:54:38): Original creado.
CRITICAL (15:54:38): Original:
CRITICAL (15:54:38): Candidato creado.
CRITICAL (15:54:38): Subsistema creado.
CRITICAL (15:54:38): empieza.
  k3(QN./KL.)CRITICAL (15:54:39): Original creado.
CRITICAL (15:54:39): Original:
CRITICAL (15:54:39): Candidato creado.
CRITICAL (15:54:40): Subsistema creado.
CRITICAL (15:54:40): empieza.
CRITICAL (15:54:40): Original creado.
CRITICAL (15:54:40): Original:
CRITICAL (15:54:40): Candidato creado.
CRITICAL (15:54:40): Subsistema creado.
CRITICAL (15:54:40): empieza.
  k4(QN./KL.)CRITICAL (15:54:42): Original creado.
CRITICAL (15:54:42): Original:
CRITICAL (15:54:42): Candidato creado.
CRITICAL (15:54:42): Subsistema creado.
CRITICAL (15:54:42): empieza.
CRITICAL (15:54:42): Original creado.
CRITICAL (15:54:42): Original:
CRITICAL (15:54:42): Candidato creado.
CRITICAL (15:54:42): Subsistema creado.
CRITICAL (15:54:42): empieza.
  k5(QN./KL.)
  # 12/49  ABCDEFGHI      / ABDEGHJCRITICAL (15:54:46): Original creado.
CRITICAL (15:54:46): Original:
CRITICAL (15:54:46): Candidato creado.
CRITICAL (15:54:46): Subsistema creado.
  QN2=.CRITICAL (15:54:50): Original creado.
CRITICAL (15:54:50): Original:
CRITICAL (15:54:50): Candidato creado.
CRITICAL (15:54:50): Subsistema creado.
CRITICAL (15:54:50): empieza.
  Geo2=.CRITICAL (15:54:50): Original creado.
CRITICAL (15:54:50): Original:
CRITICAL (15:54:50): Candidato creado.
CRITICAL (15:54:50): Subsistema creado.
CRITICAL (15:54:50): empieza.
CRITICAL (15:54:50): Original creado.
CRITICAL (15:54:50): Original:
CRITICAL (15:54:50): Candidato creado.
CRITICAL (15:54:50): Subsistema creado.
CRITICAL (15:54:50): empieza.
  k3(QN./KL.)CRITICAL (15:54:51): Original creado.
CRITICAL (15:54:51): Original:
CRITICAL (15:54:51): Candidato creado.
CRITICAL (15:54:51): Subsistema creado.
CRITICAL (15:54:52): empieza.
CRITICAL (15:54:52): Original creado.
CRITICAL (15:54:52): Original:
CRITICAL (15:54:52): Candidato creado.
CRITICAL (15:54:52): Subsistema creado.
CRITICAL (15:54:52): empieza.
  k4(QN./KL.)CRITICAL (15:54:54): Original creado.
CRITICAL (15:54:54): Original:
CRITICAL (15:54:54): Candidato creado.
CRITICAL (15:54:54): Subsistema creado.
CRITICAL (15:54:54): empieza.
CRITICAL (15:54:55): Original creado.
CRITICAL (15:54:55): Original:
CRITICAL (15:54:55): Candidato creado.
CRITICAL (15:54:55): Subsistema creado.
CRITICAL (15:54:55): empieza.
  k5(QN./KL.)
  # 13/49  ABCDEFGHI      / ACEGICRITICAL (15:55:00): Original creado.
CRITICAL (15:55:00): Original:
CRITICAL (15:55:00): Candidato creado.
CRITICAL (15:55:00): Subsistema creado.
  QN2=.CRITICAL (15:55:02): Original creado.
CRITICAL (15:55:02): Original:
CRITICAL (15:55:02): Candidato creado.
CRITICAL (15:55:02): Subsistema creado.
CRITICAL (15:55:02): empieza.
  Geo2=.CRITICAL (15:55:02): Original creado.
CRITICAL (15:55:03): Original:
CRITICAL (15:55:03): Candidato creado.
CRITICAL (15:55:03): Subsistema creado.
CRITICAL (15:55:03): empieza.
CRITICAL (15:55:03): Original creado.
CRITICAL (15:55:03): Original:
CRITICAL (15:55:03): Candidato creado.
CRITICAL (15:55:03): Subsistema creado.
CRITICAL (15:55:03): empieza.
  k3(QN./KL.)CRITICAL (15:55:04): Original creado.
CRITICAL (15:55:04): Original:
CRITICAL (15:55:04): Candidato creado.
CRITICAL (15:55:04): Subsistema creado.
CRITICAL (15:55:04): empieza.
CRITICAL (15:55:04): Original creado.
CRITICAL (15:55:04): Original:
CRITICAL (15:55:04): Candidato creado.
CRITICAL (15:55:04): Subsistema creado.
CRITICAL (15:55:05): empieza.
  k4(QN./KL.)CRITICAL (15:55:06): Original creado.
CRITICAL (15:55:06): Original:
CRITICAL (15:55:06): Candidato creado.
CRITICAL (15:55:06): Subsistema creado.
CRITICAL (15:55:06): empieza.
CRITICAL (15:55:06): Original creado.
CRITICAL (15:55:06): Original:
CRITICAL (15:55:06): Candidato creado.
CRITICAL (15:55:06): Subsistema creado.
CRITICAL (15:55:06): empieza.
  k5(QN./KL.)
  # 14/49  ABCDEFGHI      / BDFHJCRITICAL (15:55:09): Original creado.
CRITICAL (15:55:09): Original:
CRITICAL (15:55:09): Candidato creado.
CRITICAL (15:55:09): Subsistema creado.
  QN2=.CRITICAL (15:55:11): Original creado.
CRITICAL (15:55:11): Original:
CRITICAL (15:55:11): Candidato creado.
CRITICAL (15:55:11): Subsistema creado.
CRITICAL (15:55:11): empieza.
  Geo2=.CRITICAL (15:55:11): Original creado.
CRITICAL (15:55:11): Original:
CRITICAL (15:55:11): Candidato creado.
CRITICAL (15:55:11): Subsistema creado.
CRITICAL (15:55:11): empieza.
CRITICAL (15:55:11): Original creado.
CRITICAL (15:55:12): Original:
CRITICAL (15:55:12): Candidato creado.
CRITICAL (15:55:12): Subsistema creado.
CRITICAL (15:55:12): empieza.
  k3(QN./KL.)CRITICAL (15:55:12): Original creado.
CRITICAL (15:55:13): Original:
CRITICAL (15:55:13): Candidato creado.
CRITICAL (15:55:13): Subsistema creado.
CRITICAL (15:55:13): empieza.
CRITICAL (15:55:13): Original creado.
CRITICAL (15:55:13): Original:
CRITICAL (15:55:13): Candidato creado.
CRITICAL (15:55:13): Subsistema creado.
CRITICAL (15:55:13): empieza.
  k4(QN./KL.)CRITICAL (15:55:14): Original creado.
CRITICAL (15:55:14): Original:
CRITICAL (15:55:14): Candidato creado.
CRITICAL (15:55:15): Subsistema creado.
CRITICAL (15:55:15): empieza.
CRITICAL (15:55:15): Original creado.
CRITICAL (15:55:15): Original:
CRITICAL (15:55:15): Candidato creado.
CRITICAL (15:55:15): Subsistema creado.
CRITICAL (15:55:15): empieza.
  k5(QN./KL.)
  # 15/49  BCDEFGHIJ      / ABCDEFGHIJCRITICAL (15:55:17): Original creado.
CRITICAL (15:55:17): Original:
CRITICAL (15:55:17): Candidato creado.
CRITICAL (15:55:17): Subsistema creado.
  QN2=.CRITICAL (15:55:25): Original creado.
CRITICAL (15:55:25): Original:
CRITICAL (15:55:25): Candidato creado.
CRITICAL (15:55:25): Subsistema creado.
CRITICAL (15:55:25): empieza.
  Geo2=.CRITICAL (15:55:25): Original creado.
CRITICAL (15:55:26): Original:
CRITICAL (15:55:26): Candidato creado.
CRITICAL (15:55:26): Subsistema creado.
CRITICAL (15:55:26): empieza.
CRITICAL (15:55:26): Original creado.
CRITICAL (15:55:26): Original:
CRITICAL (15:55:26): Candidato creado.
CRITICAL (15:55:27): Subsistema creado.
CRITICAL (15:55:27): empieza.
  k3(QN./KL.)CRITICAL (15:55:29): Original creado.
CRITICAL (15:55:29): Original:
CRITICAL (15:55:29): Candidato creado.
CRITICAL (15:55:29): Subsistema creado.
CRITICAL (15:55:29): empieza.
CRITICAL (15:55:30): Original creado.
CRITICAL (15:55:30): Original:
CRITICAL (15:55:30): Candidato creado.
CRITICAL (15:55:30): Subsistema creado.
CRITICAL (15:55:31): empieza.
  k4(QN./KL.)CRITICAL (15:55:34): Original creado.
CRITICAL (15:55:34): Original:
CRITICAL (15:55:34): Candidato creado.
CRITICAL (15:55:34): Subsistema creado.
CRITICAL (15:55:35): empieza.
CRITICAL (15:55:35): Original creado.
CRITICAL (15:55:35): Original:
CRITICAL (15:55:35): Candidato creado.
CRITICAL (15:55:36): Subsistema creado.
CRITICAL (15:55:36): empieza.
  k5(QN./KL.)
  # 16/49  BCDEFGHIJ      / ABCDEFGHICRITICAL (15:55:40): Original creado.
CRITICAL (15:55:40): Original:
CRITICAL (15:55:40): Candidato creado.
CRITICAL (15:55:40): Subsistema creado.
  QN2=.CRITICAL (15:55:46): Original creado.
CRITICAL (15:55:47): Original:
CRITICAL (15:55:47): Candidato creado.
CRITICAL (15:55:47): Subsistema creado.
CRITICAL (15:55:47): empieza.
  Geo2=.CRITICAL (15:55:47): Original creado.
CRITICAL (15:55:47): Original:
CRITICAL (15:55:47): Candidato creado.
CRITICAL (15:55:47): Subsistema creado.
CRITICAL (15:55:47): empieza.
CRITICAL (15:55:48): Original creado.
CRITICAL (15:55:48): Original:
CRITICAL (15:55:48): Candidato creado.
CRITICAL (15:55:48): Subsistema creado.
CRITICAL (15:55:48): empieza.
  k3(QN./KL.)CRITICAL (15:55:49): Original creado.
CRITICAL (15:55:49): Original:
CRITICAL (15:55:49): Candidato creado.
CRITICAL (15:55:49): Subsistema creado.
CRITICAL (15:55:49): empieza.
CRITICAL (15:55:50): Original creado.
CRITICAL (15:55:50): Original:
CRITICAL (15:55:50): Candidato creado.
CRITICAL (15:55:50): Subsistema creado.
CRITICAL (15:55:50): empieza.
  k4(QN./KL.)CRITICAL (15:55:53): Original creado.
CRITICAL (15:55:53): Original:
CRITICAL (15:55:53): Candidato creado.
CRITICAL (15:55:54): Subsistema creado.
CRITICAL (15:55:54): empieza.
CRITICAL (15:55:54): Original creado.
CRITICAL (15:55:54): Original:
CRITICAL (15:55:54): Candidato creado.
CRITICAL (15:55:54): Subsistema creado.
CRITICAL (15:55:54): empieza.
  k5(QN./KL.)
  # 17/49  BCDEFGHIJ      / BCDEFGHIJCRITICAL (15:55:59): Original creado.
CRITICAL (15:55:59): Original:
CRITICAL (15:55:59): Candidato creado.
CRITICAL (15:55:59): Subsistema creado.
  QN2=.CRITICAL (15:56:05): Original creado.
CRITICAL (15:56:05): Original:
CRITICAL (15:56:05): Candidato creado.
CRITICAL (15:56:05): Subsistema creado.
CRITICAL (15:56:05): empieza.
  Geo2=.CRITICAL (15:56:06): Original creado.
CRITICAL (15:56:06): Original:
CRITICAL (15:56:06): Candidato creado.
CRITICAL (15:56:06): Subsistema creado.
CRITICAL (15:56:06): empieza.
CRITICAL (15:56:06): Original creado.
CRITICAL (15:56:07): Original:
CRITICAL (15:56:07): Candidato creado.
CRITICAL (15:56:07): Subsistema creado.
CRITICAL (15:56:07): empieza.
  k3(QN./KL.)CRITICAL (15:56:08): Original creado.
CRITICAL (15:56:08): Original:
CRITICAL (15:56:09): Candidato creado.
CRITICAL (15:56:09): Subsistema creado.
CRITICAL (15:56:09): empieza.
CRITICAL (15:56:09): Original creado.
CRITICAL (15:56:09): Original:
CRITICAL (15:56:10): Candidato creado.
CRITICAL (15:56:10): Subsistema creado.
CRITICAL (15:56:10): empieza.
  k4(QN./KL.)CRITICAL (15:56:12): Original creado.
CRITICAL (15:56:12): Original:
CRITICAL (15:56:12): Candidato creado.
CRITICAL (15:56:13): Subsistema creado.
CRITICAL (15:56:13): empieza.
CRITICAL (15:56:13): Original creado.
CRITICAL (15:56:14): Original:
CRITICAL (15:56:14): Candidato creado.
CRITICAL (15:56:14): Subsistema creado.
CRITICAL (15:56:14): empieza.
  k5(QN./KL.)
  # 18/49  BCDEFGHIJ      / BCDEFGHICRITICAL (15:56:18): Original creado.
CRITICAL (15:56:18): Original:
CRITICAL (15:56:18): Candidato creado.
CRITICAL (15:56:18): Subsistema creado.
  QN2=.CRITICAL (15:56:23): Original creado.
CRITICAL (15:56:23): Original:
CRITICAL (15:56:23): Candidato creado.
CRITICAL (15:56:23): Subsistema creado.
CRITICAL (15:56:23): empieza.
  Geo2=.CRITICAL (15:56:24): Original creado.
CRITICAL (15:56:24): Original:
CRITICAL (15:56:24): Candidato creado.
CRITICAL (15:56:24): Subsistema creado.
CRITICAL (15:56:24): empieza.
CRITICAL (15:56:24): Original creado.
CRITICAL (15:56:25): Original:
CRITICAL (15:56:25): Candidato creado.
CRITICAL (15:56:25): Subsistema creado.
CRITICAL (15:56:25): empieza.
  k3(QN./KL.)CRITICAL (15:56:26): Original creado.
CRITICAL (15:56:26): Original:
CRITICAL (15:56:26): Candidato creado.
CRITICAL (15:56:26): Subsistema creado.
CRITICAL (15:56:26): empieza.
CRITICAL (15:56:27): Original creado.
CRITICAL (15:56:27): Original:
CRITICAL (15:56:27): Candidato creado.
CRITICAL (15:56:27): Subsistema creado.
CRITICAL (15:56:27): empieza.
  k4(QN./KL.)CRITICAL (15:56:29): Original creado.
CRITICAL (15:56:29): Original:
CRITICAL (15:56:29): Candidato creado.
CRITICAL (15:56:30): Subsistema creado.
CRITICAL (15:56:30): empieza.
CRITICAL (15:56:30): Original creado.
CRITICAL (15:56:30): Original:
CRITICAL (15:56:30): Candidato creado.
CRITICAL (15:56:31): Subsistema creado.
CRITICAL (15:56:31): empieza.
  k5(QN./KL.)
  # 19/49  BCDEFGHIJ      / ABDEGHJCRITICAL (15:56:35): Original creado.
CRITICAL (15:56:35): Original:
CRITICAL (15:56:35): Candidato creado.
CRITICAL (15:56:35): Subsistema creado.
  QN2=.CRITICAL (15:56:39): Original creado.
CRITICAL (15:56:39): Original:
CRITICAL (15:56:39): Candidato creado.
CRITICAL (15:56:39): Subsistema creado.
CRITICAL (15:56:39): empieza.
  Geo2=.CRITICAL (15:56:39): Original creado.
CRITICAL (15:56:39): Original:
CRITICAL (15:56:40): Candidato creado.
CRITICAL (15:56:40): Subsistema creado.
CRITICAL (15:56:40): empieza.
CRITICAL (15:56:40): Original creado.
CRITICAL (15:56:40): Original:
CRITICAL (15:56:41): Candidato creado.
CRITICAL (15:56:41): Subsistema creado.
CRITICAL (15:56:41): empieza.
  k3(QN./KL.)CRITICAL (15:56:42): Original creado.
CRITICAL (15:56:42): Original:
CRITICAL (15:56:42): Candidato creado.
CRITICAL (15:56:42): Subsistema creado.
CRITICAL (15:56:42): empieza.
CRITICAL (15:56:42): Original creado.
CRITICAL (15:56:43): Original:
CRITICAL (15:56:43): Candidato creado.
CRITICAL (15:56:43): Subsistema creado.
CRITICAL (15:56:43): empieza.
  k4(QN./KL.)CRITICAL (15:56:44): Original creado.
CRITICAL (15:56:44): Original:
CRITICAL (15:56:44): Candidato creado.
CRITICAL (15:56:45): Subsistema creado.
CRITICAL (15:56:45): empieza.
CRITICAL (15:56:45): Original creado.
CRITICAL (15:56:45): Original:
CRITICAL (15:56:45): Candidato creado.
CRITICAL (15:56:45): Subsistema creado.
CRITICAL (15:56:46): empieza.
  k5(QN./KL.)
  # 20/49  BCDEFGHIJ      / ACEGICRITICAL (15:56:50): Original creado.
CRITICAL (15:56:50): Original:
CRITICAL (15:56:50): Candidato creado.
CRITICAL (15:56:50): Subsistema creado.
  QN2=.CRITICAL (15:56:53): Original creado.
CRITICAL (15:56:53): Original:
CRITICAL (15:56:53): Candidato creado.
CRITICAL (15:56:53): Subsistema creado.
CRITICAL (15:56:53): empieza.
  Geo2=.CRITICAL (15:56:53): Original creado.
CRITICAL (15:56:53): Original:
CRITICAL (15:56:54): Candidato creado.
CRITICAL (15:56:54): Subsistema creado.
CRITICAL (15:56:54): empieza.
CRITICAL (15:56:54): Original creado.
CRITICAL (15:56:54): Original:
CRITICAL (15:56:54): Candidato creado.
CRITICAL (15:56:55): Subsistema creado.
CRITICAL (15:56:55): empieza.
  k3(QN./KL.)CRITICAL (15:56:56): Original creado.
CRITICAL (15:56:56): Original:
CRITICAL (15:56:56): Candidato creado.
CRITICAL (15:56:56): Subsistema creado.
CRITICAL (15:56:56): empieza.
CRITICAL (15:56:57): Original creado.
CRITICAL (15:56:57): Original:
CRITICAL (15:56:57): Candidato creado.
CRITICAL (15:56:57): Subsistema creado.
CRITICAL (15:56:57): empieza.
  k4(QN./KL.)CRITICAL (15:56:59): Original creado.
CRITICAL (15:56:59): Original:
CRITICAL (15:56:59): Candidato creado.
CRITICAL (15:56:59): Subsistema creado.
CRITICAL (15:56:59): empieza.
CRITICAL (15:57:00): Original creado.
CRITICAL (15:57:00): Original:
CRITICAL (15:57:00): Candidato creado.
CRITICAL (15:57:00): Subsistema creado.
CRITICAL (15:57:00): empieza.
  k5(QN./KL.)
  # 21/49  BCDEFGHIJ      / BDFHJCRITICAL (15:57:02): Original creado.
CRITICAL (15:57:02): Original:
CRITICAL (15:57:02): Candidato creado.
CRITICAL (15:57:02): Subsistema creado.
  QN2=.CRITICAL (15:57:04): Original creado.
CRITICAL (15:57:05): Original:
CRITICAL (15:57:05): Candidato creado.
CRITICAL (15:57:05): Subsistema creado.
CRITICAL (15:57:05): empieza.
  Geo2=.CRITICAL (15:57:05): Original creado.
CRITICAL (15:57:06): Original:
CRITICAL (15:57:06): Candidato creado.
CRITICAL (15:57:06): Subsistema creado.
CRITICAL (15:57:06): empieza.
CRITICAL (15:57:06): Original creado.
CRITICAL (15:57:06): Original:
CRITICAL (15:57:07): Candidato creado.
CRITICAL (15:57:07): Subsistema creado.
CRITICAL (15:57:07): empieza.
  k3(QN./KL.)CRITICAL (15:57:08): Original creado.
CRITICAL (15:57:08): Original:
CRITICAL (15:57:08): Candidato creado.
CRITICAL (15:57:08): Subsistema creado.
CRITICAL (15:57:08): empieza.
CRITICAL (15:57:09): Original creado.
CRITICAL (15:57:09): Original:
CRITICAL (15:57:09): Candidato creado.
CRITICAL (15:57:09): Subsistema creado.
CRITICAL (15:57:09): empieza.
  k4(QN./KL.)CRITICAL (15:57:11): Original creado.
CRITICAL (15:57:11): Original:
CRITICAL (15:57:11): Candidato creado.
CRITICAL (15:57:11): Subsistema creado.
CRITICAL (15:57:11): empieza.
CRITICAL (15:57:12): Original creado.
CRITICAL (15:57:12): Original:
CRITICAL (15:57:12): Candidato creado.
CRITICAL (15:57:12): Subsistema creado.
CRITICAL (15:57:12): empieza.
  k5(QN./KL.)
  # 22/49  BCDEFGHI       / ABCDEFGHIJCRITICAL (15:57:14): Original creado.
CRITICAL (15:57:14): Original:
CRITICAL (15:57:14): Candidato creado.
CRITICAL (15:57:14): Subsistema creado.
  QN2=.CRITICAL (15:57:21): Original creado.
CRITICAL (15:57:21): Original:
CRITICAL (15:57:21): Candidato creado.
CRITICAL (15:57:21): Subsistema creado.
CRITICAL (15:57:21): empieza.
  Geo2=.CRITICAL (15:57:22): Original creado.
CRITICAL (15:57:22): Original:
CRITICAL (15:57:22): Candidato creado.
CRITICAL (15:57:22): Subsistema creado.
CRITICAL (15:57:23): empieza.
CRITICAL (15:57:23): Original creado.
CRITICAL (15:57:23): Original:
CRITICAL (15:57:23): Candidato creado.
CRITICAL (15:57:24): Subsistema creado.
CRITICAL (15:57:24): empieza.
  k3(QN./KL.)CRITICAL (15:57:26): Original creado.
CRITICAL (15:57:26): Original:
CRITICAL (15:57:26): Candidato creado.
CRITICAL (15:57:26): Subsistema creado.
CRITICAL (15:57:26): empieza.
CRITICAL (15:57:27): Original creado.
CRITICAL (15:57:27): Original:
CRITICAL (15:57:28): Candidato creado.
CRITICAL (15:57:28): Subsistema creado.
CRITICAL (15:57:28): empieza.
  k4(QN./KL.)CRITICAL (15:57:31): Original creado.
CRITICAL (15:57:31): Original:
CRITICAL (15:57:31): Candidato creado.
CRITICAL (15:57:31): Subsistema creado.
CRITICAL (15:57:32): empieza.
CRITICAL (15:57:32): Original creado.
CRITICAL (15:57:33): Original:
CRITICAL (15:57:33): Candidato creado.
CRITICAL (15:57:33): Subsistema creado.
CRITICAL (15:57:33): empieza.
  k5(QN./KL.)
  # 23/49  BCDEFGHI       / ABCDEFGHICRITICAL (15:57:43): Original creado.
CRITICAL (15:57:43): Original:
CRITICAL (15:57:43): Candidato creado.
CRITICAL (15:57:43): Subsistema creado.
  QN2=.CRITICAL (15:57:48): Original creado.
CRITICAL (15:57:48): Original:
CRITICAL (15:57:48): Candidato creado.
CRITICAL (15:57:49): Subsistema creado.
CRITICAL (15:57:49): empieza.
  Geo2=.CRITICAL (15:57:49): Original creado.
CRITICAL (15:57:50): Original:
CRITICAL (15:57:50): Candidato creado.
CRITICAL (15:57:50): Subsistema creado.
CRITICAL (15:57:50): empieza.
CRITICAL (15:57:50): Original creado.
CRITICAL (15:57:51): Original:
CRITICAL (15:57:51): Candidato creado.
CRITICAL (15:57:51): Subsistema creado.
CRITICAL (15:57:51): empieza.
  k3(QN./KL.)CRITICAL (15:57:52): Original creado.
CRITICAL (15:57:52): Original:
CRITICAL (15:57:52): Candidato creado.
CRITICAL (15:57:53): Subsistema creado.
CRITICAL (15:57:53): empieza.
CRITICAL (15:57:53): Original creado.
CRITICAL (15:57:54): Original:
CRITICAL (15:57:54): Candidato creado.
CRITICAL (15:57:54): Subsistema creado.
CRITICAL (15:57:54): empieza.
  k4(QN./KL.)CRITICAL (15:57:56): Original creado.
CRITICAL (15:57:56): Original:
CRITICAL (15:57:56): Candidato creado.
CRITICAL (15:57:56): Subsistema creado.
CRITICAL (15:57:56): empieza.
CRITICAL (15:57:57): Original creado.
CRITICAL (15:57:57): Original:
CRITICAL (15:57:57): Candidato creado.
CRITICAL (15:57:58): Subsistema creado.
CRITICAL (15:57:58): empieza.
  k5(QN./KL.)
  # 24/49  BCDEFGHI       / BCDEFGHIJCRITICAL (15:58:01): Original creado.
CRITICAL (15:58:01): Original:
CRITICAL (15:58:01): Candidato creado.
CRITICAL (15:58:02): Subsistema creado.
  QN2=.CRITICAL (15:58:06): Original creado.
CRITICAL (15:58:06): Original:
CRITICAL (15:58:06): Candidato creado.
CRITICAL (15:58:07): Subsistema creado.
CRITICAL (15:58:07): empieza.
  Geo2=.CRITICAL (15:58:07): Original creado.
CRITICAL (15:58:07): Original:
CRITICAL (15:58:08): Candidato creado.
CRITICAL (15:58:08): Subsistema creado.
CRITICAL (15:58:08): empieza.
CRITICAL (15:58:08): Original creado.
CRITICAL (15:58:09): Original:
CRITICAL (15:58:09): Candidato creado.
CRITICAL (15:58:09): Subsistema creado.
CRITICAL (15:58:09): empieza.
  k3(QN./KL.)CRITICAL (15:58:10): Original creado.
CRITICAL (15:58:11): Original:
CRITICAL (15:58:11): Candidato creado.
CRITICAL (15:58:11): Subsistema creado.
CRITICAL (15:58:11): empieza.
CRITICAL (15:58:12): Original creado.
CRITICAL (15:58:12): Original:
CRITICAL (15:58:12): Candidato creado.
CRITICAL (15:58:12): Subsistema creado.
CRITICAL (15:58:12): empieza.
  k4(QN./KL.)CRITICAL (15:58:15): Original creado.
CRITICAL (15:58:15): Original:
CRITICAL (15:58:15): Candidato creado.
CRITICAL (15:58:15): Subsistema creado.
CRITICAL (15:58:15): empieza.
CRITICAL (15:58:16): Original creado.
CRITICAL (15:58:16): Original:
CRITICAL (15:58:16): Candidato creado.
CRITICAL (15:58:16): Subsistema creado.
CRITICAL (15:58:17): empieza.
  k5(QN./KL.)
  # 25/49  BCDEFGHI       / BCDEFGHICRITICAL (15:58:19): Original creado.
CRITICAL (15:58:19): Original:
CRITICAL (15:58:20): Candidato creado.
CRITICAL (15:58:20): Subsistema creado.
  QN2=.CRITICAL (15:58:23): Original creado.
CRITICAL (15:58:24): Original:
CRITICAL (15:58:24): Candidato creado.
CRITICAL (15:58:24): Subsistema creado.
CRITICAL (15:58:24): empieza.
  Geo2=.CRITICAL (15:58:25): Original creado.
CRITICAL (15:58:25): Original:
CRITICAL (15:58:25): Candidato creado.
CRITICAL (15:58:25): Subsistema creado.
CRITICAL (15:58:25): empieza.
CRITICAL (15:58:26): Original creado.
CRITICAL (15:58:26): Original:
CRITICAL (15:58:26): Candidato creado.
CRITICAL (15:58:26): Subsistema creado.
CRITICAL (15:58:27): empieza.
  k3(QN./KL.)CRITICAL (15:58:28): Original creado.
CRITICAL (15:58:28): Original:
CRITICAL (15:58:28): Candidato creado.
CRITICAL (15:58:28): Subsistema creado.
CRITICAL (15:58:28): empieza.
CRITICAL (15:58:29): Original creado.
CRITICAL (15:58:29): Original:
CRITICAL (15:58:29): Candidato creado.
CRITICAL (15:58:29): Subsistema creado.
CRITICAL (15:58:30): empieza.
  k4(QN./KL.)CRITICAL (15:58:31): Original creado.
CRITICAL (15:58:32): Original:
CRITICAL (15:58:32): Candidato creado.
CRITICAL (15:58:32): Subsistema creado.
CRITICAL (15:58:32): empieza.
CRITICAL (15:58:33): Original creado.
CRITICAL (15:58:33): Original:
CRITICAL (15:58:33): Candidato creado.
CRITICAL (15:58:33): Subsistema creado.
CRITICAL (15:58:34): empieza.
  k5(QN./KL.)
  # 26/49  BCDEFGHI       / ABDEGHJCRITICAL (15:58:37): Original creado.
CRITICAL (15:58:37): Original:
CRITICAL (15:58:37): Candidato creado.
CRITICAL (15:58:38): Subsistema creado.
  QN2=.CRITICAL (15:58:40): Original creado.
CRITICAL (15:58:40): Original:
CRITICAL (15:58:41): Candidato creado.
CRITICAL (15:58:41): Subsistema creado.
CRITICAL (15:58:41): empieza.
  Geo2=.CRITICAL (15:58:42): Original creado.
CRITICAL (15:58:42): Original:
CRITICAL (15:58:42): Candidato creado.
CRITICAL (15:58:42): Subsistema creado.
CRITICAL (15:58:42): empieza.
CRITICAL (15:58:43): Original creado.
CRITICAL (15:58:43): Original:
CRITICAL (15:58:43): Candidato creado.
CRITICAL (15:58:43): Subsistema creado.
CRITICAL (15:58:44): empieza.
  k3(QN./KL.)CRITICAL (15:58:45): Original creado.
CRITICAL (15:58:45): Original:
CRITICAL (15:58:45): Candidato creado.
CRITICAL (15:58:45): Subsistema creado.
CRITICAL (15:58:45): empieza.
CRITICAL (15:58:46): Original creado.
CRITICAL (15:58:46): Original:
CRITICAL (15:58:46): Candidato creado.
CRITICAL (15:58:47): Subsistema creado.
CRITICAL (15:58:47): empieza.
  k4(QN./KL.)CRITICAL (15:58:49): Original creado.
CRITICAL (15:58:49): Original:
CRITICAL (15:58:49): Candidato creado.
CRITICAL (15:58:49): Subsistema creado.
CRITICAL (15:58:50): empieza.
CRITICAL (15:58:50): Original creado.
CRITICAL (15:58:50): Original:
CRITICAL (15:58:51): Candidato creado.
CRITICAL (15:58:51): Subsistema creado.
CRITICAL (15:58:51): empieza.
  k5(QN./KL.)
  # 27/49  BCDEFGHI       / ACEGICRITICAL (15:58:54): Original creado.
CRITICAL (15:58:54): Original:
CRITICAL (15:58:55): Candidato creado.
CRITICAL (15:58:55): Subsistema creado.
  QN2=.CRITICAL (15:58:57): Original creado.
CRITICAL (15:58:57): Original:
CRITICAL (15:58:57): Candidato creado.
CRITICAL (15:58:58): Subsistema creado.
CRITICAL (15:58:58): empieza.
  Geo2=.CRITICAL (15:58:58): Original creado.
CRITICAL (15:58:59): Original:
CRITICAL (15:58:59): Candidato creado.
CRITICAL (15:58:59): Subsistema creado.
CRITICAL (15:58:59): empieza.
CRITICAL (15:59:00): Original creado.
CRITICAL (15:59:00): Original:
CRITICAL (15:59:00): Candidato creado.
CRITICAL (15:59:00): Subsistema creado.
CRITICAL (15:59:01): empieza.
  k3(QN./KL.)CRITICAL (15:59:02): Original creado.
CRITICAL (15:59:02): Original:
CRITICAL (15:59:02): Candidato creado.
CRITICAL (15:59:02): Subsistema creado.
CRITICAL (15:59:03): empieza.
CRITICAL (15:59:03): Original creado.
CRITICAL (15:59:03): Original:
CRITICAL (15:59:03): Candidato creado.
CRITICAL (15:59:04): Subsistema creado.
CRITICAL (15:59:04): empieza.
  k4(QN./KL.)CRITICAL (15:59:05): Original creado.
CRITICAL (15:59:06): Original:
CRITICAL (15:59:06): Candidato creado.
CRITICAL (15:59:06): Subsistema creado.
CRITICAL (15:59:06): empieza.
CRITICAL (15:59:07): Original creado.
CRITICAL (15:59:07): Original:
CRITICAL (15:59:07): Candidato creado.
CRITICAL (15:59:08): Subsistema creado.
CRITICAL (15:59:08): empieza.
  k5(QN./KL.)
  # 28/49  BCDEFGHI       / BDFHJCRITICAL (15:59:11): Original creado.
CRITICAL (15:59:11): Original:
CRITICAL (15:59:12): Candidato creado.
CRITICAL (15:59:12): Subsistema creado.
  QN2=.CRITICAL (15:59:13): Original creado.
CRITICAL (15:59:14): Original:
CRITICAL (15:59:14): Candidato creado.
CRITICAL (15:59:14): Subsistema creado.
CRITICAL (15:59:14): empieza.
  Geo2=.CRITICAL (15:59:15): Original creado.
CRITICAL (15:59:15): Original:
CRITICAL (15:59:15): Candidato creado.
CRITICAL (15:59:16): Subsistema creado.
CRITICAL (15:59:16): empieza.
CRITICAL (15:59:16): Original creado.
CRITICAL (15:59:16): Original:
CRITICAL (15:59:17): Candidato creado.
CRITICAL (15:59:17): Subsistema creado.
CRITICAL (15:59:17): empieza.
  k3(QN./KL.)CRITICAL (15:59:18): Original creado.
CRITICAL (15:59:18): Original:
CRITICAL (15:59:19): Candidato creado.
CRITICAL (15:59:19): Subsistema creado.
CRITICAL (15:59:19): empieza.
CRITICAL (15:59:20): Original creado.
CRITICAL (15:59:20): Original:
CRITICAL (15:59:20): Candidato creado.
CRITICAL (15:59:20): Subsistema creado.
CRITICAL (15:59:21): empieza.
  k4(QN./KL.)CRITICAL (15:59:22): Original creado.
CRITICAL (15:59:22): Original:
CRITICAL (15:59:22): Candidato creado.
CRITICAL (15:59:23): Subsistema creado.
CRITICAL (15:59:23): empieza.
CRITICAL (15:59:23): Original creado.
CRITICAL (15:59:24): Original:
CRITICAL (15:59:24): Candidato creado.
CRITICAL (15:59:24): Subsistema creado.
CRITICAL (15:59:24): empieza.
  k5(QN./KL.)
  # 29/49  ABDEGHJ        / ABCDEFGHIJCRITICAL (15:59:26): Original creado.
CRITICAL (15:59:26): Original:
CRITICAL (15:59:26): Candidato creado.
CRITICAL (15:59:27): Subsistema creado.
  QN2=.CRITICAL (15:59:31): Original creado.
CRITICAL (15:59:31): Original:
CRITICAL (15:59:32): Candidato creado.
CRITICAL (15:59:32): Subsistema creado.
CRITICAL (15:59:32): empieza.
  Geo2=.CRITICAL (15:59:33): Original creado.
CRITICAL (15:59:33): Original:
CRITICAL (15:59:33): Candidato creado.
CRITICAL (15:59:34): Subsistema creado.
CRITICAL (15:59:34): empieza.
CRITICAL (15:59:35): Original creado.
CRITICAL (15:59:35): Original:
CRITICAL (15:59:35): Candidato creado.
CRITICAL (15:59:35): Subsistema creado.
CRITICAL (15:59:36): empieza.
  k3(QN./KL.)CRITICAL (15:59:37): Original creado.
CRITICAL (15:59:37): Original:
CRITICAL (15:59:38): Candidato creado.
CRITICAL (15:59:38): Subsistema creado.
CRITICAL (15:59:38): empieza.
CRITICAL (15:59:39): Original creado.
CRITICAL (15:59:39): Original:
CRITICAL (15:59:39): Candidato creado.
CRITICAL (15:59:40): Subsistema creado.
CRITICAL (15:59:40): empieza.
  k4(QN./KL.)CRITICAL (15:59:47): Original creado.
CRITICAL (15:59:47): Original:
CRITICAL (15:59:47): Candidato creado.
CRITICAL (15:59:48): Subsistema creado.
CRITICAL (15:59:48): empieza.
CRITICAL (15:59:49): Original creado.
CRITICAL (15:59:49): Original:
CRITICAL (15:59:49): Candidato creado.
CRITICAL (15:59:50): Subsistema creado.
CRITICAL (15:59:50): empieza.
  k5(QN./KL.)
  # 30/49  ABDEGHJ        / ABCDEFGHICRITICAL (15:59:58): Original creado.
CRITICAL (15:59:58): Original:
CRITICAL (15:59:58): Candidato creado.
CRITICAL (15:59:59): Subsistema creado.
  QN2=.CRITICAL (16:00:03): Original creado.
CRITICAL (16:00:03): Original:
CRITICAL (16:00:03): Candidato creado.
CRITICAL (16:00:03): Subsistema creado.
CRITICAL (16:00:04): empieza.
  Geo2=.CRITICAL (16:00:04): Original creado.
CRITICAL (16:00:05): Original:
CRITICAL (16:00:05): Candidato creado.
CRITICAL (16:00:05): Subsistema creado.
CRITICAL (16:00:06): empieza.
CRITICAL (16:00:06): Original creado.
CRITICAL (16:00:06): Original:
CRITICAL (16:00:07): Candidato creado.
CRITICAL (16:00:07): Subsistema creado.
CRITICAL (16:00:07): empieza.
  k3(QN./KL.)CRITICAL (16:00:08): Original creado.
CRITICAL (16:00:09): Original:
CRITICAL (16:00:09): Candidato creado.
CRITICAL (16:00:09): Subsistema creado.
CRITICAL (16:00:10): empieza.
CRITICAL (16:00:11): Original creado.
CRITICAL (16:00:11): Original:
CRITICAL (16:00:11): Candidato creado.
CRITICAL (16:00:12): Subsistema creado.
CRITICAL (16:00:12): empieza.
  k4(QN./KL.)CRITICAL (16:00:14): Original creado.
CRITICAL (16:00:15): Original:
CRITICAL (16:00:15): Candidato creado.
CRITICAL (16:00:15): Subsistema creado.
CRITICAL (16:00:16): empieza.
CRITICAL (16:00:16): Original creado.
CRITICAL (16:00:17): Original:
CRITICAL (16:00:17): Candidato creado.
CRITICAL (16:00:17): Subsistema creado.
CRITICAL (16:00:18): empieza.
  k5(QN./KL.)
  # 31/49  ABDEGHJ        / BCDEFGHIJCRITICAL (16:00:22): Original creado.
CRITICAL (16:00:22): Original:
CRITICAL (16:00:22): Candidato creado.
CRITICAL (16:00:23): Subsistema creado.
  QN2=.CRITICAL (16:00:27): Original creado.
CRITICAL (16:00:27): Original:
CRITICAL (16:00:27): Candidato creado.
CRITICAL (16:00:28): Subsistema creado.
CRITICAL (16:00:28): empieza.
  Geo2=.CRITICAL (16:00:29): Original creado.
CRITICAL (16:00:29): Original:
CRITICAL (16:00:29): Candidato creado.
CRITICAL (16:00:30): Subsistema creado.
CRITICAL (16:00:30): empieza.
CRITICAL (16:00:31): Original creado.
CRITICAL (16:00:31): Original:
CRITICAL (16:00:31): Candidato creado.
CRITICAL (16:00:32): Subsistema creado.
CRITICAL (16:00:32): empieza.
  k3(QN./KL.)CRITICAL (16:00:33): Original creado.
CRITICAL (16:00:34): Original:
CRITICAL (16:00:34): Candidato creado.
CRITICAL (16:00:35): Subsistema creado.
CRITICAL (16:00:35): empieza.
CRITICAL (16:00:36): Original creado.
CRITICAL (16:00:36): Original:
CRITICAL (16:00:37): Candidato creado.
CRITICAL (16:00:37): Subsistema creado.
CRITICAL (16:00:37): empieza.
  k4(QN./KL.)CRITICAL (16:00:39): Original creado.
CRITICAL (16:00:39): Original:
CRITICAL (16:00:40): Candidato creado.
CRITICAL (16:00:40): Subsistema creado.
CRITICAL (16:00:40): empieza.
CRITICAL (16:00:41): Original creado.
CRITICAL (16:00:42): Original:
CRITICAL (16:00:42): Candidato creado.
CRITICAL (16:00:42): Subsistema creado.
CRITICAL (16:00:43): empieza.
  k5(QN./KL.)
  # 32/49  ABDEGHJ        / BCDEFGHICRITICAL (16:00:45): Original creado.
CRITICAL (16:00:45): Original:
CRITICAL (16:00:45): Candidato creado.
CRITICAL (16:00:46): Subsistema creado.
  QN2=.CRITICAL (16:00:49): Original creado.
CRITICAL (16:00:49): Original:
CRITICAL (16:00:49): Candidato creado.
CRITICAL (16:00:50): Subsistema creado.
CRITICAL (16:00:50): empieza.
  Geo2=.CRITICAL (16:00:51): Original creado.
CRITICAL (16:00:51): Original:
CRITICAL (16:00:51): Candidato creado.
CRITICAL (16:00:52): Subsistema creado.
CRITICAL (16:00:52): empieza.
CRITICAL (16:00:53): Original creado.
CRITICAL (16:00:53): Original:
CRITICAL (16:00:53): Candidato creado.
CRITICAL (16:00:54): Subsistema creado.
CRITICAL (16:00:54): empieza.
  k3(QN./KL.)CRITICAL (16:00:55): Original creado.
CRITICAL (16:00:56): Original:
CRITICAL (16:00:56): Candidato creado.
CRITICAL (16:00:56): Subsistema creado.
CRITICAL (16:00:57): empieza.
CRITICAL (16:00:57): Original creado.
CRITICAL (16:00:58): Original:
CRITICAL (16:00:58): Candidato creado.
CRITICAL (16:00:59): Subsistema creado.
CRITICAL (16:00:59): empieza.
  k4(QN./KL.)CRITICAL (16:01:01): Original creado.
CRITICAL (16:01:01): Original:
CRITICAL (16:01:01): Candidato creado.
CRITICAL (16:01:02): Subsistema creado.
CRITICAL (16:01:02): empieza.
CRITICAL (16:01:03): Original creado.
CRITICAL (16:01:03): Original:
CRITICAL (16:01:03): Candidato creado.
CRITICAL (16:01:04): Subsistema creado.
CRITICAL (16:01:04): empieza.
  k5(QN./KL.)
  # 33/49  ABDEGHJ        / ABDEGHJCRITICAL (16:01:07): Original creado.
CRITICAL (16:01:07): Original:
CRITICAL (16:01:07): Candidato creado.
CRITICAL (16:01:08): Subsistema creado.
  QN2=.CRITICAL (16:01:10): Original creado.
CRITICAL (16:01:10): Original:
CRITICAL (16:01:11): Candidato creado.
CRITICAL (16:01:11): Subsistema creado.
CRITICAL (16:01:11): empieza.
  Geo2=.CRITICAL (16:01:12): Original creado.
CRITICAL (16:01:12): Original:
CRITICAL (16:01:13): Candidato creado.
CRITICAL (16:01:13): Subsistema creado.
CRITICAL (16:01:14): empieza.
CRITICAL (16:01:14): Original creado.
CRITICAL (16:01:15): Original:
CRITICAL (16:01:15): Candidato creado.
CRITICAL (16:01:15): Subsistema creado.
CRITICAL (16:01:16): empieza.
  k3(QN./KL.)CRITICAL (16:01:17): Original creado.
CRITICAL (16:01:17): Original:
CRITICAL (16:01:18): Candidato creado.
CRITICAL (16:01:18): Subsistema creado.
CRITICAL (16:01:18): empieza.
CRITICAL (16:01:19): Original creado.
CRITICAL (16:01:19): Original:
CRITICAL (16:01:20): Candidato creado.
CRITICAL (16:01:20): Subsistema creado.
CRITICAL (16:01:20): empieza.
  k4(QN./KL.)CRITICAL (16:01:22): Original creado.
CRITICAL (16:01:23): Original:
CRITICAL (16:01:23): Candidato creado.
CRITICAL (16:01:23): Subsistema creado.
CRITICAL (16:01:24): empieza.
CRITICAL (16:01:25): Original creado.
CRITICAL (16:01:25): Original:
CRITICAL (16:01:25): Candidato creado.
CRITICAL (16:01:26): Subsistema creado.
CRITICAL (16:01:26): empieza.
  k5(QN./KL.)
  # 34/49  ABDEGHJ        / ACEGICRITICAL (16:01:28): Original creado.
CRITICAL (16:01:29): Original:
CRITICAL (16:01:29): Candidato creado.
CRITICAL (16:01:29): Subsistema creado.
  QN2=.CRITICAL (16:01:31): Original creado.
CRITICAL (16:01:31): Original:
CRITICAL (16:01:32): Candidato creado.
CRITICAL (16:01:32): Subsistema creado.
CRITICAL (16:01:32): empieza.
  Geo2=.CRITICAL (16:01:33): Original creado.
CRITICAL (16:01:34): Original:
CRITICAL (16:01:34): Candidato creado.
CRITICAL (16:01:34): Subsistema creado.
CRITICAL (16:01:35): empieza.
CRITICAL (16:01:35): Original creado.
CRITICAL (16:01:36): Original:
CRITICAL (16:01:36): Candidato creado.
CRITICAL (16:01:37): Subsistema creado.
CRITICAL (16:01:37): empieza.
  k3(QN./KL.)CRITICAL (16:01:38): Original creado.
CRITICAL (16:01:38): Original:
CRITICAL (16:01:39): Candidato creado.
CRITICAL (16:01:39): Subsistema creado.
CRITICAL (16:01:40): empieza.
CRITICAL (16:01:40): Original creado.
CRITICAL (16:01:41): Original:
CRITICAL (16:01:41): Candidato creado.
CRITICAL (16:01:42): Subsistema creado.
CRITICAL (16:01:42): empieza.
  k4(QN./KL.)CRITICAL (16:01:43): Original creado.
CRITICAL (16:01:44): Original:
CRITICAL (16:01:44): Candidato creado.
CRITICAL (16:01:45): Subsistema creado.
CRITICAL (16:01:45): empieza.
CRITICAL (16:01:46): Original creado.
CRITICAL (16:01:46): Original:
CRITICAL (16:01:47): Candidato creado.
CRITICAL (16:01:47): Subsistema creado.
CRITICAL (16:01:48): empieza.
  k5(QN./KL.)
  # 35/49  ABDEGHJ        / BDFHJCRITICAL (16:01:49): Original creado.
CRITICAL (16:01:50): Original:
CRITICAL (16:01:50): Candidato creado.
CRITICAL (16:01:51): Subsistema creado.
  QN2=.CRITICAL (16:01:52): Original creado.
CRITICAL (16:01:53): Original:
CRITICAL (16:01:53): Candidato creado.
CRITICAL (16:01:53): Subsistema creado.
CRITICAL (16:01:54): empieza.
  Geo2=.CRITICAL (16:01:55): Original creado.
CRITICAL (16:01:55): Original:
CRITICAL (16:01:55): Candidato creado.
CRITICAL (16:01:56): Subsistema creado.
CRITICAL (16:01:56): empieza.
CRITICAL (16:01:57): Original creado.
CRITICAL (16:01:57): Original:
CRITICAL (16:01:58): Candidato creado.
CRITICAL (16:01:58): Subsistema creado.
CRITICAL (16:01:59): empieza.
  k3(QN./KL.)CRITICAL (16:02:00): Original creado.
CRITICAL (16:02:00): Original:
CRITICAL (16:02:00): Candidato creado.
CRITICAL (16:02:01): Subsistema creado.
CRITICAL (16:02:01): empieza.
CRITICAL (16:02:02): Original creado.
CRITICAL (16:02:02): Original:
CRITICAL (16:02:03): Candidato creado.
CRITICAL (16:02:03): Subsistema creado.
CRITICAL (16:02:04): empieza.
  k4(QN./KL.)CRITICAL (16:02:05): Original creado.
CRITICAL (16:02:06): Original:
CRITICAL (16:02:06): Candidato creado.
CRITICAL (16:02:07): Subsistema creado.
CRITICAL (16:02:07): empieza.
CRITICAL (16:02:08): Original creado.
CRITICAL (16:02:08): Original:
CRITICAL (16:02:09): Candidato creado.
CRITICAL (16:02:09): Subsistema creado.
CRITICAL (16:02:10): empieza.
  k5(QN./KL.)
  # 36/49  ACEGI          / ABCDEFGHIJCRITICAL (16:02:12): Original creado.
CRITICAL (16:02:12): Original:
CRITICAL (16:02:13): Candidato creado.
CRITICAL (16:02:13): Subsistema creado.
  QN2=.CRITICAL (16:02:16): Original creado.
CRITICAL (16:02:16): Original:
CRITICAL (16:02:17): Candidato creado.
CRITICAL (16:02:17): Subsistema creado.
CRITICAL (16:02:18): empieza.
  Geo2=.CRITICAL (16:02:19): Original creado.
CRITICAL (16:02:19): Original:
CRITICAL (16:02:20): Candidato creado.
CRITICAL (16:02:21): Subsistema creado.
CRITICAL (16:02:21): empieza.
CRITICAL (16:02:22): Original creado.
CRITICAL (16:02:23): Original:
CRITICAL (16:02:23): Candidato creado.
CRITICAL (16:02:24): Subsistema creado.
CRITICAL (16:02:24): empieza.
  k3(QN./KL.)CRITICAL (16:02:26): Original creado.
CRITICAL (16:02:26): Original:
CRITICAL (16:02:27): Candidato creado.
CRITICAL (16:02:27): Subsistema creado.
CRITICAL (16:02:28): empieza.
CRITICAL (16:02:29): Original creado.
CRITICAL (16:02:29): Original:
CRITICAL (16:02:30): Candidato creado.
CRITICAL (16:02:30): Subsistema creado.
CRITICAL (16:02:30): empieza.
  k4(QN./KL.)CRITICAL (16:02:35): Original creado.
CRITICAL (16:02:35): Original:
CRITICAL (16:02:36): Candidato creado.
CRITICAL (16:02:36): Subsistema creado.
CRITICAL (16:02:36): empieza.
CRITICAL (16:02:37): Original creado.
CRITICAL (16:02:38): Original:
CRITICAL (16:02:38): Candidato creado.
CRITICAL (16:02:39): Subsistema creado.
CRITICAL (16:02:39): empieza.
  k5(QN./KL.)
  # 37/49  ACEGI          / ABCDEFGHICRITICAL (16:02:42): Original creado.
CRITICAL (16:02:43): Original:
CRITICAL (16:02:43): Candidato creado.
CRITICAL (16:02:44): Subsistema creado.
  QN2=.CRITICAL (16:02:46): Original creado.
CRITICAL (16:02:46): Original:
CRITICAL (16:02:47): Candidato creado.
CRITICAL (16:02:47): Subsistema creado.
CRITICAL (16:02:48): empieza.
  Geo2=.CRITICAL (16:02:49): Original creado.
CRITICAL (16:02:49): Original:
CRITICAL (16:02:50): Candidato creado.
CRITICAL (16:02:50): Subsistema creado.
CRITICAL (16:02:51): empieza.
CRITICAL (16:02:51): Original creado.
CRITICAL (16:02:52): Original:
CRITICAL (16:02:52): Candidato creado.
CRITICAL (16:02:53): Subsistema creado.
CRITICAL (16:02:53): empieza.
  k3(QN./KL.)CRITICAL (16:02:54): Original creado.
CRITICAL (16:02:55): Original:
CRITICAL (16:02:55): Candidato creado.
CRITICAL (16:02:56): Subsistema creado.
CRITICAL (16:02:56): empieza.
CRITICAL (16:02:57): Original creado.
CRITICAL (16:02:57): Original:
CRITICAL (16:02:58): Candidato creado.
CRITICAL (16:02:58): Subsistema creado.
CRITICAL (16:02:59): empieza.
  k4(QN./KL.)CRITICAL (16:03:00): Original creado.
CRITICAL (16:03:01): Original:
CRITICAL (16:03:01): Candidato creado.
CRITICAL (16:03:02): Subsistema creado.
CRITICAL (16:03:02): empieza.
CRITICAL (16:03:03): Original creado.
CRITICAL (16:03:04): Original:
CRITICAL (16:03:04): Candidato creado.
CRITICAL (16:03:04): Subsistema creado.
CRITICAL (16:03:05): empieza.
  k5(QN./KL.)
  # 38/49  ACEGI          / BCDEFGHIJCRITICAL (16:03:07): Original creado.
CRITICAL (16:03:07): Original:
CRITICAL (16:03:08): Candidato creado.
CRITICAL (16:03:08): Subsistema creado.
  QN2=.CRITICAL (16:03:11): Original creado.
CRITICAL (16:03:11): Original:
CRITICAL (16:03:12): Candidato creado.
CRITICAL (16:03:12): Subsistema creado.
CRITICAL (16:03:12): empieza.
  Geo2=.CRITICAL (16:03:13): Original creado.
CRITICAL (16:03:14): Original:
CRITICAL (16:03:14): Candidato creado.
CRITICAL (16:03:15): Subsistema creado.
CRITICAL (16:03:15): empieza.
CRITICAL (16:03:16): Original creado.
CRITICAL (16:03:17): Original:
CRITICAL (16:03:17): Candidato creado.
CRITICAL (16:03:18): Subsistema creado.
CRITICAL (16:03:18): empieza.
  k3(QN./KL.)CRITICAL (16:03:19): Original creado.
CRITICAL (16:03:20): Original:
CRITICAL (16:03:20): Candidato creado.
CRITICAL (16:03:21): Subsistema creado.
CRITICAL (16:03:21): empieza.
CRITICAL (16:03:22): Original creado.
CRITICAL (16:03:23): Original:
CRITICAL (16:03:23): Candidato creado.
CRITICAL (16:03:24): Subsistema creado.
CRITICAL (16:03:24): empieza.
  k4(QN./KL.)CRITICAL (16:03:26): Original creado.
CRITICAL (16:03:26): Original:
CRITICAL (16:03:27): Candidato creado.
CRITICAL (16:03:27): Subsistema creado.
CRITICAL (16:03:28): empieza.
CRITICAL (16:03:29): Original creado.
CRITICAL (16:03:29): Original:
CRITICAL (16:03:30): Candidato creado.
CRITICAL (16:03:30): Subsistema creado.
CRITICAL (16:03:31): empieza.
  k5(QN./KL.)
  # 39/49  ACEGI          / BCDEFGHICRITICAL (16:03:33): Original creado.
CRITICAL (16:03:33): Original:
CRITICAL (16:03:34): Candidato creado.
CRITICAL (16:03:34): Subsistema creado.
  QN2=.CRITICAL (16:03:36): Original creado.
CRITICAL (16:03:37): Original:
CRITICAL (16:03:37): Candidato creado.
CRITICAL (16:03:38): Subsistema creado.
CRITICAL (16:03:38): empieza.
  Geo2=.CRITICAL (16:03:39): Original creado.
CRITICAL (16:03:40): Original:
CRITICAL (16:03:40): Candidato creado.
CRITICAL (16:03:41): Subsistema creado.
CRITICAL (16:03:41): empieza.
CRITICAL (16:03:42): Original creado.
CRITICAL (16:03:42): Original:
CRITICAL (16:03:43): Candidato creado.
CRITICAL (16:03:44): Subsistema creado.
CRITICAL (16:03:44): empieza.
  k3(QN./KL.)CRITICAL (16:03:45): Original creado.
CRITICAL (16:03:46): Original:
CRITICAL (16:03:46): Candidato creado.
CRITICAL (16:03:47): Subsistema creado.
CRITICAL (16:03:47): empieza.
CRITICAL (16:03:48): Original creado.
CRITICAL (16:03:49): Original:
CRITICAL (16:03:49): Candidato creado.
CRITICAL (16:03:50): Subsistema creado.
CRITICAL (16:03:50): empieza.
  k4(QN./KL.)CRITICAL (16:03:52): Original creado.
CRITICAL (16:03:52): Original:
CRITICAL (16:03:53): Candidato creado.
CRITICAL (16:03:53): Subsistema creado.
CRITICAL (16:03:54): empieza.
CRITICAL (16:03:55): Original creado.
CRITICAL (16:03:55): Original:
CRITICAL (16:03:56): Candidato creado.
CRITICAL (16:03:56): Subsistema creado.
CRITICAL (16:03:57): empieza.
  k5(QN./KL.)
  # 40/49  ACEGI          / ABDEGHJCRITICAL (16:04:00): Original creado.
CRITICAL (16:04:00): Original:
CRITICAL (16:04:01): Candidato creado.
CRITICAL (16:04:01): Subsistema creado.
  QN2=.CRITICAL (16:04:03): Original creado.
CRITICAL (16:04:04): Original:
CRITICAL (16:04:04): Candidato creado.
CRITICAL (16:04:05): Subsistema creado.
CRITICAL (16:04:05): empieza.
  Geo2=.CRITICAL (16:04:06): Original creado.
CRITICAL (16:04:06): Original:
CRITICAL (16:04:07): Candidato creado.
CRITICAL (16:04:08): Subsistema creado.
CRITICAL (16:04:08): empieza.
CRITICAL (16:04:09): Original creado.
CRITICAL (16:04:09): Original:
CRITICAL (16:04:10): Candidato creado.
CRITICAL (16:04:10): Subsistema creado.
CRITICAL (16:04:11): empieza.
  k3(QN./KL.)CRITICAL (16:04:12): Original creado.
CRITICAL (16:04:13): Original:
CRITICAL (16:04:13): Candidato creado.
CRITICAL (16:04:14): Subsistema creado.
CRITICAL (16:04:14): empieza.
CRITICAL (16:04:15): Original creado.
CRITICAL (16:04:16): Original:
CRITICAL (16:04:16): Candidato creado.
CRITICAL (16:04:17): Subsistema creado.
CRITICAL (16:04:18): empieza.
  k4(QN./KL.)CRITICAL (16:04:19): Original creado.
CRITICAL (16:04:20): Original:
CRITICAL (16:04:20): Candidato creado.
CRITICAL (16:04:21): Subsistema creado.
CRITICAL (16:04:21): empieza.
CRITICAL (16:04:22): Original creado.
CRITICAL (16:04:23): Original:
CRITICAL (16:04:23): Candidato creado.
CRITICAL (16:04:24): Subsistema creado.
CRITICAL (16:04:24): empieza.
  k5(QN./KL.)
  # 41/49  ACEGI          / ACEGICRITICAL (16:04:27): Original creado.
CRITICAL (16:04:28): Original:
CRITICAL (16:04:28): Candidato creado.
CRITICAL (16:04:29): Subsistema creado.
  QN2=.CRITICAL (16:04:30): Original creado.
CRITICAL (16:04:30): Original:
CRITICAL (16:04:31): Candidato creado.
CRITICAL (16:04:32): Subsistema creado.
CRITICAL (16:04:32): empieza.
  Geo2=.CRITICAL (16:04:33): Original creado.
CRITICAL (16:04:34): Original:
CRITICAL (16:04:34): Candidato creado.
CRITICAL (16:04:35): Subsistema creado.
CRITICAL (16:04:35): empieza.
CRITICAL (16:04:36): Original creado.
CRITICAL (16:04:37): Original:
CRITICAL (16:04:37): Candidato creado.
CRITICAL (16:04:38): Subsistema creado.
CRITICAL (16:04:38): empieza.
  k3(QN./KL.)CRITICAL (16:04:40): Original creado.
CRITICAL (16:04:40): Original:
CRITICAL (16:04:41): Candidato creado.
CRITICAL (16:04:41): Subsistema creado.
CRITICAL (16:04:42): empieza.
CRITICAL (16:04:43): Original creado.
CRITICAL (16:04:43): Original:
CRITICAL (16:04:44): Candidato creado.
CRITICAL (16:04:45): Subsistema creado.
CRITICAL (16:04:45): empieza.
  k4(QN./KL.)CRITICAL (16:04:46): Original creado.
CRITICAL (16:04:47): Original:
CRITICAL (16:04:47): Candidato creado.
CRITICAL (16:04:48): Subsistema creado.
CRITICAL (16:04:49): empieza.
CRITICAL (16:04:49): Original creado.
CRITICAL (16:04:50): Original:
CRITICAL (16:04:51): Candidato creado.
CRITICAL (16:04:51): Subsistema creado.
CRITICAL (16:04:52): empieza.
  k5(QN./KL.)
  # 42/49  ACEGI          / BDFHJCRITICAL (16:04:54): Original creado.
CRITICAL (16:04:54): Original:
CRITICAL (16:04:55): Candidato creado.
CRITICAL (16:04:56): Subsistema creado.
  QN2=.CRITICAL (16:04:57): Original creado.
CRITICAL (16:04:57): Original:
CRITICAL (16:04:58): Candidato creado.
CRITICAL (16:04:59): Subsistema creado.
CRITICAL (16:04:59): empieza.
  Geo2=.CRITICAL (16:05:00): Original creado.
CRITICAL (16:05:01): Original:
CRITICAL (16:05:01): Candidato creado.
CRITICAL (16:05:02): Subsistema creado.
CRITICAL (16:05:03): empieza.
CRITICAL (16:05:03): Original creado.
CRITICAL (16:05:04): Original:
CRITICAL (16:05:05): Candidato creado.
CRITICAL (16:05:05): Subsistema creado.
CRITICAL (16:05:06): empieza.
  k3(QN./KL.)CRITICAL (16:05:07): Original creado.
CRITICAL (16:05:08): Original:
CRITICAL (16:05:08): Candidato creado.
CRITICAL (16:05:09): Subsistema creado.
CRITICAL (16:05:09): empieza.
CRITICAL (16:05:10): Original creado.
CRITICAL (16:05:11): Original:
CRITICAL (16:05:12): Candidato creado.
CRITICAL (16:05:12): Subsistema creado.
CRITICAL (16:05:13): empieza.
  k4(QN./KL.)CRITICAL (16:05:14): Original creado.
CRITICAL (16:05:15): Original:
CRITICAL (16:05:15): Candidato creado.
CRITICAL (16:05:16): Subsistema creado.
CRITICAL (16:05:17): empieza.
CRITICAL (16:05:18): Original creado.
CRITICAL (16:05:18): Original:
CRITICAL (16:05:19): Candidato creado.
CRITICAL (16:05:20): Subsistema creado.
CRITICAL (16:05:21): empieza.
  k5(QN./KL.)
  # 43/49  BDFHJ          / ABCDEFGHIJCRITICAL (16:05:22): Original creado.
CRITICAL (16:05:23): Original:
CRITICAL (16:05:24): Candidato creado.
CRITICAL (16:05:24): Subsistema creado.
  QN2=.CRITICAL (16:05:27): Original creado.
CRITICAL (16:05:28): Original:
CRITICAL (16:05:29): Candidato creado.
CRITICAL (16:05:29): Subsistema creado.
CRITICAL (16:05:30): empieza.
  Geo2=.CRITICAL (16:05:31): Original creado.
CRITICAL (16:05:32): Original:
CRITICAL (16:05:32): Candidato creado.
CRITICAL (16:05:33): Subsistema creado.
CRITICAL (16:05:34): empieza.
CRITICAL (16:05:35): Original creado.
CRITICAL (16:05:36): Original:
CRITICAL (16:05:36): Candidato creado.
CRITICAL (16:05:37): Subsistema creado.
CRITICAL (16:05:38): empieza.
  k3(QN./KL.)CRITICAL (16:05:39): Original creado.
CRITICAL (16:05:40): Original:
CRITICAL (16:05:41): Candidato creado.
CRITICAL (16:05:41): Subsistema creado.
CRITICAL (16:05:42): empieza.
CRITICAL (16:05:44): Original creado.
CRITICAL (16:05:44): Original:
CRITICAL (16:05:45): Candidato creado.
CRITICAL (16:05:46): Subsistema creado.
CRITICAL (16:05:46): empieza.
  k4(QN./KL.)CRITICAL (16:05:50): Original creado.
CRITICAL (16:05:51): Original:
CRITICAL (16:05:52): Candidato creado.
CRITICAL (16:05:52): Subsistema creado.
CRITICAL (16:05:53): empieza.
CRITICAL (16:05:54): Original creado.
CRITICAL (16:05:55): Original:
CRITICAL (16:05:56): Candidato creado.
CRITICAL (16:05:56): Subsistema creado.
CRITICAL (16:05:57): empieza.
  k5(QN./KL.)
  # 44/49  BDFHJ          / ABCDEFGHICRITICAL (16:06:00): Original creado.
CRITICAL (16:06:00): Original:
CRITICAL (16:06:01): Candidato creado.
CRITICAL (16:06:02): Subsistema creado.
  QN2=.CRITICAL (16:06:04): Original creado.
CRITICAL (16:06:05): Original:
CRITICAL (16:06:05): Candidato creado.
CRITICAL (16:06:06): Subsistema creado.
CRITICAL (16:06:07): empieza.
  Geo2=.CRITICAL (16:06:08): Original creado.
CRITICAL (16:06:08): Original:
CRITICAL (16:06:09): Candidato creado.
CRITICAL (16:06:10): Subsistema creado.
CRITICAL (16:06:11): empieza.
CRITICAL (16:06:12): Original creado.
CRITICAL (16:06:12): Original:
CRITICAL (16:06:13): Candidato creado.
CRITICAL (16:06:14): Subsistema creado.
CRITICAL (16:06:14): empieza.
  k3(QN./KL.)CRITICAL (16:06:16): Original creado.
CRITICAL (16:06:16): Original:
CRITICAL (16:06:17): Candidato creado.
CRITICAL (16:06:18): Subsistema creado.
CRITICAL (16:06:18): empieza.
CRITICAL (16:06:20): Original creado.
CRITICAL (16:06:20): Original:
CRITICAL (16:06:21): Candidato creado.
CRITICAL (16:06:22): Subsistema creado.
CRITICAL (16:06:22): empieza.
  k4(QN./KL.)CRITICAL (16:06:24): Original creado.
CRITICAL (16:06:24): Original:
CRITICAL (16:06:25): Candidato creado.
CRITICAL (16:06:25): Subsistema creado.
CRITICAL (16:06:26): empieza.
CRITICAL (16:06:27): Original creado.
CRITICAL (16:06:28): Original:
CRITICAL (16:06:29): Candidato creado.
CRITICAL (16:06:29): Subsistema creado.
CRITICAL (16:06:30): empieza.
  k5(QN./KL.)
  # 45/49  BDFHJ          / BCDEFGHIJCRITICAL (16:06:33): Original creado.
CRITICAL (16:06:33): Original:
CRITICAL (16:06:34): Candidato creado.
CRITICAL (16:06:35): Subsistema creado.
  QN2=.CRITICAL (16:06:37): Original creado.
CRITICAL (16:06:38): Original:
CRITICAL (16:06:39): Candidato creado.
CRITICAL (16:06:39): Subsistema creado.
CRITICAL (16:06:40): empieza.
  Geo2=.CRITICAL (16:06:41): Original creado.
CRITICAL (16:06:42): Original:
CRITICAL (16:06:43): Candidato creado.
CRITICAL (16:06:44): Subsistema creado.
CRITICAL (16:06:44): empieza.
CRITICAL (16:06:45): Original creado.
CRITICAL (16:06:46): Original:
CRITICAL (16:06:47): Candidato creado.
CRITICAL (16:06:48): Subsistema creado.
CRITICAL (16:06:48): empieza.
  k3(QN./KL.)CRITICAL (16:06:50): Original creado.
CRITICAL (16:06:51): Original:
CRITICAL (16:06:51): Candidato creado.
CRITICAL (16:06:52): Subsistema creado.
CRITICAL (16:06:53): empieza.
CRITICAL (16:06:54): Original creado.
CRITICAL (16:06:55): Original:
CRITICAL (16:06:56): Candidato creado.
CRITICAL (16:06:56): Subsistema creado.
CRITICAL (16:06:57): empieza.
  k4(QN./KL.)CRITICAL (16:06:59): Original creado.
CRITICAL (16:07:00): Original:
CRITICAL (16:07:01): Candidato creado.
CRITICAL (16:07:01): Subsistema creado.
CRITICAL (16:07:02): empieza.
CRITICAL (16:07:03): Original creado.
CRITICAL (16:07:04): Original:
CRITICAL (16:07:05): Candidato creado.
CRITICAL (16:07:06): Subsistema creado.
CRITICAL (16:07:06): empieza.
  k5(QN./KL.)
  # 46/49  BDFHJ          / BCDEFGHICRITICAL (16:07:09): Original creado.
CRITICAL (16:07:10): Original:
CRITICAL (16:07:11): Candidato creado.
CRITICAL (16:07:12): Subsistema creado.
  QN2=.CRITICAL (16:07:14): Original creado.
CRITICAL (16:07:15): Original:
CRITICAL (16:07:16): Candidato creado.
CRITICAL (16:07:16): Subsistema creado.
CRITICAL (16:07:17): empieza.
  Geo2=.CRITICAL (16:07:18): Original creado.
CRITICAL (16:07:19): Original:
CRITICAL (16:07:20): Candidato creado.
CRITICAL (16:07:21): Subsistema creado.
CRITICAL (16:07:22): empieza.
CRITICAL (16:07:23): Original creado.
CRITICAL (16:07:24): Original:
CRITICAL (16:07:24): Candidato creado.
CRITICAL (16:07:25): Subsistema creado.
CRITICAL (16:07:26): empieza.
  k3(QN./KL.)CRITICAL (16:07:27): Original creado.
CRITICAL (16:07:28): Original:
CRITICAL (16:07:29): Candidato creado.
CRITICAL (16:07:29): Subsistema creado.
CRITICAL (16:07:30): empieza.
CRITICAL (16:07:31): Original creado.
CRITICAL (16:07:32): Original:
CRITICAL (16:07:33): Candidato creado.
CRITICAL (16:07:34): Subsistema creado.
CRITICAL (16:07:34): empieza.
  k4(QN./KL.)CRITICAL (16:07:36): Original creado.
CRITICAL (16:07:37): Original:
CRITICAL (16:07:38): Candidato creado.
CRITICAL (16:07:39): Subsistema creado.
CRITICAL (16:07:39): empieza.
CRITICAL (16:07:41): Original creado.
CRITICAL (16:07:41): Original:
CRITICAL (16:07:42): Candidato creado.
CRITICAL (16:07:43): Subsistema creado.
CRITICAL (16:07:44): empieza.
  k5(QN./KL.)
  # 47/49  BDFHJ          / ABDEGHJCRITICAL (16:07:47): Original creado.
CRITICAL (16:07:47): Original:
CRITICAL (16:07:48): Candidato creado.
CRITICAL (16:07:49): Subsistema creado.
  QN2=.CRITICAL (16:07:51): Original creado.
CRITICAL (16:07:52): Original:
CRITICAL (16:07:52): Candidato creado.
CRITICAL (16:07:53): Subsistema creado.
CRITICAL (16:07:54): empieza.
  Geo2=.CRITICAL (16:07:55): Original creado.
CRITICAL (16:07:56): Original:
CRITICAL (16:07:56): Candidato creado.
CRITICAL (16:07:57): Subsistema creado.
CRITICAL (16:07:58): empieza.
CRITICAL (16:07:59): Original creado.
CRITICAL (16:08:00): Original:
CRITICAL (16:08:00): Candidato creado.
CRITICAL (16:08:01): Subsistema creado.
CRITICAL (16:08:02): empieza.
  k3(QN./KL.)CRITICAL (16:08:03): Original creado.
CRITICAL (16:08:04): Original:
CRITICAL (16:08:05): Candidato creado.
CRITICAL (16:08:06): Subsistema creado.
CRITICAL (16:08:06): empieza.
CRITICAL (16:08:07): Original creado.
CRITICAL (16:08:08): Original:
CRITICAL (16:08:09): Candidato creado.
CRITICAL (16:08:10): Subsistema creado.
CRITICAL (16:08:11): empieza.
  k4(QN./KL.)CRITICAL (16:08:13): Original creado.
CRITICAL (16:08:13): Original:
CRITICAL (16:08:14): Candidato creado.
CRITICAL (16:08:15): Subsistema creado.
CRITICAL (16:08:15): empieza.
CRITICAL (16:08:16): Original creado.
CRITICAL (16:08:17): Original:
CRITICAL (16:08:18): Candidato creado.
CRITICAL (16:08:19): Subsistema creado.
CRITICAL (16:08:19): empieza.
  k5(QN./KL.)
  # 48/49  BDFHJ          / ACEGICRITICAL (16:08:23): Original creado.
CRITICAL (16:08:24): Original:
CRITICAL (16:08:24): Candidato creado.
CRITICAL (16:08:25): Subsistema creado.
  QN2=.CRITICAL (16:08:27): Original creado.
CRITICAL (16:08:27): Original:
CRITICAL (16:08:28): Candidato creado.
CRITICAL (16:08:29): Subsistema creado.
CRITICAL (16:08:30): empieza.
  Geo2=.CRITICAL (16:08:31): Original creado.
CRITICAL (16:08:31): Original:
CRITICAL (16:08:32): Candidato creado.
CRITICAL (16:08:33): Subsistema creado.
CRITICAL (16:08:34): empieza.
CRITICAL (16:08:35): Original creado.
CRITICAL (16:08:35): Original:
CRITICAL (16:08:36): Candidato creado.
CRITICAL (16:08:37): Subsistema creado.
CRITICAL (16:08:38): empieza.
  k3(QN./KL.)CRITICAL (16:08:39): Original creado.
CRITICAL (16:08:40): Original:
CRITICAL (16:08:41): Candidato creado.
CRITICAL (16:08:41): Subsistema creado.
CRITICAL (16:08:42): empieza.
CRITICAL (16:08:43): Original creado.
CRITICAL (16:08:44): Original:
CRITICAL (16:08:44): Candidato creado.
CRITICAL (16:08:45): Subsistema creado.
CRITICAL (16:08:46): empieza.
  k4(QN./KL.)CRITICAL (16:08:47): Original creado.
CRITICAL (16:08:48): Original:
CRITICAL (16:08:49): Candidato creado.
CRITICAL (16:08:50): Subsistema creado.
CRITICAL (16:08:51): empieza.
CRITICAL (16:08:52): Original creado.
CRITICAL (16:08:53): Original:
CRITICAL (16:08:53): Candidato creado.
CRITICAL (16:08:54): Subsistema creado.
CRITICAL (16:08:55): empieza.
  k5(QN./KL.)
  # 49/49  BDFHJ          / BDFHJCRITICAL (16:08:59): Original creado.
CRITICAL (16:08:59): Original:
CRITICAL (16:09:00): Candidato creado.
CRITICAL (16:09:01): Subsistema creado.
  QN2=.CRITICAL (16:09:02): Original creado.
CRITICAL (16:09:03): Original:
CRITICAL (16:09:04): Candidato creado.
CRITICAL (16:09:04): Subsistema creado.
CRITICAL (16:09:05): empieza.
  Geo2=.CRITICAL (16:09:06): Original creado.
CRITICAL (16:09:07): Original:
CRITICAL (16:09:08): Candidato creado.
CRITICAL (16:09:08): Subsistema creado.
CRITICAL (16:09:09): empieza.
CRITICAL (16:09:10): Original creado.
CRITICAL (16:09:11): Original:
CRITICAL (16:09:12): Candidato creado.
CRITICAL (16:09:12): Subsistema creado.
CRITICAL (16:09:13): empieza.
  k3(QN./KL.)CRITICAL (16:09:14): Original creado.
CRITICAL (16:09:15): Original:
CRITICAL (16:09:16): Candidato creado.
CRITICAL (16:09:17): Subsistema creado.
CRITICAL (16:09:17): empieza.
CRITICAL (16:09:19): Original creado.
CRITICAL (16:09:19): Original:
CRITICAL (16:09:20): Candidato creado.
CRITICAL (16:09:21): Subsistema creado.
CRITICAL (16:09:22): empieza.
  k4(QN./KL.)CRITICAL (16:09:23): Original creado.
CRITICAL (16:09:24): Original:
CRITICAL (16:09:25): Candidato creado.
CRITICAL (16:09:25): Subsistema creado.
CRITICAL (16:09:26): empieza.
CRITICAL (16:09:27): Original creado.
CRITICAL (16:09:28): Original:
CRITICAL (16:09:29): Candidato creado.
CRITICAL (16:09:30): Subsistema creado.
CRITICAL (16:09:31): empieza.
  k5(QN./KL.)
  n=10 completado: 49 filas

=================================================================
n=15  TPM=N15A.csv  casos=50  timeout=300s/estrategia
=================================================================
  #  1/50  ABCDEFGHIJKLMN / ABCDEFGHIJKLMNCRITICAL (16:09:34): Original creado.
CRITICAL (16:09:35): Original:
CRITICAL (16:09:36): Candidato creado.
CRITICAL (16:09:36): Subsistema creado.
  QN2=.CRITICAL (16:11:25): Original creado.
CRITICAL (16:11:26): Original:
CRITICAL (16:11:27): Candidato creado.
CRITICAL (16:11:28): Subsistema creado.
CRITICAL (16:11:29): empieza.
  Geo2=.CRITICAL (16:11:46): Original creado.
CRITICAL (16:11:46): Original:
CRITICAL (16:11:47): Candidato creado.
CRITICAL (16:11:48): Subsistema creado.
CRITICAL (16:11:49): empieza.
CRITICAL (16:12:06): Original creado.
CRITICAL (16:12:07): Original:
CRITICAL (16:12:07): Candidato creado.
CRITICAL (16:12:08): Subsistema creado.
CRITICAL (16:12:09): empieza.
  k3(QN./KL.)CRITICAL (16:12:27): Original creado.
CRITICAL (16:12:28): Original:
CRITICAL (16:12:29): Candidato creado.
CRITICAL (16:12:29): Subsistema creado.
CRITICAL (16:12:30): empieza.
CRITICAL (16:12:48): Original creado.
CRITICAL (16:12:49): Original:
CRITICAL (16:12:50): Candidato creado.
CRITICAL (16:12:51): Subsistema creado.
CRITICAL (16:12:52): empieza.
  k4(QN./KL.)CRITICAL (16:13:10): Original creado.
CRITICAL (16:13:11): Original:
CRITICAL (16:13:12): Candidato creado.
CRITICAL (16:13:13): Subsistema creado.
CRITICAL (16:13:14): empieza.
CRITICAL (16:13:31): Original creado.
CRITICAL (16:13:32): Original:
CRITICAL (16:13:33): Candidato creado.
CRITICAL (16:13:34): Subsistema creado.
CRITICAL (16:13:35): empieza.
  k5(QN./KL.)
  #  2/50  ABCDEFGHIJKLMN / ABCDEFGHIJKLMNCRITICAL (16:13:55): Original creado.
CRITICAL (16:13:56): Original:
CRITICAL (16:13:57): Candidato creado.
CRITICAL (16:13:57): Subsistema creado.
  QN2=.CRITICAL (16:15:01): Original creado.
CRITICAL (16:15:02): Original:
CRITICAL (16:15:03): Candidato creado.
CRITICAL (16:15:04): Subsistema creado.
CRITICAL (16:15:04): empieza.
  Geo2=.CRITICAL (16:15:13): Original creado.
CRITICAL (16:15:14): Original:
CRITICAL (16:15:15): Candidato creado.
CRITICAL (16:15:15): Subsistema creado.
CRITICAL (16:15:16): empieza.
CRITICAL (16:15:25): Original creado.
CRITICAL (16:15:26): Original:
CRITICAL (16:15:27): Candidato creado.
CRITICAL (16:15:27): Subsistema creado.
CRITICAL (16:15:28): empieza.
  k3(QN./KL.)CRITICAL (16:15:38): Original creado.
CRITICAL (16:15:39): Original:
CRITICAL (16:15:39): Candidato creado.
CRITICAL (16:15:40): Subsistema creado.
CRITICAL (16:15:41): empieza.
CRITICAL (16:15:50): Original creado.
CRITICAL (16:15:51): Original:
CRITICAL (16:15:52): Candidato creado.
CRITICAL (16:15:53): Subsistema creado.
CRITICAL (16:15:53): empieza.
  k4(QN./KL.)CRITICAL (16:16:03): Original creado.
CRITICAL (16:16:04): Original:
CRITICAL (16:16:05): Candidato creado.
CRITICAL (16:16:06): Subsistema creado.
CRITICAL (16:16:07): empieza.
CRITICAL (16:16:16): Original creado.
CRITICAL (16:16:17): Original:
CRITICAL (16:16:18): Candidato creado.
CRITICAL (16:16:19): Subsistema creado.
CRITICAL (16:16:19): empieza.
  k5(QN./KL.)
  #  3/50  ABCDEFGHIJKLMN / BCDEFGHIJKLMNOCRITICAL (16:16:31): Original creado.
CRITICAL (16:16:32): Original:
CRITICAL (16:16:32): Candidato creado.
CRITICAL (16:16:33): Subsistema creado.
  QN2=.CRITICAL (16:17:34): Original creado.
CRITICAL (16:17:35): Original:
CRITICAL (16:17:35): Candidato creado.
CRITICAL (16:17:36): Subsistema creado.
CRITICAL (16:17:37): empieza.
  Geo2=.CRITICAL (16:17:46): Original creado.
CRITICAL (16:17:47): Original:
CRITICAL (16:17:48): Candidato creado.
CRITICAL (16:17:49): Subsistema creado.
CRITICAL (16:17:50): empieza.
CRITICAL (16:17:59): Original creado.
CRITICAL (16:18:00): Original:
CRITICAL (16:18:01): Candidato creado.
CRITICAL (16:18:02): Subsistema creado.
CRITICAL (16:18:03): empieza.
  k3(QN./KL.)CRITICAL (16:18:14): Original creado.
CRITICAL (16:18:14): Original:
CRITICAL (16:18:15): Candidato creado.
CRITICAL (16:18:16): Subsistema creado.
CRITICAL (16:18:17): empieza.
CRITICAL (16:18:26): Original creado.
CRITICAL (16:18:27): Original:
CRITICAL (16:18:28): Candidato creado.
CRITICAL (16:18:29): Subsistema creado.
CRITICAL (16:18:30): empieza.
  k4(QN./KL.)CRITICAL (16:18:41): Original creado.
CRITICAL (16:18:41): Original:
CRITICAL (16:18:42): Candidato creado.
CRITICAL (16:18:43): Subsistema creado.
CRITICAL (16:18:44): empieza.
CRITICAL (16:18:54): Original creado.
CRITICAL (16:18:55): Original:
CRITICAL (16:18:56): Candidato creado.
CRITICAL (16:18:56): Subsistema creado.
CRITICAL (16:18:57): empieza.
  k5(QN./KL.)
  #  4/50  ABCDEFGHIJKLMN / BCDEFGHIJKLMNCRITICAL (16:19:23): Original creado.
CRITICAL (16:19:24): Original:
CRITICAL (16:19:25): Candidato creado.
CRITICAL (16:19:26): Subsistema creado.
  QN2=.CRITICAL (16:20:05): Original creado.
CRITICAL (16:20:06): Original:
CRITICAL (16:20:07): Candidato creado.
CRITICAL (16:20:08): Subsistema creado.
CRITICAL (16:20:09): empieza.
  Geo2=.CRITICAL (16:20:14): Original creado.
CRITICAL (16:20:15): Original:
CRITICAL (16:20:16): Candidato creado.
CRITICAL (16:20:17): Subsistema creado.
CRITICAL (16:20:17): empieza.
CRITICAL (16:20:22): Original creado.
CRITICAL (16:20:23): Original:
CRITICAL (16:20:24): Candidato creado.
CRITICAL (16:20:25): Subsistema creado.
CRITICAL (16:20:26): empieza.
  k3(QN./KL.)CRITICAL (16:20:31): Original creado.
CRITICAL (16:20:32): Original:
CRITICAL (16:20:33): Candidato creado.
CRITICAL (16:20:34): Subsistema creado.
CRITICAL (16:20:35): empieza.
CRITICAL (16:20:40): Original creado.
CRITICAL (16:20:41): Original:
CRITICAL (16:20:42): Candidato creado.
CRITICAL (16:20:43): Subsistema creado.
CRITICAL (16:20:43): empieza.
  k4(QN./KL.)CRITICAL (16:20:49): Original creado.
CRITICAL (16:20:50): Original:
CRITICAL (16:20:51): Candidato creado.
CRITICAL (16:20:52): Subsistema creado.
CRITICAL (16:20:53): empieza.
CRITICAL (16:20:58): Original creado.
CRITICAL (16:20:59): Original:
CRITICAL (16:21:00): Candidato creado.
CRITICAL (16:21:01): Subsistema creado.
CRITICAL (16:21:02): empieza.
  k5(QN./KL.)
  #  5/50  ABCDEFGHIJKLMN / ABDEGHJKMNCRITICAL (16:21:16): Original creado.
CRITICAL (16:21:17): Original:
CRITICAL (16:21:18): Candidato creado.
CRITICAL (16:21:18): Subsistema creado.
  QN2=.CRITICAL (16:21:40): Original creado.
CRITICAL (16:21:40): Original:
CRITICAL (16:21:41): Candidato creado.
CRITICAL (16:21:42): Subsistema creado.
CRITICAL (16:21:43): empieza.
  Geo2=.CRITICAL (16:21:45): Original creado.
CRITICAL (16:21:46): Original:
CRITICAL (16:21:47): Candidato creado.
CRITICAL (16:21:48): Subsistema creado.
CRITICAL (16:21:49): empieza.
CRITICAL (16:21:51): Original creado.
CRITICAL (16:21:52): Original:
CRITICAL (16:21:54): Candidato creado.
CRITICAL (16:21:56): Subsistema creado.
CRITICAL (16:21:57): empieza.
  k3(QN./KL.)CRITICAL (16:22:00): Original creado.
CRITICAL (16:22:01): Original:
CRITICAL (16:22:02): Candidato creado.
CRITICAL (16:22:03): Subsistema creado.
CRITICAL (16:22:04): empieza.
CRITICAL (16:22:06): Original creado.
CRITICAL (16:22:07): Original:
CRITICAL (16:22:08): Candidato creado.
CRITICAL (16:22:09): Subsistema creado.
CRITICAL (16:22:10): empieza.
  k4(QN./KL.)CRITICAL (16:22:15): Original creado.
CRITICAL (16:22:16): Original:
CRITICAL (16:22:17): Candidato creado.
CRITICAL (16:22:18): Subsistema creado.
CRITICAL (16:22:19): empieza.
CRITICAL (16:22:21): Original creado.
CRITICAL (16:22:22): Original:
CRITICAL (16:22:23): Candidato creado.
CRITICAL (16:22:24): Subsistema creado.
CRITICAL (16:22:25): empieza.
  k5(QN./KL.)
  #  6/50  ABCDEFGHIJKLMN / ACEGIKMOCRITICAL (16:22:34): Original creado.
CRITICAL (16:22:35): Original:
CRITICAL (16:22:36): Candidato creado.
CRITICAL (16:22:37): Subsistema creado.
  QN2=.CRITICAL (16:22:51): Original creado.
CRITICAL (16:22:52): Original:
CRITICAL (16:22:53): Candidato creado.
CRITICAL (16:22:54): Subsistema creado.
CRITICAL (16:22:55): empieza.
  Geo2=.CRITICAL (16:22:57): Original creado.
CRITICAL (16:22:58): Original:
CRITICAL (16:22:59): Candidato creado.
CRITICAL (16:23:00): Subsistema creado.
CRITICAL (16:23:01): empieza.
CRITICAL (16:23:02): Original creado.
CRITICAL (16:23:03): Original:
CRITICAL (16:23:04): Candidato creado.
CRITICAL (16:23:05): Subsistema creado.
CRITICAL (16:23:06): empieza.
  k3(QN./KL.)CRITICAL (16:23:10): Original creado.
CRITICAL (16:23:11): Original:
CRITICAL (16:23:12): Candidato creado.
CRITICAL (16:23:13): Subsistema creado.
CRITICAL (16:23:14): empieza.
CRITICAL (16:23:15): Original creado.
CRITICAL (16:23:16): Original:
CRITICAL (16:23:17): Candidato creado.
CRITICAL (16:23:18): Subsistema creado.
CRITICAL (16:23:19): empieza.
  k4(QN./KL.)CRITICAL (16:23:26): Original creado.
CRITICAL (16:23:27): Original:
CRITICAL (16:23:28): Candidato creado.
CRITICAL (16:23:29): Subsistema creado.
CRITICAL (16:23:30): empieza.
CRITICAL (16:23:32): Original creado.
CRITICAL (16:23:33): Original:
CRITICAL (16:23:34): Candidato creado.
CRITICAL (16:23:35): Subsistema creado.
CRITICAL (16:23:36): empieza.
  k5(QN./KL.)
  #  7/50  ABCDEFGHIJKLMN / BDFHJLNCRITICAL (16:23:44): Original creado.
CRITICAL (16:23:45): Original:
CRITICAL (16:23:46): Candidato creado.
CRITICAL (16:23:47): Subsistema creado.
  QN2=.CRITICAL (16:23:59): Original creado.
CRITICAL (16:24:00): Original:
CRITICAL (16:24:01): Candidato creado.
CRITICAL (16:24:02): Subsistema creado.
CRITICAL (16:24:03): empieza.
  Geo2=.CRITICAL (16:24:05): Original creado.
CRITICAL (16:24:06): Original:
CRITICAL (16:24:07): Candidato creado.
CRITICAL (16:24:08): Subsistema creado.
CRITICAL (16:24:09): empieza.
CRITICAL (16:24:10): Original creado.
CRITICAL (16:24:11): Original:
CRITICAL (16:24:12): Candidato creado.
CRITICAL (16:24:13): Subsistema creado.
CRITICAL (16:24:14): empieza.
  k3(QN./KL.)CRITICAL (16:24:17): Original creado.
CRITICAL (16:24:18): Original:
CRITICAL (16:24:19): Candidato creado.
CRITICAL (16:24:20): Subsistema creado.
CRITICAL (16:24:21): empieza.
CRITICAL (16:24:23): Original creado.
CRITICAL (16:24:24): Original:
CRITICAL (16:24:25): Candidato creado.
CRITICAL (16:24:26): Subsistema creado.
CRITICAL (16:24:27): empieza.
  k4(QN./KL.)CRITICAL (16:24:33): Original creado.
CRITICAL (16:24:34): Original:
CRITICAL (16:24:35): Candidato creado.
CRITICAL (16:24:36): Subsistema creado.
CRITICAL (16:24:37): empieza.
CRITICAL (16:24:39): Original creado.
CRITICAL (16:24:40): Original:
CRITICAL (16:24:41): Candidato creado.
CRITICAL (16:24:42): Subsistema creado.
CRITICAL (16:24:43): empieza.
  k5(QN./KL.)
  #  8/50  ABCDEFGHIJKLMN / ABCDEFGHIJKLMNCRITICAL (16:24:52): Original creado.
CRITICAL (16:24:53): Original:
CRITICAL (16:24:54): Candidato creado.
CRITICAL (16:24:55): Subsistema creado.
  QN2=.CRITICAL (16:26:21): Original creado.
CRITICAL (16:26:22): Original:
CRITICAL (16:26:23): Candidato creado.
CRITICAL (16:26:24): Subsistema creado.
CRITICAL (16:26:25): empieza.
  Geo2=.CRITICAL (16:26:41): Original creado.
CRITICAL (16:26:42): Original:
CRITICAL (16:26:43): Candidato creado.
CRITICAL (16:26:44): Subsistema creado.
CRITICAL (16:26:45): empieza.
CRITICAL (16:27:02): Original creado.
CRITICAL (16:27:03): Original:
CRITICAL (16:27:04): Candidato creado.
CRITICAL (16:27:05): Subsistema creado.
CRITICAL (16:27:06): empieza.
  k3(QN./KL.)CRITICAL (16:27:24): Original creado.
CRITICAL (16:27:25): Original:
CRITICAL (16:27:26): Candidato creado.
CRITICAL (16:27:27): Subsistema creado.
CRITICAL (16:27:28): empieza.
CRITICAL (16:27:45): Original creado.
CRITICAL (16:27:46): Original:
CRITICAL (16:27:47): Candidato creado.
CRITICAL (16:27:48): Subsistema creado.
CRITICAL (16:27:49): empieza.
  k4(QN./KL.)CRITICAL (16:28:08): Original creado.
CRITICAL (16:28:09): Original:
CRITICAL (16:28:10): Candidato creado.
CRITICAL (16:28:11): Subsistema creado.
CRITICAL (16:28:12): empieza.
CRITICAL (16:28:29): Original creado.
CRITICAL (16:28:30): Original:
CRITICAL (16:28:31): Candidato creado.
CRITICAL (16:28:33): Subsistema creado.
CRITICAL (16:28:34): empieza.
  k5(QN./KL.)
  #  9/50  ABCDEFGHIJKLMN / ABCDEFGHIJKLMNCRITICAL (16:28:53): Original creado.
CRITICAL (16:28:54): Original:
CRITICAL (16:28:55): Candidato creado.
CRITICAL (16:28:56): Subsistema creado.
  QN2=.CRITICAL (16:29:51): Original creado.
CRITICAL (16:29:52): Original:
CRITICAL (16:29:53): Candidato creado.
CRITICAL (16:29:54): Subsistema creado.
CRITICAL (16:29:55): empieza.
  Geo2=.CRITICAL (16:30:04): Original creado.
CRITICAL (16:30:05): Original:
CRITICAL (16:30:06): Candidato creado.
CRITICAL (16:30:07): Subsistema creado.
CRITICAL (16:30:08): empieza.
CRITICAL (16:30:17): Original creado.
CRITICAL (16:30:18): Original:
CRITICAL (16:30:19): Candidato creado.
CRITICAL (16:30:20): Subsistema creado.
CRITICAL (16:30:21): empieza.
  k3(QN./KL.)CRITICAL (16:30:31): Original creado.
CRITICAL (16:30:32): Original:
CRITICAL (16:30:33): Candidato creado.
CRITICAL (16:30:34): Subsistema creado.
CRITICAL (16:30:35): empieza.
CRITICAL (16:30:44): Original creado.
CRITICAL (16:30:45): Original:
CRITICAL (16:30:46): Candidato creado.
CRITICAL (16:30:48): Subsistema creado.
CRITICAL (16:30:49): empieza.
  k4(QN./KL.)CRITICAL (16:30:59): Original creado.
CRITICAL (16:31:00): Original:
CRITICAL (16:31:01): Candidato creado.
CRITICAL (16:31:02): Subsistema creado.
CRITICAL (16:31:03): empieza.
CRITICAL (16:31:12): Original creado.
CRITICAL (16:31:13): Original:
CRITICAL (16:31:14): Candidato creado.
CRITICAL (16:31:15): Subsistema creado.
CRITICAL (16:31:17): empieza.
  k5(QN./KL.)
  # 10/50  ABCDEFGHIJKLMN / BCDEFGHIJKLMNOCRITICAL (16:31:27): Original creado.
CRITICAL (16:31:28): Original:
CRITICAL (16:31:29): Candidato creado.
CRITICAL (16:31:30): Subsistema creado.
  QN2=.CRITICAL (16:32:16): Original creado.
CRITICAL (16:32:17): Original:
CRITICAL (16:32:18): Candidato creado.
CRITICAL (16:32:19): Subsistema creado.
CRITICAL (16:32:21): empieza.
  Geo2=.CRITICAL (16:32:30): Original creado.
CRITICAL (16:32:31): Original:
CRITICAL (16:32:32): Candidato creado.
CRITICAL (16:32:34): Subsistema creado.
CRITICAL (16:32:35): empieza.
CRITICAL (16:32:45): Original creado.
CRITICAL (16:32:46): Original:
CRITICAL (16:32:47): Candidato creado.
CRITICAL (16:32:48): Subsistema creado.
CRITICAL (16:32:49): empieza.
  k3(QN./KL.)CRITICAL (16:33:01): Original creado.
CRITICAL (16:33:02): Original:
CRITICAL (16:33:03): Candidato creado.
CRITICAL (16:33:04): Subsistema creado.
CRITICAL (16:33:06): empieza.
CRITICAL (16:33:16): Original creado.
CRITICAL (16:33:17): Original:
CRITICAL (16:33:18): Candidato creado.
CRITICAL (16:33:19): Subsistema creado.
CRITICAL (16:33:21): empieza.
  k4(QN./KL.)CRITICAL (16:33:32): Original creado.
CRITICAL (16:33:34): Original:
CRITICAL (16:33:35): Candidato creado.
CRITICAL (16:33:36): Subsistema creado.
CRITICAL (16:33:37): empieza.
CRITICAL (16:33:49): Original creado.
CRITICAL (16:33:50): Original:
CRITICAL (16:33:51): Candidato creado.
CRITICAL (16:33:52): Subsistema creado.
CRITICAL (16:33:54): empieza.
  k5(QN./KL.)
  # 11/50  ABCDEFGHIJKLMN / BCDEFGHIJKLMNCRITICAL (16:34:21): Original creado.
CRITICAL (16:34:23): Original:
CRITICAL (16:34:24): Candidato creado.
CRITICAL (16:34:25): Subsistema creado.
  QN2=.CRITICAL (16:34:59): Original creado.
CRITICAL (16:35:00): Original:
CRITICAL (16:35:01): Candidato creado.
CRITICAL (16:35:02): Subsistema creado.
CRITICAL (16:35:03): empieza.
  Geo2=.CRITICAL (16:35:08): Original creado.
CRITICAL (16:35:09): Original:
CRITICAL (16:35:11): Candidato creado.
CRITICAL (16:35:12): Subsistema creado.
CRITICAL (16:35:13): empieza.
CRITICAL (16:35:18): Original creado.
CRITICAL (16:35:19): Original:
CRITICAL (16:35:20): Candidato creado.
CRITICAL (16:35:21): Subsistema creado.
CRITICAL (16:35:23): empieza.
  k3(QN./KL.)CRITICAL (16:35:28): Original creado.
CRITICAL (16:35:29): Original:
CRITICAL (16:35:31): Candidato creado.
CRITICAL (16:35:32): Subsistema creado.
CRITICAL (16:35:33): empieza.
CRITICAL (16:35:38): Original creado.
CRITICAL (16:35:39): Original:
CRITICAL (16:35:41): Candidato creado.
CRITICAL (16:35:42): Subsistema creado.
CRITICAL (16:35:43): empieza.
  k4(QN./KL.)CRITICAL (16:35:49): Original creado.
CRITICAL (16:35:50): Original:
CRITICAL (16:35:51): Candidato creado.
CRITICAL (16:35:52): Subsistema creado.
CRITICAL (16:35:53): empieza.
CRITICAL (16:35:59): Original creado.
CRITICAL (16:36:00): Original:
CRITICAL (16:36:01): Candidato creado.
CRITICAL (16:36:02): Subsistema creado.
CRITICAL (16:36:04): empieza.
  k5(QN./KL.)
  # 12/50  ABCDEFGHIJKLMN / ABDEGHJKMNCRITICAL (16:36:17): Original creado.
CRITICAL (16:36:18): Original:
CRITICAL (16:36:19): Candidato creado.
CRITICAL (16:36:20): Subsistema creado.
  QN2=.CRITICAL (16:36:39): Original creado.
CRITICAL (16:36:40): Original:
CRITICAL (16:36:41): Candidato creado.
CRITICAL (16:36:42): Subsistema creado.
CRITICAL (16:36:43): empieza.
  Geo2=.CRITICAL (16:36:45): Original creado.
CRITICAL (16:36:47): Original:
CRITICAL (16:36:48): Candidato creado.
CRITICAL (16:36:49): Subsistema creado.
CRITICAL (16:36:50): empieza.
CRITICAL (16:36:52): Original creado.
CRITICAL (16:36:53): Original:
CRITICAL (16:36:55): Candidato creado.
CRITICAL (16:36:56): Subsistema creado.
CRITICAL (16:36:57): empieza.
  k3(QN./KL.)CRITICAL (16:37:01): Original creado.
CRITICAL (16:37:02): Original:
CRITICAL (16:37:04): Candidato creado.
CRITICAL (16:37:05): Subsistema creado.
CRITICAL (16:37:06): empieza.
CRITICAL (16:37:08): Original creado.
CRITICAL (16:37:09): Original:
CRITICAL (16:37:10): Candidato creado.
CRITICAL (16:37:12): Subsistema creado.
CRITICAL (16:37:13): empieza.
  k4(QN./KL.)CRITICAL (16:37:19): Original creado.
CRITICAL (16:37:21): Original:
CRITICAL (16:37:22): Candidato creado.
CRITICAL (16:37:23): Subsistema creado.
CRITICAL (16:37:24): empieza.
CRITICAL (16:37:26): Original creado.
CRITICAL (16:37:28): Original:
CRITICAL (16:37:29): Candidato creado.
CRITICAL (16:37:30): Subsistema creado.
CRITICAL (16:37:31): empieza.
  k5(QN./KL.)
  # 13/50  ABCDEFGHIJKLMN / ACEGIKMOCRITICAL (16:37:40): Original creado.
CRITICAL (16:37:42): Original:
CRITICAL (16:37:43): Candidato creado.
CRITICAL (16:37:44): Subsistema creado.
  QN2=.CRITICAL (16:37:57): Original creado.
CRITICAL (16:37:58): Original:
CRITICAL (16:37:59): Candidato creado.
CRITICAL (16:38:00): Subsistema creado.
CRITICAL (16:38:01): empieza.
  Geo2=.CRITICAL (16:38:03): Original creado.
CRITICAL (16:38:05): Original:
CRITICAL (16:38:06): Candidato creado.
CRITICAL (16:38:07): Subsistema creado.
CRITICAL (16:38:08): empieza.
CRITICAL (16:38:10): Original creado.
CRITICAL (16:38:11): Original:
CRITICAL (16:38:12): Candidato creado.
CRITICAL (16:38:14): Subsistema creado.
CRITICAL (16:38:15): empieza.
  k3(QN./KL.)CRITICAL (16:38:19): Original creado.
CRITICAL (16:38:20): Original:
CRITICAL (16:38:21): Candidato creado.
CRITICAL (16:38:22): Subsistema creado.
CRITICAL (16:38:24): empieza.
CRITICAL (16:38:26): Original creado.
CRITICAL (16:38:27): Original:
CRITICAL (16:38:28): Candidato creado.
CRITICAL (16:38:29): Subsistema creado.
CRITICAL (16:38:31): empieza.
  k4(QN./KL.)CRITICAL (16:38:37): Original creado.
CRITICAL (16:38:38): Original:
CRITICAL (16:38:39): Candidato creado.
CRITICAL (16:38:40): Subsistema creado.
CRITICAL (16:38:42): empieza.
CRITICAL (16:38:44): Original creado.
CRITICAL (16:38:45): Original:
CRITICAL (16:38:46): Candidato creado.
CRITICAL (16:38:47): Subsistema creado.
CRITICAL (16:38:49): empieza.
  k5(QN./KL.)
  # 14/50  ABCDEFGHIJKLMN / BDFHJLNCRITICAL (16:38:57): Original creado.
CRITICAL (16:38:59): Original:
CRITICAL (16:39:00): Candidato creado.
CRITICAL (16:39:01): Subsistema creado.
  QN2=.CRITICAL (16:39:12): Original creado.
CRITICAL (16:39:13): Original:
CRITICAL (16:39:14): Candidato creado.
CRITICAL (16:39:15): Subsistema creado.
CRITICAL (16:39:17): empieza.
  Geo2=.CRITICAL (16:39:19): Original creado.
CRITICAL (16:39:20): Original:
CRITICAL (16:39:21): Candidato creado.
CRITICAL (16:39:22): Subsistema creado.
CRITICAL (16:39:24): empieza.
CRITICAL (16:39:25): Original creado.
CRITICAL (16:39:27): Original:
CRITICAL (16:39:28): Candidato creado.
CRITICAL (16:39:29): Subsistema creado.
CRITICAL (16:39:30): empieza.
  k3(QN./KL.)CRITICAL (16:39:33): Original creado.
CRITICAL (16:39:35): Original:
CRITICAL (16:39:36): Candidato creado.
CRITICAL (16:39:37): Subsistema creado.
CRITICAL (16:39:38): empieza.
CRITICAL (16:39:40): Original creado.
CRITICAL (16:39:42): Original:
CRITICAL (16:39:43): Candidato creado.
CRITICAL (16:39:44): Subsistema creado.
CRITICAL (16:39:45): empieza.
  k4(QN./KL.)CRITICAL (16:39:52): Original creado.
CRITICAL (16:39:53): Original:
CRITICAL (16:39:55): Candidato creado.
CRITICAL (16:39:56): Subsistema creado.
CRITICAL (16:39:57): empieza.
CRITICAL (16:39:59): Original creado.
CRITICAL (16:40:00): Original:
CRITICAL (16:40:02): Candidato creado.
CRITICAL (16:40:03): Subsistema creado.
CRITICAL (16:40:04): empieza.
  k5(QN./KL.)
  # 15/50  BCDEFGHIJKLMNO / ABCDEFGHIJKLMNCRITICAL (16:40:12): Original creado.
CRITICAL (16:40:14): Original:
CRITICAL (16:40:15): Candidato creado.
CRITICAL (16:40:16): Subsistema creado.
  QN2=.CRITICAL (16:41:32): Original creado.
CRITICAL (16:41:34): Original:
CRITICAL (16:41:35): Candidato creado.
CRITICAL (16:41:36): Subsistema creado.
CRITICAL (16:41:37): empieza.
  Geo2=.CRITICAL (16:41:55): Original creado.
CRITICAL (16:41:56): Original:
CRITICAL (16:41:57): Candidato creado.
CRITICAL (16:41:59): Subsistema creado.
CRITICAL (16:42:00): empieza.
CRITICAL (16:42:18): Original creado.
CRITICAL (16:42:19): Original:
CRITICAL (16:42:20): Candidato creado.
CRITICAL (16:42:22): Subsistema creado.
CRITICAL (16:42:23): empieza.
  k3(QN./KL.)CRITICAL (16:42:41): Original creado.
CRITICAL (16:42:43): Original:
CRITICAL (16:42:44): Candidato creado.
CRITICAL (16:42:46): Subsistema creado.
CRITICAL (16:42:47): empieza.
CRITICAL (16:43:06): Original creado.
CRITICAL (16:43:07): Original:
CRITICAL (16:43:09): Candidato creado.
CRITICAL (16:43:10): Subsistema creado.
CRITICAL (16:43:11): empieza.
  k4(QN./KL.)CRITICAL (16:43:32): Original creado.
CRITICAL (16:43:33): Original:
CRITICAL (16:43:35): Candidato creado.
CRITICAL (16:43:36): Subsistema creado.
CRITICAL (16:43:37): empieza.
CRITICAL (16:43:56): Original creado.
CRITICAL (16:43:57): Original:
CRITICAL (16:43:58): Candidato creado.
CRITICAL (16:44:00): Subsistema creado.
CRITICAL (16:44:01): empieza.
  k5(QN./KL.)
  # 16/50  BCDEFGHIJKLMNO / ABCDEFGHIJKLMNCRITICAL (16:44:21): Original creado.
CRITICAL (16:44:23): Original:
CRITICAL (16:44:24): Candidato creado.
CRITICAL (16:44:25): Subsistema creado.
  QN2=.CRITICAL (16:45:17): Original creado.
CRITICAL (16:45:19): Original:
CRITICAL (16:45:20): Candidato creado.
CRITICAL (16:45:22): Subsistema creado.
CRITICAL (16:45:23): empieza.
  Geo2=.CRITICAL (16:45:32): Original creado.
CRITICAL (16:45:34): Original:
CRITICAL (16:45:35): Candidato creado.
CRITICAL (16:45:36): Subsistema creado.
CRITICAL (16:45:38): empieza.
CRITICAL (16:45:47): Original creado.
CRITICAL (16:45:48): Original:
CRITICAL (16:45:50): Candidato creado.
CRITICAL (16:45:51): Subsistema creado.
CRITICAL (16:45:52): empieza.
  k3(QN./KL.)CRITICAL (16:46:02): Original creado.
CRITICAL (16:46:04): Original:
CRITICAL (16:46:05): Candidato creado.
CRITICAL (16:46:06): Subsistema creado.
CRITICAL (16:46:08): empieza.
CRITICAL (16:46:17): Original creado.
CRITICAL (16:46:19): Original:
CRITICAL (16:46:20): Candidato creado.
CRITICAL (16:46:21): Subsistema creado.
CRITICAL (16:46:23): empieza.
  k4(QN./KL.)CRITICAL (16:46:33): Original creado.
CRITICAL (16:46:34): Original:
CRITICAL (16:46:36): Candidato creado.
CRITICAL (16:46:37): Subsistema creado.
CRITICAL (16:46:38): empieza.
CRITICAL (16:46:48): Original creado.
CRITICAL (16:46:50): Original:
CRITICAL (16:46:51): Candidato creado.
CRITICAL (16:46:52): Subsistema creado.
CRITICAL (16:46:54): empieza.
  k5(QN./KL.)
  # 17/50  BCDEFGHIJKLMNO / BCDEFGHIJKLMNOCRITICAL (16:47:05): Original creado.
CRITICAL (16:47:06): Original:
CRITICAL (16:47:08): Candidato creado.
CRITICAL (16:47:09): Subsistema creado.
  QN2=.CRITICAL (16:47:59): Original creado.
CRITICAL (16:48:01): Original:
CRITICAL (16:48:02): Candidato creado.
CRITICAL (16:48:03): Subsistema creado.
CRITICAL (16:48:05): empieza.
  Geo2=.CRITICAL (16:48:14): Original creado.
CRITICAL (16:48:15): Original:
CRITICAL (16:48:17): Candidato creado.
CRITICAL (16:48:18): Subsistema creado.
CRITICAL (16:48:19): empieza.
CRITICAL (16:48:29): Original creado.
CRITICAL (16:48:30): Original:
CRITICAL (16:48:32): Candidato creado.
CRITICAL (16:48:33): Subsistema creado.
CRITICAL (16:48:34): empieza.
  k3(QN./KL.)CRITICAL (16:48:45): Original creado.
CRITICAL (16:48:46): Original:
CRITICAL (16:48:48): Candidato creado.
CRITICAL (16:48:49): Subsistema creado.
CRITICAL (16:48:50): empieza.
CRITICAL (16:49:00): Original creado.
CRITICAL (16:49:02): Original:
CRITICAL (16:49:03): Candidato creado.
CRITICAL (16:49:05): Subsistema creado.
CRITICAL (16:49:06): empieza.
  k4(QN./KL.)CRITICAL (16:49:17): Original creado.
CRITICAL (16:49:19): Original:
CRITICAL (16:49:20): Candidato creado.
CRITICAL (16:49:21): Subsistema creado.
CRITICAL (16:49:23): empieza.
CRITICAL (16:49:33): Original creado.
CRITICAL (16:49:34): Original:
CRITICAL (16:49:36): Candidato creado.
CRITICAL (16:49:37): Subsistema creado.
CRITICAL (16:49:39): empieza.
  k5(QN./KL.)
  # 18/50  BCDEFGHIJKLMNO / BCDEFGHIJKLMNCRITICAL (16:50:04): Original creado.
CRITICAL (16:50:05): Original:
CRITICAL (16:50:07): Candidato creado.
CRITICAL (16:50:08): Subsistema creado.
  QN2=.CRITICAL (16:50:43): Original creado.
CRITICAL (16:50:44): Original:
CRITICAL (16:50:45): Candidato creado.
CRITICAL (16:50:47): Subsistema creado.
CRITICAL (16:50:48): empieza.
  Geo2=.CRITICAL (16:50:54): Original creado.
CRITICAL (16:50:55): Original:
CRITICAL (16:50:57): Candidato creado.
CRITICAL (16:50:58): Subsistema creado.
CRITICAL (16:50:59): empieza.
CRITICAL (16:51:05): Original creado.
CRITICAL (16:51:06): Original:
CRITICAL (16:51:08): Candidato creado.
CRITICAL (16:51:09): Subsistema creado.
CRITICAL (16:51:11): empieza.
  k3(QN./KL.)CRITICAL (16:51:17): Original creado.
CRITICAL (16:51:18): Original:
CRITICAL (16:51:20): Candidato creado.
CRITICAL (16:51:21): Subsistema creado.
CRITICAL (16:51:23): empieza.
CRITICAL (16:51:28): Original creado.
CRITICAL (16:51:30): Original:
CRITICAL (16:51:31): Candidato creado.
CRITICAL (16:51:33): Subsistema creado.
CRITICAL (16:51:34): empieza.
  k4(QN./KL.)CRITICAL (16:51:41): Original creado.
CRITICAL (16:51:42): Original:
CRITICAL (16:51:44): Candidato creado.
CRITICAL (16:51:45): Subsistema creado.
CRITICAL (16:51:47): empieza.
CRITICAL (16:51:53): Original creado.
CRITICAL (16:51:54): Original:
CRITICAL (16:51:56): Candidato creado.
CRITICAL (16:51:57): Subsistema creado.
CRITICAL (16:51:58): empieza.
  k5(QN./KL.)
  # 19/50  BCDEFGHIJKLMNO / ABDEGHJKMNCRITICAL (16:52:12): Original creado.
CRITICAL (16:52:14): Original:
CRITICAL (16:52:15): Candidato creado.
CRITICAL (16:52:17): Subsistema creado.
  QN2=.CRITICAL (16:52:35): Original creado.
CRITICAL (16:52:37): Original:
CRITICAL (16:52:38): Candidato creado.
CRITICAL (16:52:40): Subsistema creado.
CRITICAL (16:52:41): empieza.
  Geo2=.CRITICAL (16:52:44): Original creado.
CRITICAL (16:52:45): Original:
CRITICAL (16:52:47): Candidato creado.
CRITICAL (16:52:48): Subsistema creado.
CRITICAL (16:52:50): empieza.
CRITICAL (16:52:52): Original creado.
CRITICAL (16:52:54): Original:
CRITICAL (16:52:55): Candidato creado.
CRITICAL (16:52:57): Subsistema creado.
CRITICAL (16:52:58): empieza.
  k3(QN./KL.)CRITICAL (16:53:01): Original creado.
CRITICAL (16:53:02): Original:
CRITICAL (16:53:04): Candidato creado.
CRITICAL (16:53:05): Subsistema creado.
CRITICAL (16:53:07): empieza.
CRITICAL (16:53:09): Original creado.
CRITICAL (16:53:11): Original:
CRITICAL (16:53:12): Candidato creado.
CRITICAL (16:53:14): Subsistema creado.
CRITICAL (16:53:15): empieza.
  k4(QN./KL.)  k5(QNX/KLX)
  # 20/50  BCDEFGHIJKLMNO / ACEGIKMO  QN2=X  Geo2=X  k3(QNX/KLX)  k4(QNX/KLX)  k5(QNX/KLX)
  # 21/50  BCDEFGHIJKLMNO / BDFHJLN  QN2=X  Geo2=X  k3(QNX/KLX)  k4(QNX/KLX)  k5(QNX/KLX)
  # 22/50  BCDEFGHIJKLMN  / ABCDEFGHIJKLMN  QN2=X  Geo2=X  k3(QNX/KLX)  k4(QNX/KLX)  k5(QNX/KLX)
  # 23/50  BCDEFGHIJKLMN  / ABCDEFGHIJKLMN  QN2=X  Geo2=X  k3(QNX/KLX)  k4(QNX/KLX)  k5(QNX/KLX)
  # 24/50  BCDEFGHIJKLMN  / BCDEFGHIJKLMNO  QN2=X  Geo2=X  k3(QNX/KLX)  k4(QNX/KLX)  k5(QNX/KLX)
  # 25/50  BCDEFGHIJKLMN  / BCDEFGHIJKLMN  QN2=X  Geo2=X  k3(QNX/KLX)  k4(QNX/KLX)  k5(QNX/KLX)
  # 26/50  BCDEFGHIJKLMN  / ABDEGHJKMN  QN2=X  Geo2=X  k3(QNX/KLX)  k4(QNX/KLX)  k5(QNX/KLX)
  # 27/50  BCDEFGHIJKLMN  / ACEGIKMO  QN2=X  Geo2=X  k3(QNX/KLX)  k4(QNX/KLX)  k5(QNX/KLX)
  # 28/50  BCDEFGHIJKLMN  / BDFHJLN  QN2=X  Geo2=X  k3(QNX/KLX)  k4(QNX/KLX)  k5(QNX/KLX)
  # 29/50  ABDEGHJKMN     / ABCDEFGHIJKLMN  QN2=X  Geo2=X  k3(QNX/KLX)  k4(QNX/KLX)  k5(QNX/KLX)
  # 30/50  ABDEGHJKMN     / ABCDEFGHIJKLMN  QN2=X  Geo2=X  k3(QNX/KLX)  k4(QNX/KLX)  k5(QNX/KLX)
  # 31/50  ABDEGHJKMN     / BCDEFGHIJKLMNO  QN2=X  Geo2=X  k3(QNX/KLX)  k4(QNX/KLX)  k5(QNX/KLX)
  # 32/50  ABDEGHJKMN     / BCDEFGHIJKLMN  QN2=X  Geo2=X  k3(QNX/KLX)  k4(QNX/KLX)  k5(QNX/KLX)
  # 33/50  ABDEGHJKMN     / ABDEGHJKMN  QN2=X  Geo2=X  k3(QNX/KLX)  k4(QNX/KLX)  k5(QNX/KLX)
  # 34/50  ABDEGHJKMN     / ACEGIKMO  QN2=X  Geo2=X  k3(QNX/KLX)  k4(QNX/KLX)  k5(QNX/KLX)
  # 35/50  ABDEGHJKMN     / BDFHJLN  QN2=X  Geo2=X  k3(QNX/KLX)  k4(QNX/KLX)  k5(QNX/KLX)
  # 36/50  ACEGIKMO       / ABCDEFGHIJKLMN  QN2=X  Geo2=X  k3(QNX/KLX)  k4(QNX/KLX)  k5(QNX/KLX)
  # 37/50  ACEGIKMO       / ABCDEFGHIJKLMN  QN2=X  Geo2=X  k3(QNX/KLX)  k4(QNX/KLX)  k5(QNX/KLX)
  # 38/50  ACEGIKMO       / BCDEFGHIJKLMNO  QN2=X  Geo2=X  k3(QNX/KLX)  k4(QNX/KLX)  k5(QNX/KLX)
  # 39/50  ACEGIKMO       / BCDEFGHIJKLMN  QN2=X  Geo2=X  k3(QNX/KLX)  k4(QNX/KLX)  k5(QNX/KLX)
  # 40/50  ACEGIKMO       / ABDEGHJKMN  QN2=X  Geo2=X  k3(QNX/KLX)  k4(QNX/KLX)  k5(QNX/KLX)
  # 41/50  ACEGIKMO       / ACEGIKMO  QN2=X  Geo2=X  k3(QNX/KLX)  k4(QNX/KLX)  k5(QNX/KLX)
  # 42/50  ACEGIKMO       / BDFHJLN  QN2=X  Geo2=X  k3(QNX/KLX)  k4(QNX/KLX)  k5(QNX/KLX)
  # 43/50  BDFHJLN        / ABCDEFGHIJKLMN  QN2=X  Geo2=X  k3(QNX/KLX)  k4(QNX/KLX)  k5(QNX/KLX)
  # 44/50  BDFHJLN        / ABCDEFGHIJKLMN  QN2=X  Geo2=X  k3(QNX/KLX)  k4(QNX/KLX)  k5(QNX/KLX)
  # 45/50  BDFHJLN        / BCDEFGHIJKLMNO  QN2=X  Geo2=X  k3(QNX/KLX)  k4(QNX/KLX)  k5(QNX/KLX)
  # 46/50  BDFHJLN        / BCDEFGHIJKLMN  QN2=X  Geo2=X  k3(QNX/KLX)  k4(QNX/KLX)  k5(QNX/KLX)
  # 47/50  BDFHJLN        / ABDEGHJKMN  QN2=X  Geo2=X  k3(QNX/KLX)  k4(QNX/KLX)  k5(QNX/KLX)
  # 48/50  BDFHJLN        / ACEGIKMO  QN2=X  Geo2=X  k3(QNX/KLX)  k4(QNX/KLX)  k5(QNX/KLX)
  # 49/50  BDFHJLN        / BDFHJLN  QN2=X  Geo2=X  k3(QNX/KLX)  k4(QNX/KLX)  k5(QNX/KLX)
  # 50/50  BCDEFGJKLMNO   / BCDEFGHIJKLMNO  QN2=X  Geo2=X  k3(QNX/KLX)  k4(QNX/KLX)  k5(QNX/KLX)
  n=15 completado: 50 filas
  n=10 guardado en: C:\Users\Manu\Documents\Semestre 2026 - 01\Analisis y diseño de algoritmos\projecto-analisis-20261\GeoMIP\results\n10\n10_completo_2026-05-17_16h56.xlsx
  n=15 guardado en: C:\Users\Manu\Documents\Semestre 2026 - 01\Analisis y diseño de algoritmos\projecto-analisis-20261\GeoMIP\results\n15\n15_completo_2026-05-17_16h56.xlsx

Consolidado: C:\Users\Manu\Documents\Semestre 2026 - 01\Analisis y diseño de algoritmos\projecto-analisis-20261\GeoMIP\results\benchmark_completo_2026-05-17_16h56.xlsx
Total filas: 99
