n,#Prueba,Purview,Mecanismo,modo,k,perdida,tiempo_ms
10,1,ABCDEFGHIJ,ABCDEFGHIJ,Exacto,2,0.47265625,414.805599997635
10,1,ABCDEFGHIJ,ABCDEFGHIJ,Exacto,3,0.953125,500.6528000012622
10,1,ABCDEFGHIJ,ABCDEFGHIJ,Exacto,4,1.43359375,578.4671000001254
10,1,ABCDEFGHIJ,ABCDEFGHIJ,Exacto,5,1.927734375,660.872999993444
10,1,ABCDEFGHIJ,ABCDEFGHIJ,Exacto_KL,3,0.0,2501.222699997015
10,1,ABCDEFGHIJ,ABCDEFGHIJ,Exacto_KL,4,0.478515625,3725.245599998743
10,1,ABCDEFGHIJ,ABCDEFGHIJ,Exacto_KL,5,0.494140625,4796.100899999146
10,1,ABCDEFGHIJ,ABCDEFGHIJ,Rapido_MCTS,2,3.468571428571428,1896.690399997169
10,1,ABCDEFGHIJ,ABCDEFGHIJ,Rapido_MCTS,3,4.314285714285714,2163.987399981124
10,1,ABCDEFGHIJ,ABCDEFGHIJ,Rapido_MCTS,4,4.177142857142857,2173.922799993306
10,1,ABCDEFGHIJ,ABCDEFGHIJ,Rapido_MCTS,5,4.257142857142858,2616.64490000112
10,1,ABCDEFGHIJ,ABCDEFGHIJ,Aprox_KLmc,3,0.0,2250.783100025728
10,1,ABCDEFGHIJ,ABCDEFGHIJ,Aprox_KLmc,4,0.478515625,3250.636900018435
10,1,ABCDEFGHIJ,ABCDEFGHIJ,Aprox_KLmc,5,0.494140625,4663.973400020041
10,2,ABCDEFGHIJ,ABCDEFGHI,Exacto,2,0.0048828125,219.8710000011488
10,2,ABCDEFGHIJ,ABCDEFGHI,Exacto,3,0.0107421875,301.0194000016782
10,2,ABCDEFGHIJ,ABCDEFGHI,Exacto,4,0.0302734375,523.3674999981304
10,2,ABCDEFGHIJ,ABCDEFGHI,Exacto,5,0.0498046875,416.1945999949239
10,2,ABCDEFGHIJ,ABCDEFGHI,Exacto_KL,3,0.005859375,810.5634999956237
10,2,ABCDEFGHIJ,ABCDEFGHI,Exacto_KL,4,0.0,3005.236099998001
10,2,ABCDEFGHIJ,ABCDEFGHI,Exacto_KL,5,0.0,4857.596300003934
10,2,ABCDEFGHIJ,ABCDEFGHI,Rapido_MCTS,2,1.662857142857143,1445.886600005906
10,2,ABCDEFGHIJ,ABCDEFGHI,Rapido_MCTS,3,2.45,1751.634300017031
10,2,ABCDEFGHIJ,ABCDEFGHI,Rapido_MCTS,4,1.625714285714285,1829.750800010515
10,2,ABCDEFGHIJ,ABCDEFGHI,Rapido_MCTS,5,2.301428571428572,1698.925999982748
10,2,ABCDEFGHIJ,ABCDEFGHI,Aprox_KLmc,3,0.005859375,678.8840999943204
10,2,ABCDEFGHIJ,ABCDEFGHI,Aprox_KLmc,4,0.0,2835.884899977827
10,2,ABCDEFGHIJ,ABCDEFGHI,Aprox_KLmc,5,0.0,4663.6162000068
10,3,ABCDEFGHIJ,BCDEFGHIJ,Exacto,2,0.0048828125,287.4403999958304
10,3,ABCDEFGHIJ,BCDEFGHIJ,Exacto,3,0.01171875,395.2215000026627
10,3,ABCDEFGHIJ,BCDEFGHIJ,Exacto,4,0.0234375,441.0564999998314
10,3,ABCDEFGHIJ,BCDEFGHIJ,Exacto,5,0.03515625,446.7660000009346
10,3,ABCDEFGHIJ,BCDEFGHIJ,Exacto_KL,3,0.00390625,1557.000299995707
10,3,ABCDEFGHIJ,BCDEFGHIJ,Exacto_KL,4,0.0,2802.427700000408
10,3,ABCDEFGHIJ,BCDEFGHIJ,Exacto_KL,5,0.00390625,3734.558100004506
10,3,ABCDEFGHIJ,BCDEFGHIJ,Rapido_MCTS,2,0.0,1385.313600010704
10,3,ABCDEFGHIJ,BCDEFGHIJ,Rapido_MCTS,3,2.268571428571429,1733.619700011332
10,3,ABCDEFGHIJ,BCDEFGHIJ,Rapido_MCTS,4,1.78,2001.55350001296
10,3,ABCDEFGHIJ,BCDEFGHIJ,Rapido_MCTS,5,2.548571428571429,1864.911499986192
10,3,ABCDEFGHIJ,BCDEFGHIJ,Aprox_KLmc,3,0.00390625,1024.817099998472
10,3,ABCDEFGHIJ,BCDEFGHIJ,Aprox_KLmc,4,0.0,2328.81219999399
10,3,ABCDEFGHIJ,BCDEFGHIJ,Aprox_KLmc,5,0.00390625,3209.474200004479
10,4,ABCDEFGHIJ,BCDEFGHI,Exacto,2,0.01171875,187.4840000018594
10,4,ABCDEFGHIJ,BCDEFGHI,Exacto,3,0.0234375,273.2589000006556
10,4,ABCDEFGHIJ,BCDEFGHI,Exacto,4,0.04296875,311.6229999941424
10,4,ABCDEFGHIJ,BCDEFGHI,Exacto,5,0.0703125,375.7735000035609
10,4,ABCDEFGHIJ,BCDEFGHI,Exacto_KL,3,0.00390625,1133.881500005373
10,4,ABCDEFGHIJ,BCDEFGHI,Exacto_KL,4,0.0078125,1940.999999998894
10,4,ABCDEFGHIJ,BCDEFGHI,Exacto_KL,5,0.0,3819.049600002472
10,4,ABCDEFGHIJ,BCDEFGHI,Rapido_MCTS,2,0.04928571428571427,1412.892699998338
10,4,ABCDEFGHIJ,BCDEFGHI,Rapido_MCTS,3,1.352857142857143,1493.475100025535
10,4,ABCDEFGHIJ,BCDEFGHI,Rapido_MCTS,4,0.6878571428571427,1896.755399997346
10,4,ABCDEFGHIJ,BCDEFGHI,Rapido_MCTS,5,1.465714285714286,2002.830999990692
10,4,ABCDEFGHIJ,BCDEFGHI,Aprox_KLmc,3,0.00390625,884.1938000114169
10,4,ABCDEFGHIJ,BCDEFGHI,Aprox_KLmc,4,0.0078125,1790.847299998859
10,4,ABCDEFGHIJ,BCDEFGHI,Aprox_KLmc,5,0.0,4009.449199977098
10,5,ABCDEFGHIJ,ABDEGHJ,Exacto,2,0.005859375,134.2984000002616
10,5,ABCDEFGHIJ,ABDEGHJ,Exacto,3,0.025390625,212.619400001131
10,5,ABCDEFGHIJ,ABDEGHJ,Exacto,4,0.052734375,233.7178000016138
10,5,ABCDEFGHIJ,ABDEGHJ,Exacto,5,0.158203125,300.7978000023286
10,5,ABCDEFGHIJ,ABDEGHJ,Exacto_KL,3,0.0,1005.329399995389
10,5,ABCDEFGHIJ,ABDEGHJ,Exacto_KL,4,0.005859375,1331.868300003407
10,5,ABCDEFGHIJ,ABDEGHJ,Exacto_KL,5,0.03125,4986.397299995588
10,5,ABCDEFGHIJ,ABDEGHJ,Rapido_MCTS,2,0.8075000000000001,1241.806099977111
10,5,ABCDEFGHIJ,ABDEGHJ,Rapido_MCTS,3,0.7742857142857144,1611.798700003419
10,5,ABCDEFGHIJ,ABDEGHJ,Rapido_MCTS,4,0.7310714285714285,1773.849500023061
10,5,ABCDEFGHIJ,ABDEGHJ,Rapido_MCTS,5,0.8135714285714287,1689.093599998159
10,5,ABCDEFGHIJ,ABDEGHJ,Aprox_KLmc,3,0.0,845.5729999986943
10,5,ABCDEFGHIJ,ABDEGHJ,Aprox_KLmc,4,0.005859375,1268.213400006061
10,5,ABCDEFGHIJ,ABDEGHJ,Aprox_KLmc,5,0.03125,4948.131799988914
10,6,ABCDEFGHIJ,ACEGI,Exacto,2,0.015625,130.6977000058396
10,6,ABCDEFGHIJ,ACEGI,Exacto,3,0.0400390625,169.0565999961109
10,6,ABCDEFGHIJ,ACEGI,Exacto,4,0.0771484375,195.0060000017402
10,6,ABCDEFGHIJ,ACEGI,Exacto,5,0.1279296875,254.6961999978521
10,6,ABCDEFGHIJ,ACEGI,Exacto_KL,3,0.0,891.1461000025156
10,6,ABCDEFGHIJ,ACEGI,Exacto_KL,4,0.037109375,1139.966599999752
10,6,ABCDEFGHIJ,ACEGI,Exacto_KL,5,0.052734375,1720.023300003959
10,6,ABCDEFGHIJ,ACEGI,Rapido_MCTS,2,0.5124107142857144,1147.789199982071
10,6,ABCDEFGHIJ,ACEGI,Rapido_MCTS,3,0.5291071428571428,1251.413999998476
10,6,ABCDEFGHIJ,ACEGI,Rapido_MCTS,4,0.4724107142857144,1276.646199985407
10,6,ABCDEFGHIJ,ACEGI,Rapido_MCTS,5,0.5284821428571431,1361.711000005016
10,6,ABCDEFGHIJ,ACEGI,Aprox_KLmc,3,0.0,834.9773999943864
10,6,ABCDEFGHIJ,ACEGI,Aprox_KLmc,4,0.037109375,1097.582399990642
10,6,ABCDEFGHIJ,ACEGI,Aprox_KLmc,5,0.052734375,1858.966800005874
10,7,ABCDEFGHIJ,BDFHJ,Exacto,2,0.00390625,115.7382000019425
10,7,ABCDEFGHIJ,BDFHJ,Exacto,3,0.015625,188.0071999985375
10,7,ABCDEFGHIJ,BDFHJ,Exacto,4,0.03515625,215.923899995687
10,7,ABCDEFGHIJ,BDFHJ,Exacto,5,0.0595703125,269.1058000054909
10,7,ABCDEFGHIJ,BDFHJ,Exacto_KL,3,0.0,884.521499996481
10,7,ABCDEFGHIJ,BDFHJ,Exacto_KL,4,0.0078125,1261.128899997857
10,7,ABCDEFGHIJ,BDFHJ,Exacto_KL,5,0.0244140625,1815.133200005221
10,7,ABCDEFGHIJ,BDFHJ,Rapido_MCTS,2,0.0,1201.030700001866
10,7,ABCDEFGHIJ,BDFHJ,Rapido_MCTS,3,0.08357142857142863,2114.678699988872
10,7,ABCDEFGHIJ,BDFHJ,Rapido_MCTS,4,0.3954464285714286,1767.624000000069
10,7,ABCDEFGHIJ,BDFHJ,Rapido_MCTS,5,0.2889285714285713,1951.017000013962
10,7,ABCDEFGHIJ,BDFHJ,Aprox_KLmc,3,0.0,846.269100002246
10,7,ABCDEFGHIJ,BDFHJ,Aprox_KLmc,4,0.0078125,1262.613500002772
10,7,ABCDEFGHIJ,BDFHJ,Aprox_KLmc,5,0.0244140625,1725.347100000363
10,8,ABCDEFGHI,ABCDEFGHIJ,Exacto,2,0.47265625,474.4389000043157
10,8,ABCDEFGHI,ABCDEFGHIJ,Exacto,3,0.953125,550.6597999992664
10,8,ABCDEFGHI,ABCDEFGHIJ,Exacto,4,1.43359375,631.5690999981598
10,8,ABCDEFGHI,ABCDEFGHIJ,Exacto,5,1.9287109375,1001.975099999981
10,8,ABCDEFGHI,ABCDEFGHIJ,Exacto_KL,3,0.0,2191.902699996717
10,8,ABCDEFGHI,ABCDEFGHIJ,Exacto_KL,4,0.478515625,3337.828199997602
10,8,ABCDEFGHI,ABCDEFGHIJ,Exacto_KL,5,0.4951171875,4212.658599994029
10,8,ABCDEFGHI,ABCDEFGHIJ,Rapido_MCTS,2,3.442857142857143,2131.005200004438
10,8,ABCDEFGHI,ABCDEFGHIJ,Rapido_MCTS,3,3.871428571428571,3320.42299999739
10,8,ABCDEFGHI,ABCDEFGHIJ,Rapido_MCTS,4,3.991428571428571,2501.22000000556
10,8,ABCDEFGHI,ABCDEFGHIJ,Rapido_MCTS,5,4.111428571428572,2374.026400008006
10,8,ABCDEFGHI,ABCDEFGHIJ,Aprox_KLmc,3,0.0,1972.404699976323
10,8,ABCDEFGHI,ABCDEFGHIJ,Aprox_KLmc,4,0.478515625,3055.661100021098
10,8,ABCDEFGHI,ABCDEFGHIJ,Aprox_KLmc,5,0.4951171875,3849.377600010484
10,9,ABCDEFGHI,ABCDEFGHI,Exacto,2,0.0048828125,301.3289000009536
10,9,ABCDEFGHI,ABCDEFGHI,Exacto,3,0.0244140625,404.5438999964972
10,9,ABCDEFGHI,ABCDEFGHI,Exacto,4,0.0439453125,477.0305999991251
10,9,ABCDEFGHI,ABCDEFGHI,Exacto,5,0.0712890625,530.7190000021365
10,9,ABCDEFGHI,ABCDEFGHI,Exacto_KL,3,0.0,971.5158000035444
10,9,ABCDEFGHI,ABCDEFGHI,Exacto_KL,4,0.0,1943.138100003125
10,9,ABCDEFGHI,ABCDEFGHI,Exacto_KL,5,0.0,2792.025800001284
10,9,ABCDEFGHI,ABCDEFGHI,Rapido_MCTS,2,1.865714285714286,1414.004199992632
10,9,ABCDEFGHI,ABCDEFGHI,Rapido_MCTS,3,1.891428571428571,1424.471599981189
10,9,ABCDEFGHI,ABCDEFGHI,Rapido_MCTS,4,2.674285714285714,1894.185299985111
10,9,ABCDEFGHI,ABCDEFGHI,Rapido_MCTS,5,2.33,2954.0960000013
10,9,ABCDEFGHI,ABCDEFGHI,Aprox_KLmc,3,0.0,778.3362999907695
10,9,ABCDEFGHI,ABCDEFGHI,Aprox_KLmc,4,0.0,1651.139599998714
10,9,ABCDEFGHI,ABCDEFGHI,Aprox_KLmc,5,0.0,2386.962699994911
10,10,ABCDEFGHI,BCDEFGHIJ,Exacto,2,0.0048828125,337.293900003715
10,10,ABCDEFGHI,BCDEFGHIJ,Exacto,3,0.01171875,412.1094000001904
10,10,ABCDEFGHI,BCDEFGHIJ,Exacto,4,0.0234375,557.1086999989348
10,10,ABCDEFGHI,BCDEFGHIJ,Exacto,5,0.03515625,549.9593999993522
10,10,ABCDEFGHI,BCDEFGHIJ,Exacto_KL,3,0.00390625,1120.071700002882
10,10,ABCDEFGHI,BCDEFGHIJ,Exacto_KL,4,0.0,2478.678899999068
10,10,ABCDEFGHI,BCDEFGHIJ,Exacto_KL,5,0.00390625,3331.775600003311
10,10,ABCDEFGHI,BCDEFGHIJ,Rapido_MCTS,2,0.4742857142857143,1480.930200021248
10,10,ABCDEFGHI,BCDEFGHIJ,Rapido_MCTS,3,0.4971428571428571,1461.455300013768
10,10,ABCDEFGHI,BCDEFGHIJ,Rapido_MCTS,4,1.864285714285715,2032.851199997822
10,10,ABCDEFGHI,BCDEFGHIJ,Rapido_MCTS,5,1.324285714285714,2132.42910002009
10,10,ABCDEFGHI,BCDEFGHIJ,Aprox_KLmc,3,0.00390625,934.420500008855
10,10,ABCDEFGHI,BCDEFGHIJ,Aprox_KLmc,4,0.0,1973.407599987695
10,10,ABCDEFGHI,BCDEFGHIJ,Aprox_KLmc,5,0.00390625,2883.000400004676
10,11,ABCDEFGHI,BCDEFGHI,Exacto,2,0.01171875,306.1566999967908
10,11,ABCDEFGHI,BCDEFGHI,Exacto,3,0.0234375,390.934399998514
10,11,ABCDEFGHI,BCDEFGHI,Exacto,4,0.04296875,426.6811000052257
10,11,ABCDEFGHI,BCDEFGHI,Exacto,5,0.0703125,574.6644000028027
10,11,ABCDEFGHI,BCDEFGHI,Exacto_KL,3,0.00390625,1162.755099998321
10,11,ABCDEFGHI,BCDEFGHI,Exacto_KL,4,0.0078125,1780.982199998107
10,11,ABCDEFGHI,BCDEFGHI,Exacto_KL,5,0.0,3577.766700000211
10,11,ABCDEFGHI,BCDEFGHI,Rapido_MCTS,2,0.0,1195.508599979803
10,11,ABCDEFGHI,BCDEFGHI,Rapido_MCTS,3,0.7985714285714285,1346.442800015211
10,11,ABCDEFGHI,BCDEFGHI,Rapido_MCTS,4,0.8421428571428571,1546.941100008553
10,11,ABCDEFGHI,BCDEFGHI,Rapido_MCTS,5,1.316428571428571,1890.281200001482
10,11,ABCDEFGHI,BCDEFGHI,Aprox_KLmc,3,0.00390625,805.2234000060707
10,11,ABCDEFGHI,BCDEFGHI,Aprox_KLmc,4,0.0078125,1487.673099996755
10,11,ABCDEFGHI,BCDEFGHI,Aprox_KLmc,5,0.0,3236.335599998711
10,12,ABCDEFGHI,ABDEGHJ,Exacto,2,0.01953125,301.6141000043717
10,12,ABCDEFGHI,ABDEGHJ,Exacto,3,0.046875,356.3653000019258
10,12,ABCDEFGHI,ABDEGHJ,Exacto,4,0.15234375,428.9045999976224
10,12,ABCDEFGHI,ABDEGHJ,Exacto,5,0.26171875,503.8888999988558
10,12,ABCDEFGHI,ABDEGHJ,Exacto_KL,3,0.0,1096.760200001881
10,12,ABCDEFGHI,ABDEGHJ,Exacto_KL,4,0.046875,2342.535700001463
10,12,ABCDEFGHI,ABDEGHJ,Exacto_KL,5,0.0078125,5253.34550000116
10,12,ABCDEFGHI,ABDEGHJ,Rapido_MCTS,2,1.027857142857143,1679.558800009545
10,12,ABCDEFGHI,ABDEGHJ,Rapido_MCTS,3,0.6924999999999999,1810.541600018041
10,12,ABCDEFGHI,ABDEGHJ,Rapido_MCTS,4,0.8485714285714288,1640.846199996304
10,12,ABCDEFGHI,ABDEGHJ,Rapido_MCTS,5,0.8028571428571427,1656.106300011743
10,12,ABCDEFGHI,ABDEGHJ,Aprox_KLmc,3,0.0,785.525300016161
10,12,ABCDEFGHI,ABDEGHJ,Aprox_KLmc,4,0.046875,1858.61520000617
10,12,ABCDEFGHI,ABDEGHJ,Aprox_KLmc,5,0.0078125,4911.651000002166
10,13,ABCDEFGHI,ACEGI,Exacto,2,0.015625,298.7334999997984
10,13,ABCDEFGHI,ACEGI,Exacto,3,0.0400390625,441.3194999942789
10,13,ABCDEFGHI,ACEGI,Exacto,4,0.0908203125,409.7505999961868
10,13,ABCDEFGHI,ACEGI,Exacto,5,0.1650390625,452.2723000045517
10,13,ABCDEFGHI,ACEGI,Exacto_KL,3,0.0,1002.364599997236
10,13,ABCDEFGHI,ACEGI,Exacto_KL,4,0.015625,1448.685499999556
10,13,ABCDEFGHI,ACEGI,Exacto_KL,5,0.072265625,2342.541500001971
10,13,ABCDEFGHI,ACEGI,Rapido_MCTS,2,0.5040178571428572,1278.403100004653
10,13,ABCDEFGHI,ACEGI,Rapido_MCTS,3,0.5710714285714285,999.7528999811038
10,13,ABCDEFGHI,ACEGI,Rapido_MCTS,4,0.498392857142857,1381.800200004363
10,13,ABCDEFGHI,ACEGI,Rapido_MCTS,5,0.5609821428571428,1261.527399998158
10,13,ABCDEFGHI,ACEGI,Aprox_KLmc,3,0.0,742.9225000087172
10,13,ABCDEFGHI,ACEGI,Aprox_KLmc,4,0.015625,1157.192599988775
10,13,ABCDEFGHI,ACEGI,Aprox_KLmc,5,0.072265625,1869.819899991853
10,14,ABCDEFGHI,BDFHJ,Exacto,2,0.00390625,363.1293999933405
10,14,ABCDEFGHI,BDFHJ,Exacto,3,0.015625,409.4206000008853
10,14,ABCDEFGHI,BDFHJ,Exacto,4,0.03515625,494.4810999950278
10,14,ABCDEFGHI,BDFHJ,Exacto,5,0.0595703125,501.0081000000355
10,14,ABCDEFGHI,BDFHJ,Exacto_KL,3,0.0,1013.425399993139
10,14,ABCDEFGHI,BDFHJ,Exacto_KL,4,0.0078125,1383.970700000646
10,14,ABCDEFGHI,BDFHJ,Exacto_KL,5,0.0244140625,1873.796099993342
10,14,ABCDEFGHI,BDFHJ,Rapido_MCTS,2,0.0,950.7313000212889
10,14,ABCDEFGHI,BDFHJ,Rapido_MCTS,3,0.02651785714285715,1046.766999992542
10,14,ABCDEFGHI,BDFHJ,Rapido_MCTS,4,0.2271428571428571,1315.129499998875
10,14,ABCDEFGHI,BDFHJ,Rapido_MCTS,5,0.2155357142857143,1827.312799985521
10,14,ABCDEFGHI,BDFHJ,Aprox_KLmc,3,0.0,770.4094000218902
10,14,ABCDEFGHI,BDFHJ,Aprox_KLmc,4,0.0078125,1010.751699999673
10,14,ABCDEFGHI,BDFHJ,Aprox_KLmc,5,0.0244140625,1460.523999994621
10,15,BCDEFGHIJ,ABCDEFGHIJ,Exacto,2,0.47265625,771.4657000033185
10,15,BCDEFGHIJ,ABCDEFGHIJ,Exacto,3,0.953125,879.931099996611
10,15,BCDEFGHIJ,ABCDEFGHIJ,Exacto,4,1.447265625,1003.844899998512
10,15,BCDEFGHIJ,ABCDEFGHIJ,Exacto,5,1.9423828125,1127.194900000177
10,15,BCDEFGHIJ,ABCDEFGHIJ,Exacto_KL,3,0.0,2843.654299998889
10,15,BCDEFGHIJ,ABCDEFGHIJ,Exacto_KL,4,0.453125,4000.428800005466
10,15,BCDEFGHIJ,ABCDEFGHIJ,Exacto_KL,5,0.89453125,4699.965499996324
10,15,BCDEFGHIJ,ABCDEFGHIJ,Rapido_MCTS,2,3.64,1800.144300010288
10,15,BCDEFGHIJ,ABCDEFGHIJ,Rapido_MCTS,3,3.677142857142857,1637.053900019964
10,15,BCDEFGHIJ,ABCDEFGHIJ,Rapido_MCTS,4,4.171428571428572,1999.710199976107
10,15,BCDEFGHIJ,ABCDEFGHIJ,Rapido_MCTS,5,4.265714285714286,2199.788400001125
10,15,BCDEFGHIJ,ABCDEFGHIJ,Aprox_KLmc,3,0.0,1879.532000020845
10,15,BCDEFGHIJ,ABCDEFGHIJ,Aprox_KLmc,4,0.453125,3309.112899994943
10,15,BCDEFGHIJ,ABCDEFGHIJ,Aprox_KLmc,5,0.89453125,3916.013399983058
10,16,BCDEFGHIJ,ABCDEFGHI,Exacto,2,0.0048828125,616.4717999999993
10,16,BCDEFGHIJ,ABCDEFGHI,Exacto,3,0.0107421875,719.0551000021514
10,16,BCDEFGHIJ,ABCDEFGHI,Exacto,4,0.0302734375,779.149599999073
10,16,BCDEFGHIJ,ABCDEFGHI,Exacto,5,0.0576171875,1016.579200004344
10,16,BCDEFGHIJ,ABCDEFGHI,Exacto_KL,3,0.005859375,1161.618900005124
10,16,BCDEFGHIJ,ABCDEFGHI,Exacto_KL,4,0.0,3340.125000002445
10,16,BCDEFGHIJ,ABCDEFGHI,Exacto_KL,5,0.00390625,4674.395800000639
10,16,BCDEFGHIJ,ABCDEFGHI,Rapido_MCTS,2,1.832857142857143,1235.44670001138
10,16,BCDEFGHIJ,ABCDEFGHI,Rapido_MCTS,3,1.651428571428572,1542.365200002678
10,16,BCDEFGHIJ,ABCDEFGHI,Rapido_MCTS,4,1.907142857142857,1490.556100005051
10,16,BCDEFGHIJ,ABCDEFGHI,Rapido_MCTS,5,2.608571428571429,1742.800200008787
10,16,BCDEFGHIJ,ABCDEFGHI,Aprox_KLmc,3,0.005859375,618.2332999887876
10,16,BCDEFGHIJ,ABCDEFGHI,Aprox_KLmc,4,0.0,2638.732399995206
10,16,BCDEFGHIJ,ABCDEFGHI,Aprox_KLmc,5,0.00390625,4088.87209999375
10,17,BCDEFGHIJ,BCDEFGHIJ,Exacto,2,0.0048828125,626.9616999998107
10,17,BCDEFGHIJ,BCDEFGHIJ,Exacto,3,0.01171875,766.9703999999911
10,17,BCDEFGHIJ,BCDEFGHIJ,Exacto,4,0.0234375,1018.464000000677
10,17,BCDEFGHIJ,BCDEFGHIJ,Exacto,5,0.03515625,1237.831200000073
10,17,BCDEFGHIJ,BCDEFGHIJ,Exacto_KL,3,0.00390625,1873.711300002469
10,17,BCDEFGHIJ,BCDEFGHIJ,Exacto_KL,4,0.0,2776.882899997872
10,17,BCDEFGHIJ,BCDEFGHIJ,Exacto_KL,5,0.00390625,4577.428500000678
10,17,BCDEFGHIJ,BCDEFGHIJ,Rapido_MCTS,2,0.0,1190.264499979094
10,17,BCDEFGHIJ,BCDEFGHIJ,Rapido_MCTS,3,1.762857142857143,1546.040500019444
10,17,BCDEFGHIJ,BCDEFGHIJ,Rapido_MCTS,4,2.097142857142857,1629.321199987317
10,17,BCDEFGHIJ,BCDEFGHIJ,Rapido_MCTS,5,2.07,1542.007899988675
10,17,BCDEFGHIJ,BCDEFGHIJ,Aprox_KLmc,3,0.00390625,901.2056000065058
10,17,BCDEFGHIJ,BCDEFGHIJ,Aprox_KLmc,4,0.0,2011.058200005209
10,17,BCDEFGHIJ,BCDEFGHIJ,Aprox_KLmc,5,0.00390625,2809.090599999763
10,18,BCDEFGHIJ,BCDEFGHI,Exacto,2,0.01171875,691.5491999970982
10,18,BCDEFGHIJ,BCDEFGHI,Exacto,3,0.0234375,721.514599994407
10,18,BCDEFGHIJ,BCDEFGHI,Exacto,4,0.05078125,796.8276000028709
10,18,BCDEFGHIJ,BCDEFGHI,Exacto,5,0.28125,1007.326000006287
10,18,BCDEFGHIJ,BCDEFGHI,Exacto_KL,3,0.00390625,1315.654099998937
10,18,BCDEFGHIJ,BCDEFGHI,Exacto_KL,4,0.0,2517.670499997621
10,18,BCDEFGHIJ,BCDEFGHI,Exacto_KL,5,0.0625,4744.218400002865
10,18,BCDEFGHIJ,BCDEFGHI,Rapido_MCTS,2,0.0,892.7966999763157
10,18,BCDEFGHIJ,BCDEFGHI,Rapido_MCTS,3,0.3078571428571428,1231.767199991737
10,18,BCDEFGHIJ,BCDEFGHI,Rapido_MCTS,4,1.220714285714286,1566.941600001883
10,18,BCDEFGHIJ,BCDEFGHI,Rapido_MCTS,5,1.333571428571428,1729.148099984741
10,18,BCDEFGHIJ,BCDEFGHI,Aprox_KLmc,3,0.00390625,806.8581999978051
10,18,BCDEFGHIJ,BCDEFGHI,Aprox_KLmc,4,0.0,1770.439999992959
10,18,BCDEFGHIJ,BCDEFGHI,Aprox_KLmc,5,0.0625,3847.628599993186
10,19,BCDEFGHIJ,ABDEGHJ,Exacto,2,0.005859375,649.0564999985509
10,19,BCDEFGHIJ,ABDEGHJ,Exacto,3,0.025390625,907.7386999997543
10,19,BCDEFGHIJ,ABDEGHJ,Exacto,4,0.052734375,777.6386999976239
10,19,BCDEFGHIJ,ABDEGHJ,Exacto,5,0.162109375,844.8788000023342
10,19,BCDEFGHIJ,ABDEGHJ,Exacto_KL,3,0.0,1428.532099998847
10,19,BCDEFGHIJ,ABDEGHJ,Exacto_KL,4,0.005859375,1768.135700003768
10,19,BCDEFGHIJ,ABDEGHJ,Exacto_KL,5,0.0078125,4681.974299994181
10,19,BCDEFGHIJ,ABDEGHJ,Rapido_MCTS,2,0.7296428571428571,1047.063899983186
10,19,BCDEFGHIJ,ABDEGHJ,Rapido_MCTS,3,0.7864285714285714,1528.978299989831
10,19,BCDEFGHIJ,ABDEGHJ,Rapido_MCTS,4,0.7557142857142859,1278.479100001277
10,19,BCDEFGHIJ,ABDEGHJ,Rapido_MCTS,5,0.7332142857142857,1342.828299995745
10,19,BCDEFGHIJ,ABDEGHJ,Aprox_KLmc,3,0.0,729.768499993952
10,19,BCDEFGHIJ,ABDEGHJ,Aprox_KLmc,4,0.005859375,1177.633099985542
10,19,BCDEFGHIJ,ABDEGHJ,Aprox_KLmc,5,0.0078125,4440.949599986197
10,20,BCDEFGHIJ,ACEGI,Exacto,2,0.015625,692.6122000004398
10,20,BCDEFGHIJ,ACEGI,Exacto,3,0.0400390625,781.2773000041489
10,20,BCDEFGHIJ,ACEGI,Exacto,4,0.0771484375,903.2673999972758
10,20,BCDEFGHIJ,ACEGI,Exacto,5,0.1513671875,867.1006000004127
10,20,BCDEFGHIJ,ACEGI,Exacto_KL,3,0.0,1483.231400001387
10,20,BCDEFGHIJ,ACEGI,Exacto_KL,4,0.037109375,2266.439700004412
10,20,BCDEFGHIJ,ACEGI,Exacto_KL,5,0.109375,2226.673000004666
10,20,BCDEFGHIJ,ACEGI,Rapido_MCTS,2,0.4736607142857143,1085.93239999027
10,20,BCDEFGHIJ,ACEGI,Rapido_MCTS,3,0.6945535714285714,1064.386399986688
10,20,BCDEFGHIJ,ACEGI,Rapido_MCTS,4,0.5006249999999999,1157.200599991484
10,20,BCDEFGHIJ,ACEGI,Rapido_MCTS,5,0.5533035714285715,1296.082400018349
10,20,BCDEFGHIJ,ACEGI,Aprox_KLmc,3,0.0,724.1477000061423
10,20,BCDEFGHIJ,ACEGI,Aprox_KLmc,4,0.037109375,953.5703999863472
10,20,BCDEFGHIJ,ACEGI,Aprox_KLmc,5,0.109375,1330.775800015545
10,21,BCDEFGHIJ,BDFHJ,Exacto,2,0.00390625,890.3997000015806
10,21,BCDEFGHIJ,BDFHJ,Exacto,3,0.015625,869.0535999994609
10,21,BCDEFGHIJ,BDFHJ,Exacto,4,0.0400390625,888.3379000035347
10,21,BCDEFGHIJ,BDFHJ,Exacto,5,0.0654296875,942.60299999587
10,21,BCDEFGHIJ,BDFHJ,Exacto_KL,3,0.0,1429.776400000264
10,21,BCDEFGHIJ,BDFHJ,Exacto_KL,4,0.00390625,2032.160499999009
10,21,BCDEFGHIJ,BDFHJ,Exacto_KL,5,0.025390625,2205.226599995513
10,21,BCDEFGHIJ,BDFHJ,Rapido_MCTS,2,0.0,957.5132000027224
10,21,BCDEFGHIJ,BDFHJ,Rapido_MCTS,3,0.04794642857142861,1197.619100013981
10,21,BCDEFGHIJ,BDFHJ,Rapido_MCTS,4,0.0993750000000001,1554.148299997905
10,21,BCDEFGHIJ,BDFHJ,Rapido_MCTS,5,0.06705357142857138,1317.159400001401
10,21,BCDEFGHIJ,BDFHJ,Aprox_KLmc,3,0.0,656.3271000050008
10,21,BCDEFGHIJ,BDFHJ,Aprox_KLmc,4,0.00390625,1000.454000022728
10,21,BCDEFGHIJ,BDFHJ,Aprox_KLmc,5,0.025390625,1409.596700017573
10,22,BCDEFGHI,ABCDEFGHIJ,Exacto,2,0.47265625,1129.461199998332
10,22,BCDEFGHI,ABCDEFGHIJ,Exacto,3,0.953125,1223.921800003154
10,22,BCDEFGHI,ABCDEFGHIJ,Exacto,4,1.4482421875,1393.187800000305
10,22,BCDEFGHI,ABCDEFGHIJ,Exacto,5,1.4482421875,1572.946000000229
10,22,BCDEFGHI,ABCDEFGHIJ,Exacto_KL,3,0.0,2619.081800003187
10,22,BCDEFGHI,ABCDEFGHIJ,Exacto_KL,4,0.4375,3628.726200004166
10,22,BCDEFGHI,ABCDEFGHIJ,Exacto_KL,5,0.71875,10537.13390000485
10,22,BCDEFGHI,ABCDEFGHIJ,Rapido_MCTS,2,3.031428571428571,1429.110600001877
10,22,BCDEFGHI,ABCDEFGHIJ,Rapido_MCTS,3,3.088571428571429,1566.114100016421
10,22,BCDEFGHI,ABCDEFGHIJ,Rapido_MCTS,4,3.714285714285714,1800.82209999091
10,22,BCDEFGHI,ABCDEFGHIJ,Rapido_MCTS,5,4.068571428571429,1656.085399998119
10,22,BCDEFGHI,ABCDEFGHIJ,Aprox_KLmc,3,0.0,1631.338300008792
10,22,BCDEFGHI,ABCDEFGHIJ,Aprox_KLmc,4,0.4375,2525.756899995031
10,22,BCDEFGHI,ABCDEFGHIJ,Aprox_KLmc,5,0.71875,9701.46169999498
10,23,BCDEFGHI,ABCDEFGHI,Exacto,2,0.0048828125,1193.975399997726
10,23,BCDEFGHI,ABCDEFGHI,Exacto,3,0.0244140625,1139.461899998423
10,23,BCDEFGHI,ABCDEFGHI,Exacto,4,0.0517578125,1199.059300000954
10,23,BCDEFGHI,ABCDEFGHI,Exacto,5,0.55859375,1308.499099999608
10,23,BCDEFGHI,ABCDEFGHI,Exacto_KL,3,0.0,1661.427499995625
10,23,BCDEFGHI,ABCDEFGHI,Exacto_KL,4,0.00390625,2376.660200003244
10,23,BCDEFGHI,ABCDEFGHI,Exacto_KL,5,0.453125,4025.544800002535
10,23,BCDEFGHI,ABCDEFGHI,Rapido_MCTS,2,1.551428571428572,1056.936499982839
10,23,BCDEFGHI,ABCDEFGHI,Rapido_MCTS,3,1.602857142857143,1186.23610000941
10,23,BCDEFGHI,ABCDEFGHI,Rapido_MCTS,4,2.038571428571429,1479.927400010638
10,23,BCDEFGHI,ABCDEFGHI,Rapido_MCTS,5,2.514285714285714,1396.453900000779
10,23,BCDEFGHI,ABCDEFGHI,Aprox_KLmc,3,0.0,745.1304999995045
10,23,BCDEFGHI,ABCDEFGHI,Aprox_KLmc,4,0.00390625,1306.331600004341
10,23,BCDEFGHI,ABCDEFGHI,Aprox_KLmc,5,0.453125,2912.187400012044
10,24,BCDEFGHI,BCDEFGHIJ,Exacto,2,0.0048828125,1078.894400001445
10,24,BCDEFGHI,BCDEFGHIJ,Exacto,3,0.01171875,1183.139500004472
10,24,BCDEFGHI,BCDEFGHIJ,Exacto,4,0.0234375,1240.305400002399
10,24,BCDEFGHI,BCDEFGHIJ,Exacto,5,0.03515625,1309.468300001754
10,24,BCDEFGHI,BCDEFGHIJ,Exacto_KL,3,0.00390625,2072.624899999937
10,24,BCDEFGHI,BCDEFGHIJ,Exacto_KL,4,0.0,2763.564499997301
10,24,BCDEFGHI,BCDEFGHIJ,Exacto_KL,5,0.00390625,3314.462300004379
10,24,BCDEFGHI,BCDEFGHIJ,Rapido_MCTS,2,0.0,992.520500003593
10,24,BCDEFGHI,BCDEFGHIJ,Rapido_MCTS,3,0.5328571428571429,1415.589699987322
10,24,BCDEFGHI,BCDEFGHIJ,Rapido_MCTS,4,0.6228571428571428,1323.399200016866
10,24,BCDEFGHI,BCDEFGHIJ,Rapido_MCTS,5,0.5342857142857141,1481.684999977006
10,24,BCDEFGHI,BCDEFGHIJ,Aprox_KLmc,3,0.00390625,749.8560000094585
10,24,BCDEFGHI,BCDEFGHIJ,Aprox_KLmc,4,0.0,1730.837600014638
10,24,BCDEFGHI,BCDEFGHIJ,Aprox_KLmc,5,0.00390625,2316.920600016601
10,25,BCDEFGHI,BCDEFGHI,Exacto,2,0.01171875,1088.961800000106
10,25,BCDEFGHI,BCDEFGHI,Exacto,3,0.0234375,1181.225000000268
10,25,BCDEFGHI,BCDEFGHI,Exacto,4,0.05078125,1251.635599997826
10,25,BCDEFGHI,BCDEFGHI,Exacto,5,0.28125,1297.986099998525
10,25,BCDEFGHI,BCDEFGHI,Exacto_KL,3,0.00390625,1833.247400005348
10,25,BCDEFGHI,BCDEFGHI,Exacto_KL,4,0.0,2525.163999998767
10,25,BCDEFGHI,BCDEFGHI,Exacto_KL,5,0.0625,4048.599699999613
10,25,BCDEFGHI,BCDEFGHI,Rapido_MCTS,2,0.0,944.120500003919
10,25,BCDEFGHI,BCDEFGHI,Rapido_MCTS,3,0.2892857142857141,1243.493800022407
10,25,BCDEFGHI,BCDEFGHI,Rapido_MCTS,4,0.5928571428571426,1501.307800004724
10,25,BCDEFGHI,BCDEFGHI,Rapido_MCTS,5,0.7464285714285716,1476.801100012381
10,25,BCDEFGHI,BCDEFGHI,Aprox_KLmc,3,0.00390625,689.9613999994472
10,25,BCDEFGHI,BCDEFGHI,Aprox_KLmc,4,0.0,1536.168800026644
10,25,BCDEFGHI,BCDEFGHI,Aprox_KLmc,5,0.0625,3127.417499985313
10,26,BCDEFGHI,ABDEGHJ,Exacto,2,0.01953125,1227.613700000802
10,26,BCDEFGHI,ABDEGHJ,Exacto,3,0.046875,1250.267099996563
10,26,BCDEFGHI,ABDEGHJ,Exacto,4,0.15625,1366.879000001063
10,26,BCDEFGHI,ABDEGHJ,Exacto,5,0.26953125,1391.628799996397
10,26,BCDEFGHI,ABDEGHJ,Exacto_KL,3,0.0,1749.316699999326
10,26,BCDEFGHI,ABDEGHJ,Exacto_KL,4,0.0234375,2835.656199997175
10,26,BCDEFGHI,ABDEGHJ,Exacto_KL,5,0.046875,3855.504300001485
10,26,BCDEFGHI,ABDEGHJ,Rapido_MCTS,2,0.7032142857142858,1091.210299986415
10,26,BCDEFGHI,ABDEGHJ,Rapido_MCTS,3,0.6935714285714284,1184.997500007739
10,26,BCDEFGHI,ABDEGHJ,Rapido_MCTS,4,0.822142857142857,1555.100000026869
10,26,BCDEFGHI,ABDEGHJ,Rapido_MCTS,5,0.7121428571428571,1284.159700007876
10,26,BCDEFGHI,ABDEGHJ,Aprox_KLmc,3,0.0,802.2385000076611
10,26,BCDEFGHI,ABDEGHJ,Aprox_KLmc,4,0.0234375,1786.333600000944
10,26,BCDEFGHI,ABDEGHJ,Aprox_KLmc,5,0.046875,2859.436400001869
10,27,BCDEFGHI,ACEGI,Exacto,2,0.015625,1410.238000004028
10,27,BCDEFGHI,ACEGI,Exacto,3,0.0400390625,1317.51770000119
10,27,BCDEFGHI,ACEGI,Exacto,4,0.1142578125,1411.069599998882
10,27,BCDEFGHI,ACEGI,Exacto,5,0.1884765625,1699.639300000854
10,27,BCDEFGHI,ACEGI,Exacto_KL,3,0.0,1890.826399998332
10,27,BCDEFGHI,ACEGI,Exacto_KL,4,0.072265625,2123.888299996906
10,27,BCDEFGHI,ACEGI,Exacto_KL,5,0.015625,4084.388999996008
10,27,BCDEFGHI,ACEGI,Rapido_MCTS,2,0.4715178571428573,822.8854000044521
10,27,BCDEFGHI,ACEGI,Rapido_MCTS,3,0.50875,1158.803700003773
10,27,BCDEFGHI,ACEGI,Rapido_MCTS,4,0.5759821428571429,1073.061300005065
10,27,BCDEFGHI,ACEGI,Rapido_MCTS,5,0.5092857142857143,1117.536200006725
10,27,BCDEFGHI,ACEGI,Aprox_KLmc,3,0.0,628.5128000017721
10,27,BCDEFGHI,ACEGI,Aprox_KLmc,4,0.072265625,991.0329999984242
10,27,BCDEFGHI,ACEGI,Aprox_KLmc,5,0.015625,2648.875499988208
10,28,BCDEFGHI,BDFHJ,Exacto,2,0.00390625,1293.383600001107
10,28,BCDEFGHI,BDFHJ,Exacto,3,0.015625,1371.71749999834
10,28,BCDEFGHI,BDFHJ,Exacto,4,0.0400390625,1465.923400006432
10,28,BCDEFGHI,BDFHJ,Exacto,5,0.06640625,1529.042399997707
10,28,BCDEFGHI,BDFHJ,Exacto_KL,3,0.0,1873.957600000722
10,28,BCDEFGHI,BDFHJ,Exacto_KL,4,0.00390625,2144.508000004862
10,28,BCDEFGHI,BDFHJ,Exacto_KL,5,0.0263671875,2465.979000000516
10,28,BCDEFGHI,BDFHJ,Rapido_MCTS,2,0.0,725.015700008953
10,28,BCDEFGHI,BDFHJ,Rapido_MCTS,3,0.02133928571428578,1072.929599991767
10,28,BCDEFGHI,BDFHJ,Rapido_MCTS,4,0.04214285714285715,1047.382600023411
10,28,BCDEFGHI,BDFHJ,Rapido_MCTS,5,0.02383928571428573,1156.136800011154
10,28,BCDEFGHI,BDFHJ,Aprox_KLmc,3,0.0,658.4096000005957
10,28,BCDEFGHI,BDFHJ,Aprox_KLmc,4,0.00390625,946.628999983659
10,28,BCDEFGHI,BDFHJ,Aprox_KLmc,5,0.0263671875,1597.578199987765
10,29,ABDEGHJ,ABCDEFGHIJ,Exacto,2,0.48046875,1711.897600005614
10,29,ABDEGHJ,ABCDEFGHIJ,Exacto,3,0.974609375,1752.595500001917
10,29,ABDEGHJ,ABCDEFGHIJ,Exacto,4,1.4697265625,1898.555899999337
10,29,ABDEGHJ,ABCDEFGHIJ,Exacto,5,1.4697265625,2109.798800003773
10,29,ABDEGHJ,ABCDEFGHIJ,Exacto_KL,3,0.494140625,2299.256899997999
10,29,ABDEGHJ,ABCDEFGHIJ,Exacto_KL,4,0.515625,7776.012100002845
10,29,ABDEGHJ,ABCDEFGHIJ,Exacto_KL,5,0.9375,8945.531700002903
10,29,ABDEGHJ,ABCDEFGHIJ,Rapido_MCTS,2,2.648571428571429,1069.533100002445
10,29,ABDEGHJ,ABCDEFGHIJ,Rapido_MCTS,3,2.782857142857143,1344.582299992908
10,29,ABDEGHJ,ABCDEFGHIJ,Rapido_MCTS,4,3.222857142857143,1393.123899993952
10,29,ABDEGHJ,ABCDEFGHIJ,Rapido_MCTS,5,2.991428571428571,1417.847000004258
10,29,ABDEGHJ,ABCDEFGHIJ,Aprox_KLmc,3,0.494140625,796.2549999938346
10,29,ABDEGHJ,ABCDEFGHIJ,Aprox_KLmc,4,0.515625,5611.469099996611
10,29,ABDEGHJ,ABCDEFGHIJ,Aprox_KLmc,5,0.9375,7495.227800012799
10,30,ABDEGHJ,ABCDEFGHI,Exacto,2,0.0048828125,1706.255500001134
10,30,ABDEGHJ,ABCDEFGHI,Exacto,3,0.0107421875,1867.442300004768
10,30,ABDEGHJ,ABCDEFGHI,Exacto,4,0.0302734375,2190.306699994835
10,30,ABDEGHJ,ABCDEFGHI,Exacto,5,0.5302734375,2000.081299993326
10,30,ABDEGHJ,ABCDEFGHI,Exacto_KL,3,0.005859375,2247.568699996918
10,30,ABDEGHJ,ABCDEFGHI,Exacto_KL,4,0.0,3627.893600001698
10,30,ABDEGHJ,ABCDEFGHI,Exacto_KL,5,0.5,5304.656200009049
10,30,ABDEGHJ,ABCDEFGHI,Rapido_MCTS,2,1.621428571428571,893.3809000009205
10,30,ABDEGHJ,ABCDEFGHI,Rapido_MCTS,3,2.09,1081.170299992664
10,30,ABDEGHJ,ABCDEFGHI,Rapido_MCTS,4,2.191428571428571,1156.160999991698
10,30,ABDEGHJ,ABCDEFGHI,Rapido_MCTS,5,1.852857142857143,1752.575199992862
10,30,ABDEGHJ,ABCDEFGHI,Aprox_KLmc,3,0.005859375,580.001300026197
10,30,ABDEGHJ,ABCDEFGHI,Aprox_KLmc,4,0.0,2078.652899974259
10,30,ABDEGHJ,ABCDEFGHI,Aprox_KLmc,5,0.5,3877.502599993022
10,31,ABDEGHJ,BCDEFGHIJ,Exacto,2,0.0048828125,1799.512500001583
10,31,ABDEGHJ,BCDEFGHIJ,Exacto,3,0.0166015625,1933.221400002367
10,31,ABDEGHJ,BCDEFGHIJ,Exacto,4,0.0283203125,2478.565600002185
10,31,ABDEGHJ,BCDEFGHIJ,Exacto,5,0.0439453125,2233.776599998237
10,31,ABDEGHJ,BCDEFGHIJ,Exacto_KL,3,0.0,2749.214700001176
10,31,ABDEGHJ,BCDEFGHIJ,Exacto_KL,4,0.00390625,2958.752499995171
10,31,ABDEGHJ,BCDEFGHIJ,Exacto_KL,5,0.01171875,3505.213399999775
10,31,ABDEGHJ,BCDEFGHIJ,Rapido_MCTS,2,0.0,1046.506399987265
10,31,ABDEGHJ,BCDEFGHIJ,Rapido_MCTS,3,1.08,1377.670899993973
10,31,ABDEGHJ,BCDEFGHIJ,Rapido_MCTS,4,0.8428571428571427,1323.026599973673
10,31,ABDEGHJ,BCDEFGHIJ,Rapido_MCTS,5,1.508571428571428,1296.244899975136
10,31,ABDEGHJ,BCDEFGHIJ,Aprox_KLmc,3,0.0,986.4666999783367
10,31,ABDEGHJ,BCDEFGHIJ,Aprox_KLmc,4,0.00390625,1455.732600006741
10,31,ABDEGHJ,BCDEFGHIJ,Aprox_KLmc,5,0.01171875,1964.131799992174
10,32,ABDEGHJ,BCDEFGHI,Exacto,2,0.01171875,1784.582399995998
10,32,ABDEGHJ,BCDEFGHI,Exacto,3,0.0234375,2173.102600005222
10,32,ABDEGHJ,BCDEFGHI,Exacto,4,0.04296875,2051.617899996927
10,32,ABDEGHJ,BCDEFGHI,Exacto,5,0.287109375,2102.074800000992
10,32,ABDEGHJ,BCDEFGHI,Exacto_KL,3,0.00390625,2635.056400002213
10,32,ABDEGHJ,BCDEFGHI,Exacto_KL,4,0.0078125,3013.665099992068
10,32,ABDEGHJ,BCDEFGHI,Exacto_KL,5,0.2109375,3743.722200000775
10,32,ABDEGHJ,BCDEFGHI,Rapido_MCTS,2,0.0,1224.906499992358
10,32,ABDEGHJ,BCDEFGHI,Rapido_MCTS,3,0.3964285714285715,1387.600299989572
10,32,ABDEGHJ,BCDEFGHI,Rapido_MCTS,4,0.3957142857142858,1364.128699991852
10,32,ABDEGHJ,BCDEFGHI,Rapido_MCTS,5,1.010714285714286,1165.935700002592
10,32,ABDEGHJ,BCDEFGHI,Aprox_KLmc,3,0.00390625,735.5802000092808
10,32,ABDEGHJ,BCDEFGHI,Aprox_KLmc,4,0.0078125,1272.916999994777
10,32,ABDEGHJ,BCDEFGHI,Aprox_KLmc,5,0.2109375,2265.156100009335
10,33,ABDEGHJ,ABDEGHJ,Exacto,2,0.005859375,2124.448300004588
10,33,ABDEGHJ,ABDEGHJ,Exacto,3,0.111328125,2001.833599992096
10,33,ABDEGHJ,ABDEGHJ,Exacto,4,0.220703125,2097.774099995149
10,33,ABDEGHJ,ABDEGHJ,Exacto,5,0.333984375,2216.256999992765
10,33,ABDEGHJ,ABDEGHJ,Exacto_KL,3,0.0,2655.594700001529
10,33,ABDEGHJ,ABDEGHJ,Exacto_KL,4,0.095703125,3243.525700003374
10,33,ABDEGHJ,ABDEGHJ,Exacto_KL,5,0.11328125,3541.838900011498
10,33,ABDEGHJ,ABDEGHJ,Rapido_MCTS,2,0.6192857142857142,1323.69099999778
10,33,ABDEGHJ,ABDEGHJ,Rapido_MCTS,3,0.5985714285714285,1333.161000016844
10,33,ABDEGHJ,ABDEGHJ,Rapido_MCTS,4,0.6357142857142858,1250.257499981672
10,33,ABDEGHJ,ABDEGHJ,Rapido_MCTS,5,0.6389285714285714,1455.290999991121
10,33,ABDEGHJ,ABDEGHJ,Aprox_KLmc,3,0.0,752.2554000024684
10,33,ABDEGHJ,ABDEGHJ,Aprox_KLmc,4,0.095703125,1135.20309998421
10,33,ABDEGHJ,ABDEGHJ,Aprox_KLmc,5,0.11328125,1650.756999995792
10,34,ABDEGHJ,ACEGI,Exacto,2,0.015625,2078.92030000221
10,34,ABDEGHJ,ACEGI,Exacto,3,0.052734375,2373.14179999521
10,34,ABDEGHJ,ACEGI,Exacto,4,0.103515625,2350.281099992571
10,34,ABDEGHJ,ACEGI,Exacto,5,0.177734375,2552.275800000643
10,34,ABDEGHJ,ACEGI,Exacto_KL,3,0.037109375,2665.228300000308
10,34,ABDEGHJ,ACEGI,Exacto_KL,4,0.052734375,2849.020900001051
10,34,ABDEGHJ,ACEGI,Exacto_KL,5,0.08984375,3393.342499999562
10,34,ABDEGHJ,ACEGI,Rapido_MCTS,2,0.2475000000000001,965.3047999890987
10,34,ABDEGHJ,ACEGI,Rapido_MCTS,3,0.3649107142857143,927.1570999990217
10,34,ABDEGHJ,ACEGI,Rapido_MCTS,4,0.3942857142857142,1060.150600009365
10,34,ABDEGHJ,ACEGI,Rapido_MCTS,5,0.32875,1038.946999993641
10,34,ABDEGHJ,ACEGI,Aprox_KLmc,3,0.037109375,411.5574000170454
10,34,ABDEGHJ,ACEGI,Aprox_KLmc,4,0.052734375,745.1541999762412
10,34,ABDEGHJ,ACEGI,Aprox_KLmc,5,0.08984375,1106.016000005184
10,35,ABDEGHJ,BDFHJ,Exacto,2,0.01953125,2216.345900000306
10,35,ABDEGHJ,BDFHJ,Exacto,3,0.044921875,2252.211400002125
10,35,ABDEGHJ,BDFHJ,Exacto,4,0.0712890625,2289.313200002653
10,35,ABDEGHJ,BDFHJ,Exacto,5,0.1142578125,2730.143799999496
10,35,ABDEGHJ,BDFHJ,Exacto_KL,3,0.0078125,2844.254600000568
10,35,ABDEGHJ,BDFHJ,Exacto_KL,4,0.01171875,3044.12959999172
10,35,ABDEGHJ,BDFHJ,Exacto_KL,5,0.041015625,3803.289100003894
10,35,ABDEGHJ,BDFHJ,Rapido_MCTS,2,0.0,683.025300008012
10,35,ABDEGHJ,BDFHJ,Rapido_MCTS,3,0.0,930.1078999997117
10,35,ABDEGHJ,BDFHJ,Rapido_MCTS,4,0.141875,1271.622100000968
10,35,ABDEGHJ,BDFHJ,Rapido_MCTS,5,0.2627678571428572,1229.720700008329
10,35,ABDEGHJ,BDFHJ,Aprox_KLmc,3,0.0078125,563.8891999842599
10,35,ABDEGHJ,BDFHJ,Aprox_KLmc,4,0.01171875,839.1511000227183
10,35,ABDEGHJ,BDFHJ,Aprox_KLmc,5,0.041015625,1194.070099998498
10,36,ACEGI,ABCDEFGHIJ,Exacto,2,0.47265625,2888.059000004432
10,36,ACEGI,ABCDEFGHIJ,Exacto,3,0.953125,3714.115900002071
10,36,ACEGI,ABCDEFGHIJ,Exacto,4,0.953125,2693.572599993786
10,36,ACEGI,ABCDEFGHIJ,Exacto,5,1.203125,2806.683300004806
10,36,ACEGI,ABCDEFGHIJ,Exacto_KL,3,0.0,3403.855600001407
10,36,ACEGI,ABCDEFGHIJ,Exacto_KL,4,0.5,5906.888400000753
10,36,ACEGI,ABCDEFGHIJ,Exacto_KL,5,0.75,4694.442499996512
10,36,ACEGI,ABCDEFGHIJ,Rapido_MCTS,2,2.437142857142857,906.1846999975387
10,36,ACEGI,ABCDEFGHIJ,Rapido_MCTS,3,2.351428571428571,1111.72610000358
10,36,ACEGI,ABCDEFGHIJ,Rapido_MCTS,4,2.251428571428571,1167.643799999496
10,36,ACEGI,ABCDEFGHIJ,Rapido_MCTS,5,2.254285714285714,1088.006300007692
10,36,ACEGI,ABCDEFGHIJ,Aprox_KLmc,3,0.0,938.9356999890879
10,36,ACEGI,ABCDEFGHIJ,Aprox_KLmc,4,0.5,3713.353799976176
10,36,ACEGI,ABCDEFGHIJ,Aprox_KLmc,5,0.75,2108.480599999893
10,37,ACEGI,ABCDEFGHI,Exacto,2,0.0048828125,2618.367999995826
10,37,ACEGI,ABCDEFGHI,Exacto,3,0.0244140625,2714.027000009082
10,37,ACEGI,ABCDEFGHI,Exacto,4,0.0244140625,2690.556799992919
10,37,ACEGI,ABCDEFGHI,Exacto,5,0.0439453125,2722.696300013922
10,37,ACEGI,ABCDEFGHI,Exacto_KL,3,0.0,2936.007399999653
10,37,ACEGI,ABCDEFGHI,Exacto_KL,4,0.0,3239.360100007616
10,37,ACEGI,ABCDEFGHI,Exacto_KL,5,0.0,3742.00299999211
10,37,ACEGI,ABCDEFGHI,Rapido_MCTS,2,0.5371428571428571,815.9736000234261
10,37,ACEGI,ABCDEFGHI,Rapido_MCTS,3,0.3771428571428572,960.543699999107
10,37,ACEGI,ABCDEFGHI,Rapido_MCTS,4,0.6571428571428571,1117.478400003165
10,37,ACEGI,ABCDEFGHI,Rapido_MCTS,5,0.5185714285714285,1018.860099982703
10,37,ACEGI,ABCDEFGHI,Aprox_KLmc,3,0.0,519.3812999932561
10,37,ACEGI,ABCDEFGHI,Aprox_KLmc,4,0.0,739.4220999849495
10,37,ACEGI,ABCDEFGHI,Aprox_KLmc,5,0.0,1328.23820001795
10,38,ACEGI,BCDEFGHIJ,Exacto,2,0.0048828125,2610.227299999679
10,38,ACEGI,BCDEFGHIJ,Exacto,3,0.0205078125,2754.624299996067
10,38,ACEGI,BCDEFGHIJ,Exacto,4,0.4931640625,2758.758799987845
10,38,ACEGI,BCDEFGHIJ,Exacto,5,0.7431640625,2948.409500007983
10,38,ACEGI,BCDEFGHIJ,Exacto_KL,3,0.00390625,3087.992000000668
10,38,ACEGI,BCDEFGHIJ,Exacto_KL,4,0.40625,3613.830400005099
10,38,ACEGI,BCDEFGHIJ,Exacto_KL,5,0.65625,4060.062600008678
10,38,ACEGI,BCDEFGHIJ,Rapido_MCTS,2,0.0,785.8039999846369
10,38,ACEGI,BCDEFGHIJ,Rapido_MCTS,3,0.001428571428571446,998.5049999959301
10,38,ACEGI,BCDEFGHIJ,Rapido_MCTS,4,1.352857142857143,1115.927600010764
10,38,ACEGI,BCDEFGHIJ,Rapido_MCTS,5,1.245714285714286,1122.033599996939
10,38,ACEGI,BCDEFGHIJ,Aprox_KLmc,3,0.00390625,534.2023999837693
10,38,ACEGI,BCDEFGHIJ,Aprox_KLmc,4,0.40625,1015.257799997926
10,38,ACEGI,BCDEFGHIJ,Aprox_KLmc,5,0.65625,1464.624999993248
10,39,ACEGI,BCDEFGHI,Exacto,2,0.01953125,2702.485999994678
10,39,ACEGI,BCDEFGHI,Exacto,3,0.046875,2951.698499993654
10,39,ACEGI,BCDEFGHI,Exacto,4,0.27734375,2846.975400010706
10,39,ACEGI,BCDEFGHI,Exacto,5,0.27734375,3092.591799999354
10,39,ACEGI,BCDEFGHI,Exacto_KL,3,0.00390625,3160.120899992762
10,39,ACEGI,BCDEFGHI,Exacto_KL,4,0.03125,3613.1144999963
10,39,ACEGI,BCDEFGHI,Exacto_KL,5,0.03125,4904.17460000026
10,39,ACEGI,BCDEFGHI,Rapido_MCTS,2,0.0,740.7756999891717
10,39,ACEGI,BCDEFGHI,Rapido_MCTS,3,0.2742857142857142,903.572900017025
10,39,ACEGI,BCDEFGHI,Rapido_MCTS,4,0.005714285714285783,1078.046100010397
10,39,ACEGI,BCDEFGHI,Rapido_MCTS,5,0.8014285714285714,1184.924400004093
10,39,ACEGI,BCDEFGHI,Aprox_KLmc,3,0.00390625,470.389800000703
10,39,ACEGI,BCDEFGHI,Aprox_KLmc,4,0.03125,991.3419000222348
10,39,ACEGI,BCDEFGHI,Aprox_KLmc,5,0.03125,2180.817999993451
10,40,ACEGI,ABDEGHJ,Exacto,2,0.01953125,2812.527799993404
10,40,ACEGI,ABDEGHJ,Exacto,3,0.046875,2915.965899999719
10,40,ACEGI,ABDEGHJ,Exacto,4,0.15234375,3028.678299990133
10,40,ACEGI,ABDEGHJ,Exacto,5,0.26171875,3080.1907999994
10,40,ACEGI,ABDEGHJ,Exacto_KL,3,0.0,3253.910499988706
10,40,ACEGI,ABDEGHJ,Exacto_KL,4,0.046875,3734.659699999611
10,40,ACEGI,ABDEGHJ,Exacto_KL,5,0.0078125,4539.469800001825
10,40,ACEGI,ABDEGHJ,Rapido_MCTS,2,0.4485714285714285,907.6996000076178
10,40,ACEGI,ABDEGHJ,Rapido_MCTS,3,0.334642857142857,894.3571000127122
10,40,ACEGI,ABDEGHJ,Rapido_MCTS,4,0.37,1158.33219999331
10,40,ACEGI,ABDEGHJ,Rapido_MCTS,5,0.5428571428571429,970.0803000014275
10,40,ACEGI,ABDEGHJ,Aprox_KLmc,3,0.0,404.8115000186954
10,40,ACEGI,ABDEGHJ,Aprox_KLmc,4,0.046875,841.9818000111263
10,40,ACEGI,ABDEGHJ,Aprox_KLmc,5,0.0078125,1832.394600001862
10,41,ACEGI,ACEGI,Exacto,2,0.015625,2902.698699996108
10,41,ACEGI,ACEGI,Exacto,3,0.06640625,3231.252400000812
10,41,ACEGI,ACEGI,Exacto,4,0.12890625,3178.683000005549
10,41,ACEGI,ACEGI,Exacto,5,0.1796875,3155.818800005363
10,41,ACEGI,ACEGI,Exacto_KL,3,0.015625,3318.470099999104
10,41,ACEGI,ACEGI,Exacto_KL,4,0.0859375,3385.648600000422
10,41,ACEGI,ACEGI,Exacto_KL,5,0.078125,4255.367599995225
10,41,ACEGI,ACEGI,Rapido_MCTS,2,0.3058928571428572,960.8499000023585
10,41,ACEGI,ACEGI,Rapido_MCTS,3,0.4242857142857144,784.5214999979362
10,41,ACEGI,ACEGI,Rapido_MCTS,4,0.3183928571428571,819.5101999735925
10,41,ACEGI,ACEGI,Rapido_MCTS,5,0.3191964285714286,819.7116999945138
10,41,ACEGI,ACEGI,Aprox_KLmc,3,0.015625,348.4503999934532
10,41,ACEGI,ACEGI,Aprox_KLmc,4,0.0859375,410.798299999442
10,41,ACEGI,ACEGI,Aprox_KLmc,5,0.078125,1193.693899986101
10,42,ACEGI,BDFHJ,Exacto,2,0.00390625,3060.076000008848
10,42,ACEGI,BDFHJ,Exacto,3,0.015625,3247.406299997238
10,42,ACEGI,BDFHJ,Exacto,4,0.03515625,3450.517399993259
10,42,ACEGI,BDFHJ,Exacto,5,0.0615234375,3511.932299996261
10,42,ACEGI,BDFHJ,Exacto_KL,3,0.0,3529.32580000197
10,42,ACEGI,BDFHJ,Exacto_KL,4,0.0078125,3640.717899994343
10,42,ACEGI,BDFHJ,Exacto_KL,5,0.0263671875,4304.424000001745
10,42,ACEGI,BDFHJ,Rapido_MCTS,2,0.0,568.7453999998979
10,42,ACEGI,BDFHJ,Rapido_MCTS,3,0.0,669.691299990518
10,42,ACEGI,BDFHJ,Rapido_MCTS,4,0.0,743.3918000024278
10,42,ACEGI,BDFHJ,Rapido_MCTS,5,0.0290178571428571,803.9490999944974
10,42,ACEGI,BDFHJ,Aprox_KLmc,3,0.0,398.1270999938715
10,42,ACEGI,BDFHJ,Aprox_KLmc,4,0.0078125,500.5315000016708
10,42,ACEGI,BDFHJ,Aprox_KLmc,5,0.0263671875,662.2717999853194
10,43,BDFHJ,ABCDEFGHIJ,Exacto,2,0.484375,3675.274499997613
10,43,BDFHJ,ABCDEFGHIJ,Exacto,3,0.51171875,3847.69409999717
10,43,BDFHJ,ABCDEFGHIJ,Exacto,4,1.005859375,4486.20430000301
10,43,BDFHJ,ABCDEFGHIJ,Exacto,5,1.505859375,3986.991099998704
10,43,BDFHJ,ABCDEFGHIJ,Exacto_KL,3,0.51171875,3965.737199992873
10,43,BDFHJ,ABCDEFGHIJ,Exacto_KL,4,0.4375,6640.363099999377
10,43,BDFHJ,ABCDEFGHIJ,Exacto_KL,5,1.0625,5032.865600005607
10,43,BDFHJ,ABCDEFGHIJ,Rapido_MCTS,2,1.734285714285714,948.7817999906838
10,43,BDFHJ,ABCDEFGHIJ,Rapido_MCTS,3,1.545714285714286,1273.652500007302
10,43,BDFHJ,ABCDEFGHIJ,Rapido_MCTS,4,2.385714285714286,1168.266400025459
10,43,BDFHJ,ABCDEFGHIJ,Rapido_MCTS,5,2.154285714285714,1172.65709998901
10,43,BDFHJ,ABCDEFGHIJ,Aprox_KLmc,3,0.51171875,286.8760999990627
10,43,BDFHJ,ABCDEFGHIJ,Aprox_KLmc,4,0.4375,3121.762700000545
10,43,BDFHJ,ABCDEFGHIJ,Aprox_KLmc,5,1.0625,1755.054899986135
10,44,BDFHJ,ABCDEFGHI,Exacto,2,0.005859375,3536.720199990668
10,44,BDFHJ,ABCDEFGHI,Exacto,3,0.505859375,3878.732500001206
10,44,BDFHJ,ABCDEFGHI,Exacto,4,0.7626953125,4079.336499999044
10,44,BDFHJ,ABCDEFGHI,Exacto,5,1.0244140625,3740.018700002111
10,44,BDFHJ,ABCDEFGHI,Exacto_KL,3,0.505859375,3764.910099998815
10,44,BDFHJ,ABCDEFGHI,Exacto_KL,4,0.7626953125,3784.695599999395
10,44,BDFHJ,ABCDEFGHI,Exacto_KL,5,0.630859375,4981.099899989204
10,44,BDFHJ,ABCDEFGHI,Rapido_MCTS,2,1.534285714285714,874.2155999934766
10,44,BDFHJ,ABCDEFGHI,Rapido_MCTS,3,1.45,996.4864999928977
10,44,BDFHJ,ABCDEFGHI,Rapido_MCTS,4,1.38,937.0453000010457
10,44,BDFHJ,ABCDEFGHI,Rapido_MCTS,5,1.405714285714286,1175.585699995281
10,44,BDFHJ,ABCDEFGHI,Aprox_KLmc,3,0.505859375,198.5662000079174
10,44,BDFHJ,ABCDEFGHI,Aprox_KLmc,4,0.7626953125,241.6369000275154
10,44,BDFHJ,ABCDEFGHI,Aprox_KLmc,5,0.630859375,1297.950999985915
10,45,BDFHJ,BCDEFGHIJ,Exacto,2,0.0068359375,3907.984300007229
10,45,BDFHJ,BCDEFGHIJ,Exacto,3,0.0185546875,4093.342499996652
10,45,BDFHJ,BCDEFGHIJ,Exacto,4,0.0302734375,4106.734600005439
10,45,BDFHJ,BCDEFGHIJ,Exacto,5,0.2802734375,4101.518099996611
10,45,BDFHJ,BCDEFGHIJ,Exacto_KL,3,0.0,4604.71279999183
10,45,BDFHJ,BCDEFGHIJ,Exacto_KL,4,0.00390625,4862.313100005849
10,45,BDFHJ,BCDEFGHIJ,Exacto_KL,5,0.251953125,5494.847800000571
10,45,BDFHJ,BCDEFGHIJ,Rapido_MCTS,2,0.0,794.8270999768283
10,45,BDFHJ,BCDEFGHIJ,Rapido_MCTS,3,0.07999999999999985,1126.723299996229
10,45,BDFHJ,BCDEFGHIJ,Rapido_MCTS,4,0.7957142857142857,1107.618400012143
10,45,BDFHJ,BCDEFGHIJ,Rapido_MCTS,5,0.9428571428571427,1299.074599985033
10,45,BDFHJ,BCDEFGHIJ,Aprox_KLmc,3,0.0,664.3626999866683
10,45,BDFHJ,BCDEFGHIJ,Aprox_KLmc,4,0.00390625,897.5129000027664
10,45,BDFHJ,BCDEFGHIJ,Aprox_KLmc,5,0.251953125,1650.171499990392
10,46,BDFHJ,BCDEFGHI,Exacto,2,0.01171875,4370.385599992005
10,46,BDFHJ,BCDEFGHI,Exacto,3,0.0234375,4357.937200009474
10,46,BDFHJ,BCDEFGHI,Exacto,4,0.1484375,4250.218699991819
10,46,BDFHJ,BCDEFGHI,Exacto,5,0.267578125,4343.110599991633
10,46,BDFHJ,BCDEFGHI,Exacto_KL,3,0.00390625,4351.922299989383
10,46,BDFHJ,BCDEFGHI,Exacto_KL,4,0.125,4774.82809999492
10,46,BDFHJ,BCDEFGHI,Exacto_KL,5,0.2109375,5429.901299998164
10,46,BDFHJ,BCDEFGHI,Rapido_MCTS,2,0.0,948.437399987597
10,46,BDFHJ,BCDEFGHI,Rapido_MCTS,3,0.0,967.2475999977905
10,46,BDFHJ,BCDEFGHI,Rapido_MCTS,4,0.605,1286.556300008669
10,46,BDFHJ,BCDEFGHI,Rapido_MCTS,5,0.6949999999999998,1314.432699989993
10,46,BDFHJ,BCDEFGHI,Aprox_KLmc,3,0.00390625,467.9450999828987
10,46,BDFHJ,BCDEFGHI,Aprox_KLmc,4,0.125,937.6509000139777
10,46,BDFHJ,BCDEFGHI,Aprox_KLmc,5,0.2109375,1432.692200003657
10,47,BDFHJ,ABDEGHJ,Exacto,2,0.005859375,3720.981100006611
10,47,BDFHJ,ABDEGHJ,Exacto,3,0.119140625,3989.308000003803
10,47,BDFHJ,ABDEGHJ,Exacto,4,0.232421875,3967.937800000072
10,47,BDFHJ,ABDEGHJ,Exacto,5,0.357421875,3833.980000010342
10,47,BDFHJ,ABDEGHJ,Exacto_KL,3,0.0,4395.054399996297
10,47,BDFHJ,ABDEGHJ,Exacto_KL,4,0.1015625,5113.809999995283
10,47,BDFHJ,ABDEGHJ,Exacto_KL,5,0.2109375,6330.157000003965
10,47,BDFHJ,ABDEGHJ,Rapido_MCTS,2,0.2192857142857142,749.061000009533
10,47,BDFHJ,ABDEGHJ,Rapido_MCTS,3,0.3360714285714286,1071.771200018702
10,47,BDFHJ,ABDEGHJ,Rapido_MCTS,4,0.3517857142857143,1125.50339999143
10,47,BDFHJ,ABDEGHJ,Rapido_MCTS,5,0.3796428571428573,1021.722500008764
10,47,BDFHJ,ABDEGHJ,Aprox_KLmc,3,0.0,635.8998999930918
10,47,BDFHJ,ABDEGHJ,Aprox_KLmc,4,0.1015625,1092.470099974889
10,47,BDFHJ,ABDEGHJ,Aprox_KLmc,5,0.2109375,2747.38359998446
10,48,BDFHJ,ACEGI,Exacto,2,0.0244140625,3886.183499998879
10,48,BDFHJ,ACEGI,Exacto,3,0.0615234375,3866.095199991832
10,48,BDFHJ,ACEGI,Exacto,4,0.1357421875,4101.909999997588
10,48,BDFHJ,ACEGI,Exacto,5,0.1826171875,4373.368900007335
10,48,BDFHJ,ACEGI,Exacto_KL,3,0.037109375,4168.908799998462
10,48,BDFHJ,ACEGI,Exacto_KL,4,0.091796875,4302.788000000874
10,48,BDFHJ,ACEGI,Exacto_KL,5,0.037109375,6534.757699992042
10,48,BDFHJ,ACEGI,Rapido_MCTS,2,0.224642857142857,635.3514999791514
10,48,BDFHJ,ACEGI,Rapido_MCTS,3,0.2191071428571428,863.2111000188161
10,48,BDFHJ,ACEGI,Rapido_MCTS,4,0.1922321428571426,893.6137999990024
10,48,BDFHJ,ACEGI,Rapido_MCTS,5,0.1883928571428571,897.403699986171
10,48,BDFHJ,ACEGI,Aprox_KLmc,3,0.037109375,262.2029999911319
10,48,BDFHJ,ACEGI,Aprox_KLmc,4,0.091796875,453.4994999994524
10,48,BDFHJ,ACEGI,Aprox_KLmc,5,0.037109375,3120.803800004069
10,49,BDFHJ,BDFHJ,Exacto,2,0.0244140625,3932.662999999593
10,49,BDFHJ,BDFHJ,Exacto,3,0.0498046875,4018.341000002692
10,49,BDFHJ,BDFHJ,Exacto,4,0.0810546875,4057.134099988616
10,49,BDFHJ,BDFHJ,Exacto,5,0.0927734375,4290.144600003259
10,49,BDFHJ,BDFHJ,Exacto_KL,3,0.01171875,4159.870599993155
10,49,BDFHJ,BDFHJ,Exacto_KL,4,0.046875,4309.653699994669
10,49,BDFHJ,BDFHJ,Exacto_KL,5,0.052734375,5040.865699993446
10,49,BDFHJ,BDFHJ,Rapido_MCTS,2,0.0,559.8424000199884
10,49,BDFHJ,BDFHJ,Rapido_MCTS,3,0.02133928571428578,816.829500021413
10,49,BDFHJ,BDFHJ,Rapido_MCTS,4,0.02133928571428578,1078.183099976741
10,49,BDFHJ,BDFHJ,Rapido_MCTS,5,0.1809821428571428,953.4021000145003
10,49,BDFHJ,BDFHJ,Aprox_KLmc,3,0.01171875,344.0233000146691
10,49,BDFHJ,BDFHJ,Aprox_KLmc,4,0.046875,475.1136999984737
10,49,BDFHJ,BDFHJ,Aprox_KLmc,5,0.052734375,618.7758999876678
15,1,ABCDEFGHIJKLMNO,ABCDEFGHIJKLMNO,Exacto,2,0.0,20162.69430000102
15,1,ABCDEFGHIJKLMNO,ABCDEFGHIJKLMNO,Exacto,3,0.0,20230.2609999897
15,1,ABCDEFGHIJKLMNO,ABCDEFGHIJKLMNO,Exacto,4,0.0,21128.11969999166
15,1,ABCDEFGHIJKLMNO,ABCDEFGHIJKLMNO,Exacto,5,0.02679020166397095,20945.63609999022
15,1,ABCDEFGHIJKLMNO,ABCDEFGHIJKLMNO,Exacto_KL,3,0.0,21024.88589999848
15,1,ABCDEFGHIJKLMNO,ABCDEFGHIJKLMNO,Exacto_KL,4,0.0,22155.27699999802
15,1,ABCDEFGHIJKLMNO,ABCDEFGHIJKLMNO,Exacto_KL,5,0.02679020166397095,23118.06310000247
15,1,ABCDEFGHIJKLMNO,ABCDEFGHIJKLMNO,Rapido_MCTS,2,0.2789346850888887,3985.676400014199
15,1,ABCDEFGHIJKLMNO,ABCDEFGHIJKLMNO,Rapido_MCTS,3,0.1092883852222222,3022.281900019152
15,1,ABCDEFGHIJKLMNO,ABCDEFGHIJKLMNO,Rapido_MCTS,4,0.3333809142888888,3375.04870002158
15,1,ABCDEFGHIJKLMNO,ABCDEFGHIJKLMNO,Rapido_MCTS,5,0.2959272400888888,4685.915999987628
15,1,ABCDEFGHIJKLMNO,ABCDEFGHIJKLMNO,Aprox_KLmc,3,0.2499997615814209,3761.743899987778
15,1,ABCDEFGHIJKLMNO,ABCDEFGHIJKLMNO,Aprox_KLmc,4,0.2499998807907104,4631.030399992596
15,1,ABCDEFGHIJKLMNO,ABCDEFGHIJKLMNO,Aprox_KLmc,5,0.2645290493965149,4765.194200008409
15,2,ABCDEFGHIJKLMNO,ABCDEFGHIJKLMN,Exacto,2,0.0,11681.46319998777
15,2,ABCDEFGHIJKLMNO,ABCDEFGHIJKLMN,Exacto,3,0.0,12018.08100000198
15,2,ABCDEFGHIJKLMNO,ABCDEFGHIJKLMN,Exacto,4,0.0,12439.31259999226
15,2,ABCDEFGHIJKLMNO,ABCDEFGHIJKLMN,Exacto,5,0.02679020166397095,12612.93200000364
15,2,ABCDEFGHIJKLMNO,ABCDEFGHIJKLMN,Exacto_KL,3,0.0,12606.10769999039
15,2,ABCDEFGHIJKLMNO,ABCDEFGHIJKLMN,Exacto_KL,4,0.0,13195.89279999491
15,2,ABCDEFGHIJKLMNO,ABCDEFGHIJKLMN,Exacto_KL,5,0.02679020166397095,14251.06669998786
15,2,ABCDEFGHIJKLMNO,ABCDEFGHIJKLMN,Rapido_MCTS,2,0.2207825596666667,2352.499999979045
15,2,ABCDEFGHIJKLMNO,ABCDEFGHIJKLMN,Rapido_MCTS,3,0.2805138805222224,3395.655500004068
15,2,ABCDEFGHIJKLMNO,ABCDEFGHIJKLMN,Rapido_MCTS,4,0.3079690972666669,2627.295599988429
15,2,ABCDEFGHIJKLMNO,ABCDEFGHIJKLMN,Rapido_MCTS,5,0.2928234826555557,2862.729300017236
15,2,ABCDEFGHIJKLMNO,ABCDEFGHIJKLMN,Aprox_KLmc,3,0.1249999403953552,2213.358799985144
15,2,ABCDEFGHIJKLMNO,ABCDEFGHIJKLMN,Aprox_KLmc,4,0.1250001192092896,2369.525799993426
15,2,ABCDEFGHIJKLMNO,ABCDEFGHIJKLMN,Aprox_KLmc,5,0.1428617238998413,2517.176699999254
15,3,ABCDEFGHIJKLMNO,BCDEFGHIJKLMNO,Exacto,2,0.0,12424.056200005
15,3,ABCDEFGHIJKLMNO,BCDEFGHIJKLMNO,Exacto,3,0.0,12792.21289999259
15,3,ABCDEFGHIJKLMNO,BCDEFGHIJKLMNO,Exacto,4,0.02679020166397095,12859.54259999562
15,3,ABCDEFGHIJKLMNO,BCDEFGHIJKLMNO,Exacto,5,0.05372965335845947,13192.15020000411
15,3,ABCDEFGHIJKLMNO,BCDEFGHIJKLMNO,Exacto_KL,3,0.0,14240.88139999367
15,3,ABCDEFGHIJKLMNO,BCDEFGHIJKLMNO,Exacto_KL,4,0.02679020166397095,14072.83900000039
15,3,ABCDEFGHIJKLMNO,BCDEFGHIJKLMNO,Exacto_KL,5,0.02659231424331665,29374.64980001096
15,3,ABCDEFGHIJKLMNO,BCDEFGHIJKLMNO,Rapido_MCTS,2,0.1929671166222223,2486.567999992985
15,3,ABCDEFGHIJKLMNO,BCDEFGHIJKLMNO,Rapido_MCTS,3,0.1570930724333336,2531.295399996452
15,3,ABCDEFGHIJKLMNO,BCDEFGHIJKLMNO,Rapido_MCTS,4,0.3142641459555559,4139.79900002596
15,3,ABCDEFGHIJKLMNO,BCDEFGHIJKLMNO,Rapido_MCTS,5,0.3139612188999998,3276.493000012124
15,3,ABCDEFGHIJKLMNO,BCDEFGHIJKLMNO,Aprox_KLmc,3,0.0,2292.522999981884
15,3,ABCDEFGHIJKLMNO,BCDEFGHIJKLMNO,Aprox_KLmc,4,0.02710902690887451,2357.06469998695
15,3,ABCDEFGHIJKLMNO,BCDEFGHIJKLMNO,Aprox_KLmc,5,0.05445212125778198,2964.520300010918
15,4,ABCDEFGHIJKLMNO,BCDEFGHIJKLMN,Exacto,2,0.0,8144.540500012226
15,4,ABCDEFGHIJKLMNO,BCDEFGHIJKLMN,Exacto,3,0.0,8392.374199989717
15,4,ABCDEFGHIJKLMNO,BCDEFGHIJKLMN,Exacto,4,0.02679020166397095,8687.870699999621
15,4,ABCDEFGHIJKLMNO,BCDEFGHIJKLMN,Exacto,5,0.05372965335845947,8918.461199995363
15,4,ABCDEFGHIJKLMNO,BCDEFGHIJKLMN,Exacto_KL,3,0.0,8822.633700008737
15,4,ABCDEFGHIJKLMNO,BCDEFGHIJKLMN,Exacto_KL,4,0.02679020166397095,9292.055199999595
15,4,ABCDEFGHIJKLMNO,BCDEFGHIJKLMN,Exacto_KL,5,0.02693945169448853,17148.76499999082
15,4,ABCDEFGHIJKLMNO,BCDEFGHIJKLMN,Rapido_MCTS,2,0.2168687334888889,2304.610799998045
15,4,ABCDEFGHIJKLMNO,BCDEFGHIJKLMN,Rapido_MCTS,3,0.2052815381111114,2536.558899999363
15,4,ABCDEFGHIJKLMNO,BCDEFGHIJKLMN,Rapido_MCTS,4,0.3317740401166666,2737.333099998068
15,4,ABCDEFGHIJKLMNO,BCDEFGHIJKLMN,Rapido_MCTS,5,0.3747913915277776,2599.577699991642
15,4,ABCDEFGHIJKLMNO,BCDEFGHIJKLMN,Aprox_KLmc,3,0.1250002384185791,1600.125500001013
15,4,ABCDEFGHIJKLMNO,BCDEFGHIJKLMN,Aprox_KLmc,4,0.25,1900.813500018558
15,4,ABCDEFGHIJKLMNO,BCDEFGHIJKLMN,Aprox_KLmc,5,0.2529322504997253,2046.670800016727
15,5,ABCDEFGHIJKLMNO,ABDEGHJKMN,Exacto,2,4.714727401733398e-05,5190.122200001497
15,5,ABCDEFGHIJKLMNO,ABDEGHJKMN,Exacto,3,0.001384973526000977,5936.879799992312
15,5,ABCDEFGHIJKLMNO,ABDEGHJKMN,Exacto,4,0.003043770790100098,6025.131799993687
15,5,ABCDEFGHIJKLMNO,ABDEGHJKMN,Exacto,5,0.005044698715209961,6279.163100000005
15,5,ABCDEFGHIJKLMNO,ABDEGHJKMN,Exacto_KL,3,0.001384973526000977,8696.655100007774
15,5,ABCDEFGHIJKLMNO,ABDEGHJKMN,Exacto_KL,4,7.939338684082031e-05,9001.236500000232
15,5,ABCDEFGHIJKLMNO,ABDEGHJKMN,Exacto_KL,5,8.118152618408203e-05,12083.48100000876
15,5,ABCDEFGHIJKLMNO,ABDEGHJKMN,Rapido_MCTS,2,0.0793602990007296,1870.903100003488
15,5,ABCDEFGHIJKLMNO,ABDEGHJKMN,Rapido_MCTS,3,0.08562791205916076,2937.339500000235
15,5,ABCDEFGHIJKLMNO,ABDEGHJKMN,Rapido_MCTS,4,0.09233608237889024,2188.276000000769
15,5,ABCDEFGHIJKLMNO,ABDEGHJKMN,Rapido_MCTS,5,0.09627728270475522,2644.902599975467
15,5,ABCDEFGHIJKLMNO,ABDEGHJKMN,Aprox_KLmc,3,0.001384973526000977,621.3906000193674
15,5,ABCDEFGHIJKLMNO,ABDEGHJKMN,Aprox_KLmc,4,7.939338684082031e-05,4457.406100002117
15,5,ABCDEFGHIJKLMNO,ABDEGHJKMN,Aprox_KLmc,5,8.118152618408203e-05,8353.117000020575
15,6,ABCDEFGHIJKLMNO,ACEGIKMO,Exacto,2,0.004189789295196533,5261.936399998376
15,6,ABCDEFGHIJKLMNO,ACEGIKMO,Exacto,3,0.008567988872528076,5338.709800009383
15,6,ABCDEFGHIJKLMNO,ACEGIKMO,Exacto,4,0.01392549276351929,5546.261800001957
15,6,ABCDEFGHIJKLMNO,ACEGIKMO,Exacto,5,0.01971167325973511,5747.732600008021
15,6,ABCDEFGHIJKLMNO,ACEGIKMO,Exacto_KL,3,0.0001630783081054688,7470.895100006601
15,6,ABCDEFGHIJKLMNO,ACEGIKMO,Exacto_KL,4,0.0007228851318359375,10464.55830000923
15,6,ABCDEFGHIJKLMNO,ACEGIKMO,Exacto_KL,5,0.00472944974899292,12199.40820000193
15,6,ABCDEFGHIJKLMNO,ACEGIKMO,Rapido_MCTS,2,0.07449884467854628,1749.227499996778
15,6,ABCDEFGHIJKLMNO,ACEGIKMO,Rapido_MCTS,3,0.0776069050129331,1930.327300011413
15,6,ABCDEFGHIJKLMNO,ACEGIKMO,Rapido_MCTS,4,0.09337801695638093,2223.981299990555
15,6,ABCDEFGHIJKLMNO,ACEGIKMO,Rapido_MCTS,5,0.07973563728583788,2665.103499981342
15,6,ABCDEFGHIJKLMNO,ACEGIKMO,Aprox_KLmc,3,0.0001630783081054688,3084.5677999896
15,6,ABCDEFGHIJKLMNO,ACEGIKMO,Aprox_KLmc,4,0.0007228851318359375,6671.759999997448
15,6,ABCDEFGHIJKLMNO,ACEGIKMO,Aprox_KLmc,5,0.00472944974899292,9103.670000011334
15,7,ABCDEFGHIJKLMNO,BDFHJLN,Exacto,2,0.007097363471984863,5174.206399999093
15,7,ABCDEFGHIJKLMNO,BDFHJLN,Exacto,3,0.01430302858352661,5482.552199988277
15,7,ABCDEFGHIJKLMNO,BDFHJLN,Exacto,4,0.02309709787368774,5625.860999993165
15,7,ABCDEFGHIJKLMNO,BDFHJLN,Exacto,5,0.03231352567672729,5681.774500000756
15,7,ABCDEFGHIJKLMNO,BDFHJLN,Exacto_KL,3,0.007205665111541748,6467.299600000842
15,7,ABCDEFGHIJKLMNO,BDFHJLN,Exacto_KL,4,0.0036163330078125,10719.56520000822
15,7,ABCDEFGHIJKLMNO,BDFHJLN,Exacto_KL,5,0.00921642780303955,12248.64649999654
15,7,ABCDEFGHIJKLMNO,BDFHJLN,Rapido_MCTS,2,0.0202213256061089,1711.695799982408
15,7,ABCDEFGHIJKLMNO,BDFHJLN,Rapido_MCTS,3,0.07907301424200575,1865.78880000161
15,7,ABCDEFGHIJKLMNO,BDFHJLN,Rapido_MCTS,4,0.08031221268207611,2106.724299985217
15,7,ABCDEFGHIJKLMNO,BDFHJLN,Rapido_MCTS,5,0.1060627708835068,2169.583000009879
15,7,ABCDEFGHIJKLMNO,BDFHJLN,Aprox_KLmc,3,0.007205665111541748,1466.226699994877
15,7,ABCDEFGHIJKLMNO,BDFHJLN,Aprox_KLmc,4,0.0036163330078125,6999.064800009364
15,7,ABCDEFGHIJKLMNO,BDFHJLN,Aprox_KLmc,5,0.00921642780303955,9151.253300020471
15,8,ABCDEFGHIJKLMN,ABCDEFGHIJKLMNO,Exacto,2,0.0,20497.57450001198
15,8,ABCDEFGHIJKLMN,ABCDEFGHIJKLMNO,Exacto,3,0.0,20984.70249999082
15,8,ABCDEFGHIJKLMN,ABCDEFGHIJKLMNO,Exacto,4,0.0,21236.2310999888
15,8,ABCDEFGHIJKLMN,ABCDEFGHIJKLMNO,Exacto,5,0.02679020166397095,21731.35419999016
15,8,ABCDEFGHIJKLMN,ABCDEFGHIJKLMNO,Exacto_KL,3,0.0,21570.15549999778
15,8,ABCDEFGHIJKLMN,ABCDEFGHIJKLMNO,Exacto_KL,4,0.0,22243.52809999255
15,8,ABCDEFGHIJKLMN,ABCDEFGHIJKLMNO,Exacto_KL,5,0.02679020166397095,23416.25049999857
15,8,ABCDEFGHIJKLMN,ABCDEFGHIJKLMNO,Rapido_MCTS,2,0.0,3363.721200003056
15,8,ABCDEFGHIJKLMN,ABCDEFGHIJKLMNO,Rapido_MCTS,3,0.3073235288222224,2692.05419998616
15,8,ABCDEFGHIJKLMN,ABCDEFGHIJKLMNO,Rapido_MCTS,4,0.3154758546888888,2618.38619998889
15,8,ABCDEFGHIJKLMN,ABCDEFGHIJKLMNO,Rapido_MCTS,5,0.3283204442666665,3309.359699982451
15,8,ABCDEFGHIJKLMN,ABCDEFGHIJKLMNO,Aprox_KLmc,3,0.2249997854232788,3496.849699993618
15,8,ABCDEFGHIJKLMN,ABCDEFGHIJKLMNO,Aprox_KLmc,4,0.2374998927116394,3920.98339999211
15,8,ABCDEFGHIJKLMN,ABCDEFGHIJKLMNO,Aprox_KLmc,5,0.2209899425506592,3729.20579998754
15,9,ABCDEFGHIJKLMN,ABCDEFGHIJKLMN,Exacto,2,0.0,12629.50920000731
15,9,ABCDEFGHIJKLMN,ABCDEFGHIJKLMN,Exacto,3,0.0,13047.73040000873
15,9,ABCDEFGHIJKLMN,ABCDEFGHIJKLMN,Exacto,4,0.0,13410.85279999243
15,9,ABCDEFGHIJKLMN,ABCDEFGHIJKLMN,Exacto,5,0.02679020166397095,13683.72420000378
15,9,ABCDEFGHIJKLMN,ABCDEFGHIJKLMN,Exacto_KL,3,0.0,13648.31730000151
15,9,ABCDEFGHIJKLMN,ABCDEFGHIJKLMN,Exacto_KL,4,0.0,13991.14329999429
15,9,ABCDEFGHIJKLMN,ABCDEFGHIJKLMN,Exacto_KL,5,0.02679020166397095,14472.45309999562
15,9,ABCDEFGHIJKLMN,ABCDEFGHIJKLMN,Rapido_MCTS,2,0.2046114138999999,2687.885199993616
15,9,ABCDEFGHIJKLMN,ABCDEFGHIJKLMN,Rapido_MCTS,3,0.2864895455222221,2571.32599997567
15,9,ABCDEFGHIJKLMN,ABCDEFGHIJKLMN,Rapido_MCTS,4,0.3149846749333333,2764.425400004257
15,9,ABCDEFGHIJKLMN,ABCDEFGHIJKLMN,Rapido_MCTS,5,0.2993167186777779,3774.734700011322
15,9,ABCDEFGHIJKLMN,ABCDEFGHIJKLMN,Aprox_KLmc,3,0.1071428060531616,4622.409799980232
15,9,ABCDEFGHIJKLMN,ABCDEFGHIJKLMN,Aprox_KLmc,4,0.1160715222358704,2285.046900011366
15,9,ABCDEFGHIJKLMN,ABCDEFGHIJKLMN,Aprox_KLmc,5,0.1432819962501526,2423.506299994187
15,10,ABCDEFGHIJKLMN,BCDEFGHIJKLMNO,Exacto,2,0.0,13447.56139999663
15,10,ABCDEFGHIJKLMN,BCDEFGHIJKLMNO,Exacto,3,0.0,14462.47479999147
15,10,ABCDEFGHIJKLMN,BCDEFGHIJKLMNO,Exacto,4,0.02679020166397095,15342.40539999155
15,10,ABCDEFGHIJKLMN,BCDEFGHIJKLMNO,Exacto,5,0.05372965335845947,16185.77599999844
15,10,ABCDEFGHIJKLMN,BCDEFGHIJKLMNO,Exacto_KL,3,0.0,15834.92789999582
15,10,ABCDEFGHIJKLMN,BCDEFGHIJKLMNO,Exacto_KL,4,0.02679020166397095,16347.87840000354
15,10,ABCDEFGHIJKLMN,BCDEFGHIJKLMNO,Exacto_KL,5,0.02659231424331665,32396.96440000262
15,10,ABCDEFGHIJKLMN,BCDEFGHIJKLMNO,Rapido_MCTS,2,0.0,2516.947700001765
15,10,ABCDEFGHIJKLMN,BCDEFGHIJKLMNO,Rapido_MCTS,3,0.2890663078333331,2391.562700009672
15,10,ABCDEFGHIJKLMN,BCDEFGHIJKLMNO,Rapido_MCTS,4,0.3093505754666666,2399.357899994357
15,10,ABCDEFGHIJKLMN,BCDEFGHIJKLMNO,Rapido_MCTS,5,0.3289162955777778,2680.699600023217
15,10,ABCDEFGHIJKLMN,BCDEFGHIJKLMNO,Aprox_KLmc,3,0.0,2030.099700001301
15,10,ABCDEFGHIJKLMN,BCDEFGHIJKLMNO,Aprox_KLmc,4,0.02679020166397095,2615.245299995877
15,10,ABCDEFGHIJKLMN,BCDEFGHIJKLMNO,Aprox_KLmc,5,0.0539175271987915,4994.451600010507
15,11,ABCDEFGHIJKLMN,BCDEFGHIJKLMN,Exacto,2,0.0,9220.26580000238
15,11,ABCDEFGHIJKLMN,BCDEFGHIJKLMN,Exacto,3,0.0,9650.129399989964
15,11,ABCDEFGHIJKLMN,BCDEFGHIJKLMN,Exacto,4,0.02679020166397095,9880.21519999893
15,11,ABCDEFGHIJKLMN,BCDEFGHIJKLMN,Exacto,5,0.05372965335845947,10062.02219999977
15,11,ABCDEFGHIJKLMN,BCDEFGHIJKLMN,Exacto_KL,3,0.0,10173.03479999828
15,11,ABCDEFGHIJKLMN,BCDEFGHIJKLMN,Exacto_KL,4,0.02679020166397095,10499.8132000037
15,11,ABCDEFGHIJKLMN,BCDEFGHIJKLMN,Exacto_KL,5,0.02693945169448853,17424.86840000493
15,11,ABCDEFGHIJKLMN,BCDEFGHIJKLMN,Rapido_MCTS,2,0.1720494724444442,2438.158299977658
15,11,ABCDEFGHIJKLMN,BCDEFGHIJKLMN,Rapido_MCTS,3,0.3058786919666668,1820.423900004243
15,11,ABCDEFGHIJKLMN,BCDEFGHIJKLMN,Rapido_MCTS,4,0.299981876572222,2468.390800000634
15,11,ABCDEFGHIJKLMN,BCDEFGHIJKLMN,Rapido_MCTS,5,0.2898095463333331,2584.997599973576
15,11,ABCDEFGHIJKLMN,BCDEFGHIJKLMN,Aprox_KLmc,3,0.1187502145767212,1923.314699990442
15,11,ABCDEFGHIJKLMN,BCDEFGHIJKLMN,Aprox_KLmc,4,0.2270697951316833,2535.967999981949
15,11,ABCDEFGHIJKLMN,BCDEFGHIJKLMN,Aprox_KLmc,5,0.2271075844764709,3244.134500011569
15,12,ABCDEFGHIJKLMN,ABDEGHJKMN,Exacto,2,0.001337826251983643,6437.507000009646
15,12,ABCDEFGHIJKLMN,ABDEGHJKMN,Exacto,3,0.002996623516082764,6794.878999993671
15,12,ABCDEFGHIJKLMN,ABDEGHJKMN,Exacto,4,0.004997551441192627,6889.31679999223
15,12,ABCDEFGHIJKLMN,ABDEGHJKMN,Exacto,5,0.009238600730895996,7072.572399993078
15,12,ABCDEFGHIJKLMN,ABDEGHJKMN,Exacto_KL,3,3.224611282348633e-05,8905.00699999393
15,12,ABCDEFGHIJKLMN,ABDEGHJKMN,Exacto_KL,4,3.403425216674805e-05,11098.03420001117
15,12,ABCDEFGHIJKLMN,ABDEGHJKMN,Exacto_KL,5,0.0002775788307189941,13488.58929998823
15,12,ABCDEFGHIJKLMN,ABDEGHJKMN,Rapido_MCTS,2,0.06209296312980894,1611.750599986408
15,12,ABCDEFGHIJKLMN,ABDEGHJKMN,Rapido_MCTS,3,0.07609336963828184,2193.424099998083
15,12,ABCDEFGHIJKLMN,ABDEGHJKMN,Rapido_MCTS,4,0.1064265411382277,1856.244900001911
15,12,ABCDEFGHIJKLMN,ABDEGHJKMN,Rapido_MCTS,5,0.08209285020661539,2214.988299994729
15,12,ABCDEFGHIJKLMN,ABDEGHJKMN,Aprox_KLmc,3,3.224611282348633e-05,2896.712699992349
15,12,ABCDEFGHIJKLMN,ABDEGHJKMN,Aprox_KLmc,4,3.403425216674805e-05,6001.424899994163
15,12,ABCDEFGHIJKLMN,ABDEGHJKMN,Aprox_KLmc,5,0.0002775788307189941,8565.810600004625
15,13,ABCDEFGHIJKLMN,ACEGIKMO,Exacto,2,0.004189789295196533,6380.492600001162
15,13,ABCDEFGHIJKLMN,ACEGIKMO,Exacto,3,0.008567988872528076,6745.302800001809
15,13,ABCDEFGHIJKLMN,ACEGIKMO,Exacto,4,0.0143541693687439,6817.322399991099
15,13,ABCDEFGHIJKLMN,ACEGIKMO,Exacto,5,0.02175313234329224,7055.076800010283
15,13,ABCDEFGHIJKLMN,ACEGIKMO,Exacto_KL,3,0.0001630783081054688,8574.337900005048
15,13,ABCDEFGHIJKLMN,ACEGIKMO,Exacto_KL,4,0.0006496310234069824,10868.61089999729
15,13,ABCDEFGHIJKLMN,ACEGIKMO,Exacto_KL,5,0.002028405666351318,13329.70299999579
15,13,ABCDEFGHIJKLMN,ACEGIKMO,Rapido_MCTS,2,0.06922849941604325,1619.83800001326
15,13,ABCDEFGHIJKLMN,ACEGIKMO,Rapido_MCTS,3,0.08262605703356607,1760.127399989869
15,13,ABCDEFGHIJKLMN,ACEGIKMO,Rapido_MCTS,4,0.1022005950160881,1832.287400000496
15,13,ABCDEFGHIJKLMN,ACEGIKMO,Rapido_MCTS,5,0.08068140125844925,2064.942400000291
15,13,ABCDEFGHIJKLMN,ACEGIKMO,Aprox_KLmc,3,0.0001630783081054688,2737.140999990515
15,13,ABCDEFGHIJKLMN,ACEGIKMO,Aprox_KLmc,4,0.0006496310234069824,5555.48209999688
15,13,ABCDEFGHIJKLMN,ACEGIKMO,Aprox_KLmc,5,0.002028405666351318,8685.617100010859
15,14,ABCDEFGHIJKLMN,BDFHJLN,Exacto,2,0.007097363471984863,6528.995800006669
15,14,ABCDEFGHIJKLMN,BDFHJLN,Exacto,3,0.01430302858352661,6824.479299990344
15,14,ABCDEFGHIJKLMN,BDFHJLN,Exacto,4,0.02309709787368774,7022.029400002793
15,14,ABCDEFGHIJKLMN,BDFHJLN,Exacto,5,0.03231352567672729,7095.414499999606
15,14,ABCDEFGHIJKLMN,BDFHJLN,Exacto_KL,3,0.007205665111541748,7734.751299998607
15,14,ABCDEFGHIJKLMN,BDFHJLN,Exacto_KL,4,0.0036163330078125,11439.41809999524
15,14,ABCDEFGHIJKLMN,BDFHJLN,Exacto_KL,5,0.00921642780303955,12899.81280000939
15,14,ABCDEFGHIJKLMN,BDFHJLN,Rapido_MCTS,2,0.0299441451715089,1397.70229998976
15,14,ABCDEFGHIJKLMN,BDFHJLN,Rapido_MCTS,3,0.09469618420865078,1536.558199994033
15,14,ABCDEFGHIJKLMN,BDFHJLN,Rapido_MCTS,4,0.1072619066472791,1580.206799990265
15,14,ABCDEFGHIJKLMN,BDFHJLN,Rapido_MCTS,5,0.08262785833756936,1856.017700018128
15,14,ABCDEFGHIJKLMN,BDFHJLN,Aprox_KLmc,3,0.007205665111541748,1268.098500004271
15,14,ABCDEFGHIJKLMN,BDFHJLN,Aprox_KLmc,4,0.0036163330078125,5536.135300004389
15,14,ABCDEFGHIJKLMN,BDFHJLN,Aprox_KLmc,5,0.00921642780303955,7533.909199992195
15,15,BCDEFGHIJKLMNO,ABCDEFGHIJKLMNO,Exacto,2,0.0,22082.6248999947
15,15,BCDEFGHIJKLMNO,ABCDEFGHIJKLMNO,Exacto,3,0.0,23046.52540000097
15,15,BCDEFGHIJKLMNO,ABCDEFGHIJKLMNO,Exacto,4,0.0,24733.90029999427
15,15,BCDEFGHIJKLMNO,ABCDEFGHIJKLMNO,Exacto,5,0.02679020166397095,23631.43349999154
15,15,BCDEFGHIJKLMNO,ABCDEFGHIJKLMNO,Exacto_KL,3,0.0,23178.43770000036
15,15,BCDEFGHIJKLMNO,ABCDEFGHIJKLMNO,Exacto_KL,4,0.0,25850.17569999036
15,15,BCDEFGHIJKLMNO,ABCDEFGHIJKLMNO,Exacto_KL,5,0.02679020166397095,25146.66900000884
15,15,BCDEFGHIJKLMNO,ABCDEFGHIJKLMNO,Rapido_MCTS,2,0.156410254111111,2737.635099998442
15,15,BCDEFGHIJKLMNO,ABCDEFGHIJKLMNO,Rapido_MCTS,3,0.2863831205333331,2576.272700011032
15,15,BCDEFGHIJKLMNO,ABCDEFGHIJKLMNO,Rapido_MCTS,4,0.2480504546222223,3427.600499999244
15,15,BCDEFGHIJKLMNO,ABCDEFGHIJKLMNO,Rapido_MCTS,5,0.3218505844888889,3886.042300000554
15,15,BCDEFGHIJKLMNO,ABCDEFGHIJKLMNO,Aprox_KLmc,3,0.2249997854232788,3299.495799990837
15,15,BCDEFGHIJKLMNO,ABCDEFGHIJKLMNO,Aprox_KLmc,4,0.2374998927116394,3868.386400019517
15,15,BCDEFGHIJKLMNO,ABCDEFGHIJKLMNO,Aprox_KLmc,5,0.26462721824646,3636.93060001242
15,16,BCDEFGHIJKLMNO,ABCDEFGHIJKLMN,Exacto,2,0.0,14384.66969999718
15,16,BCDEFGHIJKLMNO,ABCDEFGHIJKLMN,Exacto,3,0.0,14635.72790000762
15,16,BCDEFGHIJKLMNO,ABCDEFGHIJKLMN,Exacto,4,0.0,14917.30540001299
15,16,BCDEFGHIJKLMNO,ABCDEFGHIJKLMN,Exacto,5,0.02679020166397095,15191.56880000082
15,16,BCDEFGHIJKLMNO,ABCDEFGHIJKLMN,Exacto_KL,3,0.0,15133.78910000029
15,16,BCDEFGHIJKLMNO,ABCDEFGHIJKLMN,Exacto_KL,4,0.0,15633.98250000319
15,16,BCDEFGHIJKLMNO,ABCDEFGHIJKLMN,Exacto_KL,5,0.02679020166397095,16400.33160000166
15,16,BCDEFGHIJKLMNO,ABCDEFGHIJKLMN,Rapido_MCTS,2,0.1990350203555555,2023.541399976239
15,16,BCDEFGHIJKLMNO,ABCDEFGHIJKLMN,Rapido_MCTS,3,0.3142691424777777,2203.369800001383
15,16,BCDEFGHIJKLMNO,ABCDEFGHIJKLMN,Rapido_MCTS,4,0.2940208088111111,2877.415900002234
15,16,BCDEFGHIJKLMNO,ABCDEFGHIJKLMN,Rapido_MCTS,5,0.3140531731666666,3037.875699985307
15,16,BCDEFGHIJKLMNO,ABCDEFGHIJKLMN,Aprox_KLmc,3,0.1249999403953552,2049.538200022653
15,16,BCDEFGHIJKLMNO,ABCDEFGHIJKLMN,Aprox_KLmc,4,0.1250001192092896,2424.790000019129
15,16,BCDEFGHIJKLMNO,ABCDEFGHIJKLMN,Aprox_KLmc,5,0.1521274447441101,4687.511600001017
15,17,BCDEFGHIJKLMNO,BCDEFGHIJKLMNO,Exacto,2,0.0,14410.02809999918
15,17,BCDEFGHIJKLMNO,BCDEFGHIJKLMNO,Exacto,3,0.0,14870.59310000041
15,17,BCDEFGHIJKLMNO,BCDEFGHIJKLMNO,Exacto,4,0.02679020166397095,15504.60380000004
15,17,BCDEFGHIJKLMNO,BCDEFGHIJKLMNO,Exacto,5,0.05372965335845947,15754.82999999076
15,17,BCDEFGHIJKLMNO,BCDEFGHIJKLMNO,Exacto_KL,3,0.0,15801.01569999533
15,17,BCDEFGHIJKLMNO,BCDEFGHIJKLMNO,Exacto_KL,4,0.02679020166397095,16565.4954000056
15,17,BCDEFGHIJKLMNO,BCDEFGHIJKLMNO,Exacto_KL,5,0.02659231424331665,30324.60420001007
15,17,BCDEFGHIJKLMNO,BCDEFGHIJKLMNO,Rapido_MCTS,2,0.05171979551111106,2486.66119997506
15,17,BCDEFGHIJKLMNO,BCDEFGHIJKLMNO,Rapido_MCTS,3,0.2493356772888888,3147.195500001544
15,17,BCDEFGHIJKLMNO,BCDEFGHIJKLMNO,Rapido_MCTS,4,0.316464086011111,2405.448200006504
15,17,BCDEFGHIJKLMNO,BCDEFGHIJKLMNO,Rapido_MCTS,5,0.3274891797666667,3078.002299997024
15,17,BCDEFGHIJKLMNO,BCDEFGHIJKLMNO,Aprox_KLmc,3,0.0,2240.635599999223
15,17,BCDEFGHIJKLMNO,BCDEFGHIJKLMNO,Aprox_KLmc,4,0.02719861268997192,2576.190499996301
15,17,BCDEFGHIJKLMNO,BCDEFGHIJKLMNO,Aprox_KLmc,5,0.05413806438446045,2531.525900005363
15,18,BCDEFGHIJKLMNO,BCDEFGHIJKLMN,Exacto,2,0.0,10746.24160000531
15,18,BCDEFGHIJKLMNO,BCDEFGHIJKLMN,Exacto,3,0.0,11249.71250000817
15,18,BCDEFGHIJKLMNO,BCDEFGHIJKLMN,Exacto,4,0.02679020166397095,11536.09129998949
15,18,BCDEFGHIJKLMNO,BCDEFGHIJKLMN,Exacto,5,0.05372965335845947,11942.59209999291
15,18,BCDEFGHIJKLMNO,BCDEFGHIJKLMN,Exacto_KL,3,0.0,11594.13230000064
15,18,BCDEFGHIJKLMNO,BCDEFGHIJKLMN,Exacto_KL,4,0.02679020166397095,12159.81709999323
15,18,BCDEFGHIJKLMNO,BCDEFGHIJKLMN,Exacto_KL,5,0.02693945169448853,19109.09559999709
15,18,BCDEFGHIJKLMNO,BCDEFGHIJKLMN,Rapido_MCTS,2,0.1980563833888888,2062.300699995831
15,18,BCDEFGHIJKLMNO,BCDEFGHIJKLMN,Rapido_MCTS,3,0.2955667617333333,2320.949599990854
15,18,BCDEFGHIJKLMNO,BCDEFGHIJKLMN,Rapido_MCTS,4,0.2116741346277775,3106.516400002874
15,18,BCDEFGHIJKLMNO,BCDEFGHIJKLMN,Rapido_MCTS,5,0.3207497064111111,2541.50620001019
15,18,BCDEFGHIJKLMNO,BCDEFGHIJKLMN,Aprox_KLmc,3,0.1187502145767212,1674.551100004464
15,18,BCDEFGHIJKLMNO,BCDEFGHIJKLMN,Aprox_KLmc,4,0.231236457824707,1845.123599981889
15,18,BCDEFGHIJKLMNO,BCDEFGHIJKLMN,Aprox_KLmc,5,0.2310510277748108,2048.764699982712
15,19,BCDEFGHIJKLMNO,ABDEGHJKMN,Exacto,2,4.714727401733398e-05,7988.557199991192
15,19,BCDEFGHIJKLMNO,ABDEGHJKMN,Exacto,3,0.001384973526000977,8396.909200004302
15,19,BCDEFGHIJKLMNO,ABDEGHJKMN,Exacto,4,0.003043770790100098,8487.984499995946
15,19,BCDEFGHIJKLMNO,ABDEGHJKMN,Exacto_KL,3,0.001384973526000977,8530.039899997064
15,19,BCDEFGHIJKLMNO,ABDEGHJKMN,Exacto_KL,4,7.939338684082031e-05,11067.74500000756
15,19,BCDEFGHIJKLMNO,ABDEGHJKMN,Rapido_MCTS,2,0.08310539452332977,1744.15849999059
15,19,BCDEFGHIJKLMNO,ABDEGHJKMN,Rapido_MCTS,3,0.06895632011991193,2290.251099999296
15,19,BCDEFGHIJKLMNO,ABDEGHJKMN,Rapido_MCTS,4,0.09218466805069103,2652.575099986279
15,19,BCDEFGHIJKLMNO,ABDEGHJKMN,Rapido_MCTS,5,0.08131620493412217,2575.869399996009
15,19,BCDEFGHIJKLMNO,ABDEGHJKMN,Aprox_KLmc,3,0.001384973526000977,602.2248000081163
15,19,BCDEFGHIJKLMNO,ABDEGHJKMN,Aprox_KLmc,4,7.939338684082031e-05,4170.348300016485
15,19,BCDEFGHIJKLMNO,ABDEGHJKMN,Aprox_KLmc,5,8.118152618408203e-05,7606.426100013778
15,20,BCDEFGHIJKLMNO,ACEGIKMO,Rapido_MCTS,2,0.065877934065113,1578.634999983478
15,20,BCDEFGHIJKLMNO,ACEGIKMO,Rapido_MCTS,3,0.0866272544179355,1604.914300027303
15,20,BCDEFGHIJKLMNO,ACEGIKMO,Rapido_MCTS,4,0.0784156480009216,1934.944000007818
15,20,BCDEFGHIJKLMNO,ACEGIKMO,Rapido_MCTS,5,0.08551766515546,2316.631499998039
15,20,BCDEFGHIJKLMNO,ACEGIKMO,Aprox_KLmc,3,0.0001630783081054688,2765.707100013969
15,20,BCDEFGHIJKLMNO,ACEGIKMO,Aprox_KLmc,4,0.0007228851318359375,6309.933899989119
15,20,BCDEFGHIJKLMNO,ACEGIKMO,Aprox_KLmc,5,0.00472944974899292,8450.87160001276
15,21,BCDEFGHIJKLMNO,BDFHJLN,Rapido_MCTS,2,2.566351318122884e-07,1432.493600004818
15,21,BCDEFGHIJKLMNO,BDFHJLN,Rapido_MCTS,3,0.04813762106208352,1761.365899990778
15,21,BCDEFGHIJKLMNO,BDFHJLN,Rapido_MCTS,4,0.06892675886834054,1957.701100007398
15,21,BCDEFGHIJKLMNO,BDFHJLN,Rapido_MCTS,5,0.1101979547018475,2169.051400007447
15,21,BCDEFGHIJKLMNO,BDFHJLN,Aprox_KLmc,3,0.007205665111541748,1506.486900005257
15,21,BCDEFGHIJKLMNO,BDFHJLN,Aprox_KLmc,4,0.0036163330078125,6453.473999979906
15,21,BCDEFGHIJKLMNO,BDFHJLN,Aprox_KLmc,5,0.00921642780303955,8426.037000026554
15,22,BCDEFGHIJKLMN,ABCDEFGHIJKLMNO,Rapido_MCTS,2,0.1007405795777778,3249.976299994159
15,22,BCDEFGHIJKLMN,ABCDEFGHIJKLMNO,Rapido_MCTS,3,0.262805303711111,2710.262000007788
15,22,BCDEFGHIJKLMN,ABCDEFGHIJKLMNO,Rapido_MCTS,4,0.2930325549111111,4528.101700008847
15,22,BCDEFGHIJKLMN,ABCDEFGHIJKLMNO,Rapido_MCTS,5,0.2726716605333332,3886.128999991342
15,22,BCDEFGHIJKLMN,ABCDEFGHIJKLMNO,Aprox_KLmc,3,0.1999998092651367,3850.496500002919
15,22,BCDEFGHIJKLMN,ABCDEFGHIJKLMNO,Aprox_KLmc,4,0.2249999046325684,4099.305999989156
15,22,BCDEFGHIJKLMN,ABCDEFGHIJKLMNO,Aprox_KLmc,5,0.2209785580635071,4405.629200016847
15,23,BCDEFGHIJKLMN,ABCDEFGHIJKLMN,Rapido_MCTS,2,0.1543154162111111,1948.481800005538
15,23,BCDEFGHIJKLMN,ABCDEFGHIJKLMN,Rapido_MCTS,3,0.1984800736777779,3618.4400000202
15,23,BCDEFGHIJKLMN,ABCDEFGHIJKLMN,Rapido_MCTS,4,0.1941217798888889,3108.807300013723
15,23,BCDEFGHIJKLMN,ABCDEFGHIJKLMN,Rapido_MCTS,5,0.2823800910333333,3234.878899995238
15,23,BCDEFGHIJKLMN,ABCDEFGHIJKLMN,Aprox_KLmc,3,0.0,2075.287200015737
15,23,BCDEFGHIJKLMN,ABCDEFGHIJKLMN,Aprox_KLmc,4,0.1160715222358704,2592.995400016662
15,23,BCDEFGHIJKLMN,ABCDEFGHIJKLMN,Aprox_KLmc,5,0.1431988477706909,2857.25710002589
15,24,BCDEFGHIJKLMN,BCDEFGHIJKLMNO,Rapido_MCTS,2,0.05267276021111111,2452.409299992723
15,24,BCDEFGHIJKLMN,BCDEFGHIJKLMNO,Rapido_MCTS,3,0.2283461458888889,3072.386899992125
15,24,BCDEFGHIJKLMN,BCDEFGHIJKLMNO,Rapido_MCTS,4,0.2737180905444444,2737.899999978254
15,24,BCDEFGHIJKLMN,BCDEFGHIJKLMNO,Rapido_MCTS,5,0.295631617411111,2719.924700009869
15,24,BCDEFGHIJKLMN,BCDEFGHIJKLMNO,Aprox_KLmc,3,0.0,2156.08919999795
15,24,BCDEFGHIJKLMN,BCDEFGHIJKLMNO,Aprox_KLmc,4,0.02709364891052246,2094.862300000386
15,24,BCDEFGHIJKLMN,BCDEFGHIJKLMNO,Aprox_KLmc,5,0.05375218391418457,3551.281399995787
15,25,BCDEFGHIJKLMN,BCDEFGHIJKLMN,Rapido_MCTS,2,0.2804823053222221,1665.032899996731
15,25,BCDEFGHIJKLMN,BCDEFGHIJKLMN,Rapido_MCTS,3,0.3067833447222219,2581.444299983559
15,25,BCDEFGHIJKLMN,BCDEFGHIJKLMN,Rapido_MCTS,4,0.2549867746222222,2893.376799998805
15,25,BCDEFGHIJKLMN,BCDEFGHIJKLMN,Rapido_MCTS,5,0.220330745538889,3170.888799999375
15,25,BCDEFGHIJKLMN,BCDEFGHIJKLMN,Aprox_KLmc,3,0.1125001907348633,1503.043100005016
15,25,BCDEFGHIJKLMN,BCDEFGHIJKLMN,Aprox_KLmc,4,0.2083062529563904,2186.346100002993
15,25,BCDEFGHIJKLMN,BCDEFGHIJKLMN,Aprox_KLmc,5,0.2081586122512817,2040.856799983885
15,26,BCDEFGHIJKLMN,ABDEGHJKMN,Rapido_MCTS,2,0.06824935696512169,1804.962099995464
15,26,BCDEFGHIJKLMN,ABDEGHJKMN,Rapido_MCTS,3,0.07216835453967552,2408.886799996253
15,26,BCDEFGHIJKLMN,ABDEGHJKMN,Rapido_MCTS,4,0.08359232820438622,2516.527900006622
15,26,BCDEFGHIJKLMN,ABDEGHJKMN,Rapido_MCTS,5,0.09441524243031563,2285.267500003101
15,26,BCDEFGHIJKLMN,ABDEGHJKMN,Aprox_KLmc,3,3.224611282348633e-05,2881.91879997612
15,26,BCDEFGHIJKLMN,ABDEGHJKMN,Aprox_KLmc,4,3.403425216674805e-05,5631.510500010336
15,26,BCDEFGHIJKLMN,ABDEGHJKMN,Aprox_KLmc,5,0.003330886363983154,8063.333700003568
15,27,BCDEFGHIJKLMN,ACEGIKMO,Rapido_MCTS,2,0.0645814565667624,1369.366699975217
15,27,BCDEFGHIJKLMN,ACEGIKMO,Rapido_MCTS,3,0.09442084257822081,1919.421400001738
15,27,BCDEFGHIJKLMN,ACEGIKMO,Rapido_MCTS,4,0.08616028077192583,2354.189600009704
15,27,BCDEFGHIJKLMN,ACEGIKMO,Rapido_MCTS,5,0.0885132841178039,2333.157400018536
15,27,BCDEFGHIJKLMN,ACEGIKMO,Aprox_KLmc,3,0.0001630783081054688,2555.131999979494
15,27,BCDEFGHIJKLMN,ACEGIKMO,Aprox_KLmc,4,0.0006496310234069824,5115.565100015374
15,27,BCDEFGHIJKLMN,ACEGIKMO,Aprox_KLmc,5,0.002028405666351318,7695.522900001379
15,28,BCDEFGHIJKLMN,BDFHJLN,Rapido_MCTS,2,2.299621582046996e-07,1343.928399990546
15,28,BCDEFGHIJKLMN,BDFHJLN,Rapido_MCTS,3,0.0421736989939292,1578.302400012035
15,28,BCDEFGHIJKLMN,BDFHJLN,Rapido_MCTS,4,0.04284911789866941,1731.750500010094
15,28,BCDEFGHIJKLMN,BDFHJLN,Rapido_MCTS,5,0.08812241009791122,1858.095700008562
15,28,BCDEFGHIJKLMN,BDFHJLN,Aprox_KLmc,3,0.007205665111541748,1195.690100023057
15,28,BCDEFGHIJKLMN,BDFHJLN,Aprox_KLmc,4,0.0036163330078125,5482.09350000252
15,28,BCDEFGHIJKLMN,BDFHJLN,Aprox_KLmc,5,0.00921642780303955,7085.531300021103
15,29,ABDEGHJKMN,ABCDEFGHIJKLMNO,Rapido_MCTS,2,0.1677269076222221,1875.342000013916
15,29,ABDEGHJKMN,ABCDEFGHIJKLMNO,Rapido_MCTS,3,0.1317961708222222,2843.100400001276
15,29,ABDEGHJKMN,ABCDEFGHIJKLMNO,Rapido_MCTS,4,0.2191823505777779,2540.022300003329
15,29,ABDEGHJKMN,ABCDEFGHIJKLMNO,Rapido_MCTS,5,0.2157390273777778,2437.442400027066
15,29,ABDEGHJKMN,ABCDEFGHIJKLMNO,Aprox_KLmc,3,0.1749998331069946,3454.01590000256
15,29,ABDEGHJKMN,ABCDEFGHIJKLMNO,Aprox_KLmc,4,0.1812499165534973,3513.09520000359
15,29,ABDEGHJKMN,ABCDEFGHIJKLMNO,Aprox_KLmc,5,0.1960315108299255,3747.339099994861
15,30,ABDEGHJKMN,ABCDEFGHIJKLMN,Rapido_MCTS,2,0.1307995487000001,1732.858999981545
15,30,ABDEGHJKMN,ABCDEFGHIJKLMN,Rapido_MCTS,3,0.196750803911111,1841.81849999004
15,30,ABDEGHJKMN,ABCDEFGHIJKLMN,Rapido_MCTS,4,0.2254779659555555,2063.857100001769
15,30,ABDEGHJKMN,ABCDEFGHIJKLMN,Rapido_MCTS,5,0.2342207718777777,2303.176900022663
15,30,ABDEGHJKMN,ABCDEFGHIJKLMN,Aprox_KLmc,3,0.08928567171096802,2530.220299988287
15,30,ABDEGHJKMN,ABCDEFGHIJKLMN,Aprox_KLmc,4,0.07589292526245117,2169.674600008875
15,30,ABDEGHJKMN,ABCDEFGHIJKLMN,Aprox_KLmc,5,0.09424591064453125,2306.553300004452
15,31,ABDEGHJKMN,BCDEFGHIJKLMNO,Rapido_MCTS,2,0.1550470266333331,1483.646299981046
15,31,ABDEGHJKMN,BCDEFGHIJKLMNO,Rapido_MCTS,3,0.1585413602444445,2464.675900002476
15,31,ABDEGHJKMN,BCDEFGHIJKLMNO,Rapido_MCTS,4,0.122507944211111,2431.256000010762
15,31,ABDEGHJKMN,BCDEFGHIJKLMNO,Rapido_MCTS,5,0.2511304546666666,2032.073300011689
15,31,ABDEGHJKMN,BCDEFGHIJKLMNO,Aprox_KLmc,3,0.0,1860.459699993953
15,31,ABDEGHJKMN,BCDEFGHIJKLMNO,Aprox_KLmc,4,0.02679020166397095,2069.214199989801
15,31,ABDEGHJKMN,BCDEFGHIJKLMNO,Aprox_KLmc,5,0.05389922857284546,2267.886999994516
15,32,ABDEGHJKMN,BCDEFGHIJKLMN,Rapido_MCTS,2,0.107211332488889,1713.813999987906
15,32,ABDEGHJKMN,BCDEFGHIJKLMN,Rapido_MCTS,3,0.1901749514277778,2070.319099992048
15,32,ABDEGHJKMN,BCDEFGHIJKLMN,Rapido_MCTS,4,0.2055471914999999,1595.811900013359
15,32,ABDEGHJKMN,BCDEFGHIJKLMN,Rapido_MCTS,5,0.2215348966611111,2230.032999999821
15,32,ABDEGHJKMN,BCDEFGHIJKLMN,Aprox_KLmc,3,0.09062516689300537,1606.036200013477
15,32,ABDEGHJKMN,BCDEFGHIJKLMN,Aprox_KLmc,4,0.1622835397720337,1448.916699999245
15,32,ABDEGHJKMN,BCDEFGHIJKLMN,Aprox_KLmc,5,0.1606432795524597,1711.1718999804
15,33,ABDEGHJKMN,ABDEGHJKMN,Rapido_MCTS,2,0.02579442969690804,1349.500399985118
15,33,ABDEGHJKMN,ABDEGHJKMN,Rapido_MCTS,3,0.02044749668736912,1620.551700005308
15,33,ABDEGHJKMN,ABDEGHJKMN,Rapido_MCTS,4,0.0325471524742722,1845.117199991364
15,33,ABDEGHJKMN,ABDEGHJKMN,Rapido_MCTS,5,0.04090951209986904,2457.555599976331
15,33,ABDEGHJKMN,ABDEGHJKMN,Aprox_KLmc,3,3.224611282348633e-05,1976.542200020049
15,33,ABDEGHJKMN,ABDEGHJKMN,Aprox_KLmc,4,3.403425216674805e-05,3590.342099982081
15,33,ABDEGHJKMN,ABDEGHJKMN,Aprox_KLmc,5,0.0002775788307189941,5524.042000004556
15,34,ABDEGHJKMN,ACEGIKMO,Rapido_MCTS,2,0.04896719451672027,1261.733899998944
15,34,ABDEGHJKMN,ACEGIKMO,Rapido_MCTS,3,0.05995391895340918,1436.199199990369
15,34,ABDEGHJKMN,ACEGIKMO,Rapido_MCTS,4,0.06948723630844389,1448.848700005328
15,34,ABDEGHJKMN,ACEGIKMO,Rapido_MCTS,5,0.05690025388917441,1689.513699995587
15,34,ABDEGHJKMN,ACEGIKMO,Aprox_KLmc,3,0.0004011988639831543,1798.318699991796
15,34,ABDEGHJKMN,ACEGIKMO,Aprox_KLmc,4,0.0001899003982543945,3948.258200020064
15,34,ABDEGHJKMN,ACEGIKMO,Aprox_KLmc,5,0.00957787036895752,12207.58689998183
15,35,ABDEGHJKMN,BDFHJLN,Rapido_MCTS,2,1.554217528010327e-07,1082.041799993021
15,35,ABDEGHJKMN,BDFHJLN,Rapido_MCTS,3,0.01503719166845408,1152.960600011284
15,35,ABDEGHJKMN,BDFHJLN,Rapido_MCTS,4,0.04818754081161425,1344.109399971785
15,35,ABDEGHJKMN,BDFHJLN,Rapido_MCTS,5,0.0632277841964356,1619.502800022019
15,35,ABDEGHJKMN,BDFHJLN,Aprox_KLmc,3,0.007205665111541748,942.9024999844842
15,35,ABDEGHJKMN,BDFHJLN,Aprox_KLmc,4,0.0036163330078125,3479.842800006736
15,35,ABDEGHJKMN,BDFHJLN,Aprox_KLmc,5,0.00921642780303955,4356.808899989119
15,36,ACEGIKMO,ABCDEFGHIJKLMNO,Rapido_MCTS,2,0.07092915902222219,1803.887899994152
15,36,ACEGIKMO,ABCDEFGHIJKLMNO,Rapido_MCTS,3,0.0,2131.598600011785
15,36,ACEGIKMO,ABCDEFGHIJKLMNO,Rapido_MCTS,4,0.1411238239777778,2205.544700002065
15,36,ACEGIKMO,ABCDEFGHIJKLMNO,Rapido_MCTS,5,0.1366898246000001,1934.572300000582
15,36,ACEGIKMO,ABCDEFGHIJKLMNO,Aprox_KLmc,3,0.1499998569488525,3298.654899990652
15,36,ACEGIKMO,ABCDEFGHIJKLMNO,Aprox_KLmc,4,0.1062499284744263,3642.586200003279
15,36,ACEGIKMO,ABCDEFGHIJKLMNO,Aprox_KLmc,5,0.1207790970802307,3634.600999997929
15,37,ACEGIKMO,ABCDEFGHIJKLMN,Rapido_MCTS,2,0.08816666666666662,1481.251199991675
15,37,ACEGIKMO,ABCDEFGHIJKLMN,Rapido_MCTS,3,0.1577989028555555,1649.863200000254
15,37,ACEGIKMO,ABCDEFGHIJKLMN,Rapido_MCTS,4,0.1361396431333336,1894.200100010494
15,37,ACEGIKMO,ABCDEFGHIJKLMN,Rapido_MCTS,5,0.1785883921222222,1855.539500014856
15,37,ACEGIKMO,ABCDEFGHIJKLMN,Aprox_KLmc,3,0.0,1955.510500003584
15,37,ACEGIKMO,ABCDEFGHIJKLMN,Aprox_KLmc,4,0.07738101482391357,1917.470000014873
15,37,ACEGIKMO,ABCDEFGHIJKLMN,Aprox_KLmc,5,0.1045914888381958,2154.226799990283
15,38,ACEGIKMO,BCDEFGHIJKLMNO,Rapido_MCTS,2,0.09958947465555557,1253.824899991741
15,38,ACEGIKMO,BCDEFGHIJKLMNO,Rapido_MCTS,3,0.1234439129777778,1815.55590001517
15,38,ACEGIKMO,BCDEFGHIJKLMNO,Rapido_MCTS,4,0.1426005283777778,1978.05960002006
15,38,ACEGIKMO,BCDEFGHIJKLMNO,Rapido_MCTS,5,0.1055110691,1777.925900008995
15,38,ACEGIKMO,BCDEFGHIJKLMNO,Aprox_KLmc,3,0.0,1715.111500001512
15,38,ACEGIKMO,BCDEFGHIJKLMNO,Aprox_KLmc,4,0.02722865343093872,3458.361900004093
15,38,ACEGIKMO,BCDEFGHIJKLMNO,Aprox_KLmc,5,0.05448883771896362,1964.564900001278
15,39,ACEGIKMO,BCDEFGHIJKLMN,Rapido_MCTS,2,0.06570633022777783,1403.265300003113
15,39,ACEGIKMO,BCDEFGHIJKLMN,Rapido_MCTS,3,0.1542259238111111,1365.45370001113
15,39,ACEGIKMO,BCDEFGHIJKLMN,Rapido_MCTS,4,0.1547072073944443,1959.07189999707
15,39,ACEGIKMO,BCDEFGHIJKLMN,Rapido_MCTS,5,0.1463109201333334,2004.071799980011
15,39,ACEGIKMO,BCDEFGHIJKLMN,Aprox_KLmc,3,0.1124999523162842,3174.577099998714
15,39,ACEGIKMO,BCDEFGHIJKLMN,Aprox_KLmc,4,0.1775702238082886,43444.77030000417
15,39,ACEGIKMO,BCDEFGHIJKLMN,Aprox_KLmc,5,0.1328970193862915,1565.7434000168
15,40,ACEGIKMO,ABDEGHJKMN,Rapido_MCTS,2,0.04236346633933719,1210.388699983014
15,40,ACEGIKMO,ABDEGHJKMN,Rapido_MCTS,3,0.04147926213678044,1361.493100004736
15,40,ACEGIKMO,ABDEGHJKMN,Rapido_MCTS,4,0.03893465300980814,1603.207400010433
15,40,ACEGIKMO,ABDEGHJKMN,Rapido_MCTS,5,0.05227180534314169,1545.293899980607
15,40,ACEGIKMO,ABDEGHJKMN,Aprox_KLmc,3,0.001705944538116455,567.6469999889378
15,40,ACEGIKMO,ABDEGHJKMN,Aprox_KLmc,4,0.0001266598701477051,2248.520000022836
15,40,ACEGIKMO,ABDEGHJKMN,Aprox_KLmc,5,0.0010337233543396,3684.940100007225
15,41,ACEGIKMO,ACEGIKMO,Rapido_MCTS,2,0.04178626640075622,829.9457000102848
15,41,ACEGIKMO,ACEGIKMO,Rapido_MCTS,3,0.03264553001528259,1101.039399974979
15,41,ACEGIKMO,ACEGIKMO,Rapido_MCTS,4,0.04067319398148528,1417.499400005909
15,41,ACEGIKMO,ACEGIKMO,Rapido_MCTS,5,0.05491923325833803,1207.374099991284
15,41,ACEGIKMO,ACEGIKMO,Aprox_KLmc,3,0.0008284449577331543,1533.405599999242
15,41,ACEGIKMO,ACEGIKMO,Aprox_KLmc,4,0.006460845470428467,3650.468799984083
15,41,ACEGIKMO,ACEGIKMO,Aprox_KLmc,5,0.00875478982925415,4335.94489999814
15,42,ACEGIKMO,BDFHJLN,Rapido_MCTS,2,1.519955443729515e-07,746.6171999985818
15,42,ACEGIKMO,BDFHJLN,Rapido_MCTS,3,0.01808178249000936,1060.9611000109
15,42,ACEGIKMO,BDFHJLN,Rapido_MCTS,4,0.02667057925839833,1164.840399986133
15,42,ACEGIKMO,BDFHJLN,Rapido_MCTS,5,0.03436947542702107,1136.415900022257
15,42,ACEGIKMO,BDFHJLN,Aprox_KLmc,3,0.007205665111541748,785.6139000214171
15,42,ACEGIKMO,BDFHJLN,Aprox_KLmc,4,0.008944332599639893,5152.478399977554
15,42,ACEGIKMO,BDFHJLN,Aprox_KLmc,5,0.0167076587677002,6416.2741000182
15,43,BDFHJLN,ABCDEFGHIJKLMNO,Rapido_MCTS,2,0.07089947111111117,1842.209099995671
15,43,BDFHJLN,ABCDEFGHIJKLMNO,Rapido_MCTS,3,0.1372698379333334,1533.775299991248
15,43,BDFHJLN,ABCDEFGHIJKLMNO,Rapido_MCTS,4,0.144217354088889,2182.237000000896
15,43,BDFHJLN,ABCDEFGHIJKLMNO,Rapido_MCTS,5,0.1570948649111112,2346.96029999759
15,43,BDFHJLN,ABCDEFGHIJKLMNO,Aprox_KLmc,3,0.09999990463256836,3230.868400016334
15,43,BDFHJLN,ABCDEFGHIJKLMNO,Aprox_KLmc,4,0.1437499523162842,3254.439900018042
15,43,BDFHJLN,ABCDEFGHIJKLMNO,Aprox_KLmc,5,0.127240002155304,3301.86710000271
15,44,BDFHJLN,ABCDEFGHIJKLMN,Rapido_MCTS,2,0.1318583018222221,1206.911499990383
15,44,BDFHJLN,ABCDEFGHIJKLMN,Rapido_MCTS,3,0.1327493220999999,1605.954400001792
15,44,BDFHJLN,ABCDEFGHIJKLMN,Rapido_MCTS,4,0.1380433807444443,2117.682600015542
15,44,BDFHJLN,ABCDEFGHIJKLMN,Rapido_MCTS,5,0.1276071413222223,1907.540400017751
15,44,BDFHJLN,ABCDEFGHIJKLMN,Aprox_KLmc,3,0.05357140302658081,1818.808500014711
15,44,BDFHJLN,ABCDEFGHIJKLMN,Aprox_KLmc,4,0.04761910438537598,2112.851100013359
15,44,BDFHJLN,ABCDEFGHIJKLMN,Aprox_KLmc,5,0.1047043800354004,1772.171799995704
15,45,BDFHJLN,BCDEFGHIJKLMNO,Rapido_MCTS,2,0.06926428913333327,1222.688599984394
15,45,BDFHJLN,BCDEFGHIJKLMNO,Rapido_MCTS,3,0.1288323341777778,1709.101700020256
15,45,BDFHJLN,BCDEFGHIJKLMNO,Rapido_MCTS,4,0.1094277409222223,1539.689500001259
15,45,BDFHJLN,BCDEFGHIJKLMNO,Rapido_MCTS,5,0.1629402949222222,1558.356299996376
15,45,BDFHJLN,BCDEFGHIJKLMNO,Aprox_KLmc,3,0.0,1683.806000015466
15,45,BDFHJLN,BCDEFGHIJKLMNO,Aprox_KLmc,4,0.02679020166397095,2133.781699987594
15,45,BDFHJLN,BCDEFGHIJKLMNO,Aprox_KLmc,5,0.05413329601287842,1905.666299979202
15,46,BDFHJLN,BCDEFGHIJKLMN,Rapido_MCTS,2,0.1005033683777777,1238.552800001344
15,46,BDFHJLN,BCDEFGHIJKLMN,Rapido_MCTS,3,0.1155806076000001,1217.9909000115
15,46,BDFHJLN,BCDEFGHIJKLMN,Rapido_MCTS,4,0.13261713295,1660.10959999403
15,46,BDFHJLN,BCDEFGHIJKLMN,Rapido_MCTS,5,0.1603686464888888,1671.472799993353
15,46,BDFHJLN,BCDEFGHIJKLMN,Aprox_KLmc,3,0.06875014305114746,1245.755599986296
15,46,BDFHJLN,BCDEFGHIJKLMN,Aprox_KLmc,4,0.1224127411842346,1649.552499991842
15,46,BDFHJLN,BCDEFGHIJKLMN,Aprox_KLmc,5,0.1171029806137085,1850.836300000083
15,47,BDFHJLN,ABDEGHJKMN,Rapido_MCTS,2,0.02939024695904469,959.8671999992803
15,47,BDFHJLN,ABDEGHJKMN,Rapido_MCTS,3,0.03507483281787738,1347.928400005912
15,47,BDFHJLN,ABDEGHJKMN,Rapido_MCTS,4,0.03701928614287731,1621.27849998069
15,47,BDFHJLN,ABDEGHJKMN,Rapido_MCTS,5,0.03303332822978033,1710.122999997111
15,47,BDFHJLN,ABDEGHJKMN,Aprox_KLmc,3,3.099441528320312e-06,1613.633600005414
15,47,BDFHJLN,ABDEGHJKMN,Aprox_KLmc,4,0.0001093745231628418,2922.816399979638
15,47,BDFHJLN,ABDEGHJKMN,Aprox_KLmc,5,0.006444036960601807,2937.629899999592
15,48,BDFHJLN,ACEGIKMO,Rapido_MCTS,2,0.03752825594325371,673.7720999808516
15,48,BDFHJLN,ACEGIKMO,Rapido_MCTS,3,0.03998174606721194,914.9431000114419
15,48,BDFHJLN,ACEGIKMO,Rapido_MCTS,4,0.03238251267194414,1002.245900017442
15,48,BDFHJLN,ACEGIKMO,Rapido_MCTS,5,0.03854341526135396,1181.943200004753
15,48,BDFHJLN,ACEGIKMO,Aprox_KLmc,3,0.001211106777191162,1262.973000004422
15,48,BDFHJLN,ACEGIKMO,Aprox_KLmc,4,0.006257116794586182,1731.745799974306
15,48,BDFHJLN,ACEGIKMO,Aprox_KLmc,5,0.0137789249420166,3162.663600000087
15,49,BDFHJLN,BDFHJLN,Rapido_MCTS,2,1.095950317164807e-07,660.0854999851435
15,49,BDFHJLN,BDFHJLN,Rapido_MCTS,3,0.009516908320400641,935.3142000036314
15,49,BDFHJLN,BDFHJLN,Rapido_MCTS,4,0.02933258603049316,1037.245100014843
15,49,BDFHJLN,BDFHJLN,Rapido_MCTS,5,0.03108995274229875,1048.967700015055
15,49,BDFHJLN,BDFHJLN,Aprox_KLmc,3,0.002984523773193359,1338.979599997401
15,49,BDFHJLN,BDFHJLN,Aprox_KLmc,4,0.01033824682235718,3081.851700000698
15,49,BDFHJLN,BDFHJLN,Aprox_KLmc,5,0.01033824682235718,6492.222499975469
15,50,BCDEFGJKLMNO,BCDEFGHIJKLMNO,Rapido_MCTS,2,0.0,2216.160500014666
15,50,BCDEFGJKLMNO,BCDEFGHIJKLMNO,Rapido_MCTS,3,0.2187602780777776,2084.068500000285
15,50,BCDEFGJKLMNO,BCDEFGHIJKLMNO,Rapido_MCTS,4,0.2585081850111109,2104.272600001423
15,50,BCDEFGJKLMNO,BCDEFGHIJKLMNO,Rapido_MCTS,5,0.2629794844444445,3249.718800012488
15,50,BCDEFGJKLMNO,BCDEFGHIJKLMNO,Aprox_KLmc,3,0.0,2176.443899981678
15,50,BCDEFGJKLMNO,BCDEFGHIJKLMNO,Aprox_KLmc,4,0.0271536111831665,2417.133500013733
15,50,BCDEFGJKLMNO,BCDEFGHIJKLMNO,Aprox_KLmc,5,0.05436408519744873,2328.121099999407
20,1,ABCDEFGHIJKLMNOPQRST,ABCDEFGHIJKLMNOPQRST,Exacto,2,0.0,839046.2189999999
20,1,ABCDEFGHIJKLMNOPQRST,ABCDEFGHIJKLMNOPQRST,Exacto,3,0.0,91946.04259999983
20,1,ABCDEFGHIJKLMNOPQRST,ABCDEFGHIJKLMNOPQRST,Exacto,4,0.0,102858.5734000001
20,1,ABCDEFGHIJKLMNOPQRST,ABCDEFGHIJKLMNOPQRST,Exacto,5,0.0,110473.5226
20,1,ABCDEFGHIJKLMNOPQRST,ABCDEFGHIJKLMNOPQRST,Exacto_KL,3,0.0,111470.4390000002
20,1,ABCDEFGHIJKLMNOPQRST,ABCDEFGHIJKLMNOPQRST,Exacto_KL,4,0.0,129067.4764
20,1,ABCDEFGHIJKLMNOPQRST,ABCDEFGHIJKLMNOPQRST,Exacto_KL,5,0.0,147276.6987
20,1,ABCDEFGHIJKLMNOPQRST,ABCDEFGHIJKLMNOPQRST,Rapido_MCTS,2,4.393999999999999,122651.8622000003
20,1,ABCDEFGHIJKLMNOPQRST,ABCDEFGHIJKLMNOPQRST,Rapido_MCTS,3,5.0,38165.05000001052
20,1,ABCDEFGHIJKLMNOPQRST,ABCDEFGHIJKLMNOPQRST,Rapido_MCTS,4,5.544,32621.95739999879
20,1,ABCDEFGHIJKLMNOPQRST,ABCDEFGHIJKLMNOPQRST,Rapido_MCTS,5,6.172000000000001,17552.82250000164
20,2,ABCDEFGHIJKLMNOPQRST,ABCDEFGHIJKLMNOPQRS,Exacto,2,0.0,388160.0198000001
20,2,ABCDEFGHIJKLMNOPQRST,ABCDEFGHIJKLMNOPQRS,Exacto,3,0.0,44897.79690000023
20,2,ABCDEFGHIJKLMNOPQRST,ABCDEFGHIJKLMNOPQRS,Exacto,4,0.0,49655.37910000012
20,2,ABCDEFGHIJKLMNOPQRST,ABCDEFGHIJKLMNOPQRS,Exacto,5,0.0,54876.12820000004
20,2,ABCDEFGHIJKLMNOPQRST,ABCDEFGHIJKLMNOPQRS,Exacto_KL,3,0.0,55212.17469999965
20,2,ABCDEFGHIJKLMNOPQRST,ABCDEFGHIJKLMNOPQRS,Exacto_KL,4,0.0,63429.00710000003
20,2,ABCDEFGHIJKLMNOPQRST,ABCDEFGHIJKLMNOPQRS,Exacto_KL,5,0.0,73951.59899999999
20,2,ABCDEFGHIJKLMNOPQRST,ABCDEFGHIJKLMNOPQRS,Rapido_MCTS,2,3.595,7804.218600009335
20,2,ABCDEFGHIJKLMNOPQRST,ABCDEFGHIJKLMNOPQRS,Rapido_MCTS,3,4.758,28118.59219998587
20,2,ABCDEFGHIJKLMNOPQRST,ABCDEFGHIJKLMNOPQRS,Rapido_MCTS,4,3.058,22985.43649999192
20,2,ABCDEFGHIJKLMNOPQRST,ABCDEFGHIJKLMNOPQRS,Rapido_MCTS,5,4.978,20475.50790000241
20,3,ABCDEFGHIJKLMNOPQRST,BCDEFGHIJKLMNOPQRST,Exacto,2,0.0,389001.7047999999
20,3,ABCDEFGHIJKLMNOPQRST,BCDEFGHIJKLMNOPQRST,Exacto,3,0.0,45530.59410000015
20,3,ABCDEFGHIJKLMNOPQRST,BCDEFGHIJKLMNOPQRST,Exacto,4,0.0,52837.20870000025
20,3,ABCDEFGHIJKLMNOPQRST,BCDEFGHIJKLMNOPQRST,Exacto,5,0.125,58384.17899999968
20,3,ABCDEFGHIJKLMNOPQRST,BCDEFGHIJKLMNOPQRST,Exacto_KL,3,0.0,58436.86219999973
20,3,ABCDEFGHIJKLMNOPQRST,BCDEFGHIJKLMNOPQRST,Exacto_KL,4,0.0,72378.5144000003
20,3,ABCDEFGHIJKLMNOPQRST,BCDEFGHIJKLMNOPQRST,Exacto_KL,5,0.125,79706.94259999982
20,3,ABCDEFGHIJKLMNOPQRST,BCDEFGHIJKLMNOPQRST,Rapido_MCTS,2,2.05,24569.64760000119
20,3,ABCDEFGHIJKLMNOPQRST,BCDEFGHIJKLMNOPQRST,Rapido_MCTS,3,4.028,25422.52449999796
20,3,ABCDEFGHIJKLMNOPQRST,BCDEFGHIJKLMNOPQRST,Rapido_MCTS,4,5.536,14502.63050000649
20,3,ABCDEFGHIJKLMNOPQRST,BCDEFGHIJKLMNOPQRST,Rapido_MCTS,5,7.683999999999999,3123.483500006841
20,4,ABCDEFGHIJKLMNOPQRST,BCDEFGHIJKLMNOPQRS,Exacto,2,0.0,188439.4180999998
20,4,ABCDEFGHIJKLMNOPQRST,BCDEFGHIJKLMNOPQRS,Exacto,3,0.0,22828.2707999997
20,4,ABCDEFGHIJKLMNOPQRST,BCDEFGHIJKLMNOPQRS,Exacto,4,0.0,26064.19079999978
20,4,ABCDEFGHIJKLMNOPQRST,BCDEFGHIJKLMNOPQRS,Exacto,5,0.125,29700.44860000007
20,4,ABCDEFGHIJKLMNOPQRST,BCDEFGHIJKLMNOPQRS,Exacto_KL,3,0.0,29207.6176999999
20,4,ABCDEFGHIJKLMNOPQRST,BCDEFGHIJKLMNOPQRS,Exacto_KL,4,0.0,35273.32700000034
20,4,ABCDEFGHIJKLMNOPQRST,BCDEFGHIJKLMNOPQRS,Exacto_KL,5,0.0,54865.9461000002
20,4,ABCDEFGHIJKLMNOPQRST,BCDEFGHIJKLMNOPQRS,Rapido_MCTS,2,1.27,16152.57340000244
20,4,ABCDEFGHIJKLMNOPQRST,BCDEFGHIJKLMNOPQRS,Rapido_MCTS,3,3.356,13796.86060000677
20,4,ABCDEFGHIJKLMNOPQRST,BCDEFGHIJKLMNOPQRS,Rapido_MCTS,4,4.819999999999999,11100.50410000258
20,4,ABCDEFGHIJKLMNOPQRST,BCDEFGHIJKLMNOPQRS,Rapido_MCTS,5,4.843000000000001,10353.86779997498
20,5,ABCDEFGHIJKLMNOPQRST,ABDEGHJKMNPQST,Exacto,2,0.0,10122.06289999995
20,5,ABCDEFGHIJKLMNOPQRST,ABDEGHJKMNPQST,Exacto,3,0.0,1423.560399999587
20,5,ABCDEFGHIJKLMNOPQRST,ABDEGHJKMNPQST,Exacto,4,0.0,1777.184399999896
20,5,ABCDEFGHIJKLMNOPQRST,ABDEGHJKMNPQST,Exacto,5,0.0,2212.011100000382
20,5,ABCDEFGHIJKLMNOPQRST,ABDEGHJKMNPQST,Exacto_KL,3,0.0,2186.487099999795
20,5,ABCDEFGHIJKLMNOPQRST,ABDEGHJKMNPQST,Exacto_KL,4,0.0,3267.512100000204
20,5,ABCDEFGHIJKLMNOPQRST,ABDEGHJKMNPQST,Exacto_KL,5,0.0,4221.402500000295
20,5,ABCDEFGHIJKLMNOPQRST,ABDEGHJKMNPQST,Rapido_MCTS,2,2.265,3642.987100000028
20,5,ABCDEFGHIJKLMNOPQRST,ABDEGHJKMNPQST,Rapido_MCTS,3,3.085,3215.452700009337
20,5,ABCDEFGHIJKLMNOPQRST,ABDEGHJKMNPQST,Rapido_MCTS,4,3.958,3288.435399997979
20,5,ABCDEFGHIJKLMNOPQRST,ABDEGHJKMNPQST,Rapido_MCTS,5,4.4175,2685.283600003459
20,6,ABCDEFGHIJKLMNOPQRST,ACEGIKMOQS,Exacto,2,0.0,2348.086900000453
20,6,ABCDEFGHIJKLMNOPQRST,ACEGIKMOQS,Exacto,3,0.0,261.8323000006058
20,6,ABCDEFGHIJKLMNOPQRST,ACEGIKMOQS,Exacto,4,0.0,513.5377000005974
20,6,ABCDEFGHIJKLMNOPQRST,ACEGIKMOQS,Exacto,5,0.0,745.1074000000517
20,6,ABCDEFGHIJKLMNOPQRST,ACEGIKMOQS,Exacto_KL,3,0.0,776.8167999993238
20,6,ABCDEFGHIJKLMNOPQRST,ACEGIKMOQS,Exacto_KL,4,0.0,1223.778000000493
20,6,ABCDEFGHIJKLMNOPQRST,ACEGIKMOQS,Exacto_KL,5,0.0,1749.491699999453
20,6,ABCDEFGHIJKLMNOPQRST,ACEGIKMOQS,Rapido_MCTS,2,0.8985,4486.209299997427
20,6,ABCDEFGHIJKLMNOPQRST,ACEGIKMOQS,Rapido_MCTS,3,1.8135,2562.095700006466
20,6,ABCDEFGHIJKLMNOPQRST,ACEGIKMOQS,Rapido_MCTS,4,1.2755,1934.892899997067
20,6,ABCDEFGHIJKLMNOPQRST,ACEGIKMOQS,Rapido_MCTS,5,1.5585,3313.799199997447
20,7,ABCDEFGHIJKLMNOPQRST,BDFHJLNPRT,Exacto,2,0.0,2266.112299999804
20,7,ABCDEFGHIJKLMNOPQRST,BDFHJLNPRT,Exacto,3,0.0,263.2728999997198
20,7,ABCDEFGHIJKLMNOPQRST,BDFHJLNPRT,Exacto,4,0.0,560.1642999999967
20,7,ABCDEFGHIJKLMNOPQRST,BDFHJLNPRT,Exacto,5,0.0,762.0164999998451
20,7,ABCDEFGHIJKLMNOPQRST,BDFHJLNPRT,Exacto_KL,3,0.0,787.0870000006107
20,7,ABCDEFGHIJKLMNOPQRST,BDFHJLNPRT,Exacto_KL,4,0.0,1283.086599999478
20,7,ABCDEFGHIJKLMNOPQRST,BDFHJLNPRT,Exacto_KL,5,0.0,1700.068899999678
20,7,ABCDEFGHIJKLMNOPQRST,BDFHJLNPRT,Rapido_MCTS,2,0.8325,5188.64529998973
20,7,ABCDEFGHIJKLMNOPQRST,BDFHJLNPRT,Rapido_MCTS,3,2.2475,2886.908499989659
20,7,ABCDEFGHIJKLMNOPQRST,BDFHJLNPRT,Rapido_MCTS,4,2.4945,3048.067900002934
20,7,ABCDEFGHIJKLMNOPQRST,BDFHJLNPRT,Rapido_MCTS,5,2.7515,3142.204800009495
20,8,ABCDEFGHIJKLMNOPQRS,ABCDEFGHIJKLMNOPQRST,Exacto,2,0.0,820858.5389999999
20,8,ABCDEFGHIJKLMNOPQRS,ABCDEFGHIJKLMNOPQRST,Exacto,3,0.0,91515.54510000005
20,8,ABCDEFGHIJKLMNOPQRS,ABCDEFGHIJKLMNOPQRST,Exacto,4,0.0,99890.8652
20,8,ABCDEFGHIJKLMNOPQRS,ABCDEFGHIJKLMNOPQRST,Exacto,5,0.0,107896.7406000002
20,8,ABCDEFGHIJKLMNOPQRS,ABCDEFGHIJKLMNOPQRST,Exacto_KL,3,0.0,110028.3710999993
20,8,ABCDEFGHIJKLMNOPQRS,ABCDEFGHIJKLMNOPQRST,Exacto_KL,4,0.0,124979.8043000001
20,8,ABCDEFGHIJKLMNOPQRS,ABCDEFGHIJKLMNOPQRST,Exacto_KL,5,0.0,138611.1551000004
20,8,ABCDEFGHIJKLMNOPQRS,ABCDEFGHIJKLMNOPQRST,Rapido_MCTS,2,5.554,54535.79860000173
20,8,ABCDEFGHIJKLMNOPQRS,ABCDEFGHIJKLMNOPQRST,Rapido_MCTS,3,5.356,40843.85299999849
20,8,ABCDEFGHIJKLMNOPQRS,ABCDEFGHIJKLMNOPQRST,Rapido_MCTS,4,5.94,30290.48450000118
20,8,ABCDEFGHIJKLMNOPQRS,ABCDEFGHIJKLMNOPQRST,Rapido_MCTS,5,5.678,21992.99610001617
20,9,ABCDEFGHIJKLMNOPQRS,ABCDEFGHIJKLMNOPQRS,Exacto,2,0.0,380803.3104000005
20,9,ABCDEFGHIJKLMNOPQRS,ABCDEFGHIJKLMNOPQRS,Exacto,3,0.0,45075.42990000002
20,9,ABCDEFGHIJKLMNOPQRS,ABCDEFGHIJKLMNOPQRS,Exacto,4,0.0,49153.42349999992
20,9,ABCDEFGHIJKLMNOPQRS,ABCDEFGHIJKLMNOPQRS,Exacto,5,0.0,53840.55810000064
20,9,ABCDEFGHIJKLMNOPQRS,ABCDEFGHIJKLMNOPQRS,Exacto_KL,3,0.0,53589.09159999985
20,9,ABCDEFGHIJKLMNOPQRS,ABCDEFGHIJKLMNOPQRS,Exacto_KL,4,0.0,62058.35040000056
20,9,ABCDEFGHIJKLMNOPQRS,ABCDEFGHIJKLMNOPQRS,Exacto_KL,5,0.0,68712.70050000021
20,9,ABCDEFGHIJKLMNOPQRS,ABCDEFGHIJKLMNOPQRS,Rapido_MCTS,2,2.131,21030.49790000659
20,9,ABCDEFGHIJKLMNOPQRS,ABCDEFGHIJKLMNOPQRS,Rapido_MCTS,3,5.985,2507.037200004561
20,9,ABCDEFGHIJKLMNOPQRS,ABCDEFGHIJKLMNOPQRS,Rapido_MCTS,4,4.879999999999999,15300.82179998863
20,9,ABCDEFGHIJKLMNOPQRS,ABCDEFGHIJKLMNOPQRS,Rapido_MCTS,5,4.63,9123.877600010019
20,10,ABCDEFGHIJKLMNOPQRS,BCDEFGHIJKLMNOPQRST,Exacto,2,0.0,385799.5094999996
20,10,ABCDEFGHIJKLMNOPQRS,BCDEFGHIJKLMNOPQRST,Exacto,3,0.0,45405.87210000012
20,10,ABCDEFGHIJKLMNOPQRS,BCDEFGHIJKLMNOPQRST,Exacto,4,0.0,50928.50889999954
20,10,ABCDEFGHIJKLMNOPQRS,BCDEFGHIJKLMNOPQRST,Exacto,5,0.0,56932.54309999975
20,10,ABCDEFGHIJKLMNOPQRS,BCDEFGHIJKLMNOPQRST,Exacto_KL,3,0.0,56389.56120000057
20,10,ABCDEFGHIJKLMNOPQRS,BCDEFGHIJKLMNOPQRST,Exacto_KL,4,0.0,67869.0047
20,10,ABCDEFGHIJKLMNOPQRS,BCDEFGHIJKLMNOPQRST,Exacto_KL,5,0.0,81696.08069999958
20,10,ABCDEFGHIJKLMNOPQRS,BCDEFGHIJKLMNOPQRST,Rapido_MCTS,2,5.563999999999999,2899.970900005428
20,10,ABCDEFGHIJKLMNOPQRS,BCDEFGHIJKLMNOPQRST,Rapido_MCTS,3,4.134,15013.57149999239
20,10,ABCDEFGHIJKLMNOPQRS,BCDEFGHIJKLMNOPQRST,Rapido_MCTS,4,4.545999999999999,20508.16129997838
20,10,ABCDEFGHIJKLMNOPQRS,BCDEFGHIJKLMNOPQRST,Rapido_MCTS,5,4.746,16726.98990002391
20,11,ABCDEFGHIJKLMNOPQRS,BCDEFGHIJKLMNOPQRS,Exacto,2,0.0,187015.5125000001
20,11,ABCDEFGHIJKLMNOPQRS,BCDEFGHIJKLMNOPQRS,Exacto,3,0.0,22479.54750000008
20,11,ABCDEFGHIJKLMNOPQRS,BCDEFGHIJKLMNOPQRS,Exacto,4,0.0,25047.43919999964
20,11,ABCDEFGHIJKLMNOPQRS,BCDEFGHIJKLMNOPQRS,Exacto,5,0.0,28082.10280000003
20,11,ABCDEFGHIJKLMNOPQRS,BCDEFGHIJKLMNOPQRS,Exacto_KL,3,0.0,28377.0427999998
20,11,ABCDEFGHIJKLMNOPQRS,BCDEFGHIJKLMNOPQRS,Exacto_KL,4,0.0,34345.5726000002
20,11,ABCDEFGHIJKLMNOPQRS,BCDEFGHIJKLMNOPQRS,Exacto_KL,5,0.0,40569.40480000048
20,11,ABCDEFGHIJKLMNOPQRS,BCDEFGHIJKLMNOPQRS,Rapido_MCTS,2,1.787,7731.779499998083
20,11,ABCDEFGHIJKLMNOPQRS,BCDEFGHIJKLMNOPQRS,Rapido_MCTS,3,2.746,6620.615299994824
20,11,ABCDEFGHIJKLMNOPQRS,BCDEFGHIJKLMNOPQRS,Rapido_MCTS,4,4.151,6314.435999986017
20,11,ABCDEFGHIJKLMNOPQRS,BCDEFGHIJKLMNOPQRS,Rapido_MCTS,5,4.526000000000001,10818.84819999686
20,12,ABCDEFGHIJKLMNOPQRS,ABDEGHJKMNPQST,Exacto,2,0.0,9872.506799999428
20,12,ABCDEFGHIJKLMNOPQRS,ABDEGHJKMNPQST,Exacto,3,0.0,1429.818699999487
20,12,ABCDEFGHIJKLMNOPQRS,ABDEGHJKMNPQST,Exacto,4,0.0,1758.789099999376
20,12,ABCDEFGHIJKLMNOPQRS,ABDEGHJKMNPQST,Exacto,5,0.0,2299.028000000362
20,12,ABCDEFGHIJKLMNOPQRS,ABDEGHJKMNPQST,Exacto_KL,3,0.0,2147.407399999793
20,12,ABCDEFGHIJKLMNOPQRS,ABDEGHJKMNPQST,Exacto_KL,4,0.0,3158.469299999524
20,12,ABCDEFGHIJKLMNOPQRS,ABDEGHJKMNPQST,Exacto_KL,5,0.0,4058.566800000335
20,12,ABCDEFGHIJKLMNOPQRS,ABDEGHJKMNPQST,Rapido_MCTS,2,1.657,3419.127200002549
20,12,ABCDEFGHIJKLMNOPQRS,ABDEGHJKMNPQST,Rapido_MCTS,3,2.834,2806.442100001732
20,12,ABCDEFGHIJKLMNOPQRS,ABDEGHJKMNPQST,Rapido_MCTS,4,2.625,3106.635399977677
20,12,ABCDEFGHIJKLMNOPQRS,ABDEGHJKMNPQST,Rapido_MCTS,5,2.908,3219.000599987339
20,13,ABCDEFGHIJKLMNOPQRS,ACEGIKMOQS,Exacto,2,0.0,2196.841100000711
20,13,ABCDEFGHIJKLMNOPQRS,ACEGIKMOQS,Exacto,3,0.0,249.9223999993774
20,13,ABCDEFGHIJKLMNOPQRS,ACEGIKMOQS,Exacto,4,0.0,480.5820999999924
20,13,ABCDEFGHIJKLMNOPQRS,ACEGIKMOQS,Exacto,5,0.0,695.5145000001721
20,13,ABCDEFGHIJKLMNOPQRS,ACEGIKMOQS,Exacto_KL,3,0.0,716.4063000000169
20,13,ABCDEFGHIJKLMNOPQRS,ACEGIKMOQS,Exacto_KL,4,0.0,1159.676000000218
20,13,ABCDEFGHIJKLMNOPQRS,ACEGIKMOQS,Exacto_KL,5,0.0,1610.140599999795
20,13,ABCDEFGHIJKLMNOPQRS,ACEGIKMOQS,Rapido_MCTS,2,0.358,4139.024200005224
20,13,ABCDEFGHIJKLMNOPQRS,ACEGIKMOQS,Rapido_MCTS,3,0.8654999999999999,2836.152700008824
20,13,ABCDEFGHIJKLMNOPQRS,ACEGIKMOQS,Rapido_MCTS,4,0.763,2851.230500004021
20,13,ABCDEFGHIJKLMNOPQRS,ACEGIKMOQS,Rapido_MCTS,5,2.5985,2252.360100013902
20,14,ABCDEFGHIJKLMNOPQRS,BDFHJLNPRT,Exacto,2,0.0,2147.945499999878
20,14,ABCDEFGHIJKLMNOPQRS,BDFHJLNPRT,Exacto,3,0.0,242.9136999999173
20,14,ABCDEFGHIJKLMNOPQRS,BDFHJLNPRT,Exacto,4,0.0,482.4308999995992
20,14,ABCDEFGHIJKLMNOPQRS,BDFHJLNPRT,Exacto,5,0.0,708.8831000000937
20,14,ABCDEFGHIJKLMNOPQRS,BDFHJLNPRT,Exacto_KL,3,0.0,723.7399000005098
20,14,ABCDEFGHIJKLMNOPQRS,BDFHJLNPRT,Exacto_KL,4,0.0,1192.437100000461
20,14,ABCDEFGHIJKLMNOPQRS,BDFHJLNPRT,Exacto_KL,5,0.0,1631.087199999456
20,14,ABCDEFGHIJKLMNOPQRS,BDFHJLNPRT,Rapido_MCTS,2,0.611,4140.276699996321
20,14,ABCDEFGHIJKLMNOPQRS,BDFHJLNPRT,Rapido_MCTS,3,1.9065,2237.786399986362
20,14,ABCDEFGHIJKLMNOPQRS,BDFHJLNPRT,Rapido_MCTS,4,2.7275,3110.381700011203
20,14,ABCDEFGHIJKLMNOPQRS,BDFHJLNPRT,Rapido_MCTS,5,2.521,3305.772899999283
20,15,BCDEFGHIJKLMNOPQRST,ABCDEFGHIJKLMNOPQRST,Exacto,2,0.0,818093.1037
20,15,BCDEFGHIJKLMNOPQRST,ABCDEFGHIJKLMNOPQRST,Exacto,3,0.0,92949.11550000143
20,15,BCDEFGHIJKLMNOPQRST,ABCDEFGHIJKLMNOPQRST,Exacto,4,0.0,101524.6774000007
20,15,BCDEFGHIJKLMNOPQRST,ABCDEFGHIJKLMNOPQRST,Exacto,5,0.0,108954.9848000006
20,15,BCDEFGHIJKLMNOPQRST,ABCDEFGHIJKLMNOPQRST,Exacto_KL,3,0.0,107634.6422999995
20,15,BCDEFGHIJKLMNOPQRST,ABCDEFGHIJKLMNOPQRST,Exacto_KL,4,0.0,124952.8298000005
20,15,BCDEFGHIJKLMNOPQRST,ABCDEFGHIJKLMNOPQRST,Exacto_KL,5,0.0,142910.4666999992
20,15,BCDEFGHIJKLMNOPQRST,ABCDEFGHIJKLMNOPQRST,Rapido_MCTS,2,3.978,100385.4769000027
20,15,BCDEFGHIJKLMNOPQRST,ABCDEFGHIJKLMNOPQRST,Rapido_MCTS,3,3.91,47048.6152000085
20,15,BCDEFGHIJKLMNOPQRST,ABCDEFGHIJKLMNOPQRST,Rapido_MCTS,4,5.24,37653.98289999575
20,15,BCDEFGHIJKLMNOPQRST,ABCDEFGHIJKLMNOPQRST,Rapido_MCTS,5,5.124,25484.40560000017
20,16,BCDEFGHIJKLMNOPQRST,ABCDEFGHIJKLMNOPQRS,Exacto,2,0.0,385340.9591
20,16,BCDEFGHIJKLMNOPQRST,ABCDEFGHIJKLMNOPQRS,Exacto,3,0.0,45820.52049999947
20,16,BCDEFGHIJKLMNOPQRST,ABCDEFGHIJKLMNOPQRS,Exacto,4,0.0,49205.77349999985
20,16,BCDEFGHIJKLMNOPQRST,ABCDEFGHIJKLMNOPQRS,Exacto,5,0.0,53089.54350000022
20,16,BCDEFGHIJKLMNOPQRST,ABCDEFGHIJKLMNOPQRS,Exacto_KL,3,0.0,53991.84000000059
20,16,BCDEFGHIJKLMNOPQRST,ABCDEFGHIJKLMNOPQRS,Exacto_KL,4,0.0,62215.52300000076
20,16,BCDEFGHIJKLMNOPQRST,ABCDEFGHIJKLMNOPQRS,Exacto_KL,5,0.0,71335.36409999942
20,16,BCDEFGHIJKLMNOPQRST,ABCDEFGHIJKLMNOPQRS,Rapido_MCTS,2,3.452,15243.27079998329
20,16,BCDEFGHIJKLMNOPQRST,ABCDEFGHIJKLMNOPQRS,Rapido_MCTS,3,5.116,2505.362900003092
20,16,BCDEFGHIJKLMNOPQRST,ABCDEFGHIJKLMNOPQRS,Rapido_MCTS,4,3.976,11745.1005000039
20,16,BCDEFGHIJKLMNOPQRST,ABCDEFGHIJKLMNOPQRS,Rapido_MCTS,5,4.665999999999999,7963.997999991989
20,17,BCDEFGHIJKLMNOPQRST,BCDEFGHIJKLMNOPQRST,Exacto,2,0.0,386393.3207999999
20,17,BCDEFGHIJKLMNOPQRST,BCDEFGHIJKLMNOPQRST,Exacto,3,0.0,45052.11410000084
20,17,BCDEFGHIJKLMNOPQRST,BCDEFGHIJKLMNOPQRST,Exacto,4,0.0,51119.56850000024
20,17,BCDEFGHIJKLMNOPQRST,BCDEFGHIJKLMNOPQRST,Exacto,5,0.125,57837.39649999916
20,17,BCDEFGHIJKLMNOPQRST,BCDEFGHIJKLMNOPQRST,Exacto_KL,3,0.0,56940.78649999938
20,17,BCDEFGHIJKLMNOPQRST,BCDEFGHIJKLMNOPQRST,Exacto_KL,4,0.0,67125.11500000073
20,17,BCDEFGHIJKLMNOPQRST,BCDEFGHIJKLMNOPQRST,Exacto_KL,5,0.125,76275.20709999953
20,17,BCDEFGHIJKLMNOPQRST,BCDEFGHIJKLMNOPQRST,Rapido_MCTS,2,2.852,25670.03099998692
20,17,BCDEFGHIJKLMNOPQRST,BCDEFGHIJKLMNOPQRST,Rapido_MCTS,3,3.54,18244.49670000467
20,17,BCDEFGHIJKLMNOPQRST,BCDEFGHIJKLMNOPQRST,Rapido_MCTS,4,4.95,19884.74139999016
20,17,BCDEFGHIJKLMNOPQRST,BCDEFGHIJKLMNOPQRST,Rapido_MCTS,5,5.632,18377.87680001929
20,18,BCDEFGHIJKLMNOPQRST,BCDEFGHIJKLMNOPQRS,Exacto,2,0.0,182559.6937999999
20,18,BCDEFGHIJKLMNOPQRST,BCDEFGHIJKLMNOPQRS,Exacto,3,0.0,22286.37919999892
20,18,BCDEFGHIJKLMNOPQRST,BCDEFGHIJKLMNOPQRS,Exacto,4,0.0,25430.09590000111
20,18,BCDEFGHIJKLMNOPQRST,BCDEFGHIJKLMNOPQRS,Exacto,5,0.125,28153.57949999998
20,18,BCDEFGHIJKLMNOPQRST,BCDEFGHIJKLMNOPQRS,Exacto_KL,3,0.0,28631.29279999885
20,18,BCDEFGHIJKLMNOPQRST,BCDEFGHIJKLMNOPQRS,Exacto_KL,4,0.0,33731.64609999912
20,18,BCDEFGHIJKLMNOPQRST,BCDEFGHIJKLMNOPQRS,Exacto_KL,5,0.0,52413.97730000062
20,18,BCDEFGHIJKLMNOPQRST,BCDEFGHIJKLMNOPQRS,Rapido_MCTS,2,1.952,16858.40720002307
20,18,BCDEFGHIJKLMNOPQRST,BCDEFGHIJKLMNOPQRS,Rapido_MCTS,3,3.226,7228.361999994377
20,18,BCDEFGHIJKLMNOPQRST,BCDEFGHIJKLMNOPQRS,Rapido_MCTS,4,4.276,9217.173900018679
20,18,BCDEFGHIJKLMNOPQRST,BCDEFGHIJKLMNOPQRS,Rapido_MCTS,5,4.727,11149.04049999313
20,19,BCDEFGHIJKLMNOPQRST,ABDEGHJKMNPQST,Exacto,2,0.0,9933.096799999475
20,19,BCDEFGHIJKLMNOPQRST,ABDEGHJKMNPQST,Exacto,3,0.0,1453.534399999626
20,19,BCDEFGHIJKLMNOPQRST,ABDEGHJKMNPQST,Exacto,4,0.0,1782.745499998782
20,19,BCDEFGHIJKLMNOPQRST,ABDEGHJKMNPQST,Exacto,5,0.0,2347.970099999657
20,19,BCDEFGHIJKLMNOPQRST,ABDEGHJKMNPQST,Exacto_KL,3,0.0,2155.205799999749
20,19,BCDEFGHIJKLMNOPQRST,ABDEGHJKMNPQST,Exacto_KL,4,0.0,3401.978100000633
20,19,BCDEFGHIJKLMNOPQRST,ABDEGHJKMNPQST,Exacto_KL,5,0.0,4027.639199999612
20,19,BCDEFGHIJKLMNOPQRST,ABDEGHJKMNPQST,Rapido_MCTS,2,2.961,2818.940199998906
20,19,BCDEFGHIJKLMNOPQRST,ABDEGHJKMNPQST,Rapido_MCTS,3,3.508,3721.788099996047
20,19,BCDEFGHIJKLMNOPQRST,ABDEGHJKMNPQST,Rapido_MCTS,4,3.301,3489.871400000993
20,19,BCDEFGHIJKLMNOPQRST,ABDEGHJKMNPQST,Rapido_MCTS,5,3.174,4144.197999994503
20,20,BCDEFGHIJKLMNOPQRST,ACEGIKMOQS,Exacto,2,0.0,2243.2557000011
20,20,BCDEFGHIJKLMNOPQRST,ACEGIKMOQS,Exacto,3,0.0,254.7106000001804
20,20,BCDEFGHIJKLMNOPQRST,ACEGIKMOQS,Exacto,4,0.0,483.7836000006064
20,20,BCDEFGHIJKLMNOPQRST,ACEGIKMOQS,Exacto,5,0.0,704.6274000003905
20,20,BCDEFGHIJKLMNOPQRST,ACEGIKMOQS,Exacto_KL,3,0.0,732.2535999992397
20,20,BCDEFGHIJKLMNOPQRST,ACEGIKMOQS,Exacto_KL,4,0.0,1151.06410000044
20,20,BCDEFGHIJKLMNOPQRST,ACEGIKMOQS,Exacto_KL,5,0.0,1603.58079999969
20,20,BCDEFGHIJKLMNOPQRST,ACEGIKMOQS,Rapido_MCTS,2,0.6285000000000001,3915.527999983169
20,20,BCDEFGHIJKLMNOPQRST,ACEGIKMOQS,Rapido_MCTS,3,1.2305,2188.875099993311
20,20,BCDEFGHIJKLMNOPQRST,ACEGIKMOQS,Rapido_MCTS,4,0.6145,2447.632099996554
20,20,BCDEFGHIJKLMNOPQRST,ACEGIKMOQS,Rapido_MCTS,5,2.462,2695.521699992241
20,21,BCDEFGHIJKLMNOPQRST,BDFHJLNPRT,Exacto,2,0.0,2176.613800000268
20,21,BCDEFGHIJKLMNOPQRST,BDFHJLNPRT,Exacto,3,0.0,265.3084000012313
20,21,BCDEFGHIJKLMNOPQRST,BDFHJLNPRT,Exacto,4,0.0,492.0168000007834
20,21,BCDEFGHIJKLMNOPQRST,BDFHJLNPRT,Exacto,5,0.0,711.1242000009952
20,21,BCDEFGHIJKLMNOPQRST,BDFHJLNPRT,Exacto_KL,3,0.0,742.8240999997797
20,21,BCDEFGHIJKLMNOPQRST,BDFHJLNPRT,Exacto_KL,4,0.0,1243.878600000244
20,21,BCDEFGHIJKLMNOPQRST,BDFHJLNPRT,Exacto_KL,5,0.0,1617.650300000605
20,21,BCDEFGHIJKLMNOPQRST,BDFHJLNPRT,Rapido_MCTS,2,0.361,4937.798900005873
20,21,BCDEFGHIJKLMNOPQRST,BDFHJLNPRT,Rapido_MCTS,3,1.7265,3107.538699987344
20,21,BCDEFGHIJKLMNOPQRST,BDFHJLNPRT,Rapido_MCTS,4,1.52,2368.073699995875
20,21,BCDEFGHIJKLMNOPQRST,BDFHJLNPRT,Rapido_MCTS,5,2.449,2903.175399987958
20,22,BCDEFGHIJKLMNOPQRS,ABCDEFGHIJKLMNOPQRST,Exacto,2,0.0,802170.6453000007
20,22,BCDEFGHIJKLMNOPQRS,ABCDEFGHIJKLMNOPQRST,Exacto,3,0.0,90185.33229999957
20,22,BCDEFGHIJKLMNOPQRS,ABCDEFGHIJKLMNOPQRST,Exacto,4,0.0,102716.1329999999
20,22,BCDEFGHIJKLMNOPQRS,ABCDEFGHIJKLMNOPQRST,Exacto,5,0.0,105804.6552999986
20,22,BCDEFGHIJKLMNOPQRS,ABCDEFGHIJKLMNOPQRST,Exacto_KL,3,0.0,106749.5624999992
20,22,BCDEFGHIJKLMNOPQRS,ABCDEFGHIJKLMNOPQRST,Exacto_KL,4,0.0,120688.9077000014
20,22,BCDEFGHIJKLMNOPQRS,ABCDEFGHIJKLMNOPQRST,Exacto_KL,5,0.0,133989.2108000003
20,22,BCDEFGHIJKLMNOPQRS,ABCDEFGHIJKLMNOPQRST,Rapido_MCTS,2,2.034,81852.54369999166
20,22,BCDEFGHIJKLMNOPQRS,ABCDEFGHIJKLMNOPQRST,Rapido_MCTS,3,4.206,43342.9049999977
20,22,BCDEFGHIJKLMNOPQRS,ABCDEFGHIJKLMNOPQRST,Rapido_MCTS,4,4.85,6318.258500017691
20,22,BCDEFGHIJKLMNOPQRS,ABCDEFGHIJKLMNOPQRST,Rapido_MCTS,5,4.792000000000001,25299.12290000357
20,23,BCDEFGHIJKLMNOPQRS,ABCDEFGHIJKLMNOPQRS,Exacto,2,0.0,380036.5615999999
20,23,BCDEFGHIJKLMNOPQRS,ABCDEFGHIJKLMNOPQRS,Exacto,3,0.0,44741.30040000091
20,23,BCDEFGHIJKLMNOPQRS,ABCDEFGHIJKLMNOPQRS,Exacto,4,0.0,49125.12640000023
20,23,BCDEFGHIJKLMNOPQRS,ABCDEFGHIJKLMNOPQRS,Exacto,5,0.0,52543.45210000065
20,23,BCDEFGHIJKLMNOPQRS,ABCDEFGHIJKLMNOPQRS,Exacto_KL,3,0.0,52951.75299999937
20,23,BCDEFGHIJKLMNOPQRS,ABCDEFGHIJKLMNOPQRS,Exacto_KL,4,0.0,59961.73650000128
20,23,BCDEFGHIJKLMNOPQRS,ABCDEFGHIJKLMNOPQRS,Exacto_KL,5,0.0,66648.97790000032
20,23,BCDEFGHIJKLMNOPQRS,ABCDEFGHIJKLMNOPQRS,Rapido_MCTS,2,3.357,14888.96600002772
20,23,BCDEFGHIJKLMNOPQRS,ABCDEFGHIJKLMNOPQRS,Rapido_MCTS,3,3.631,10656.41899997718
20,23,BCDEFGHIJKLMNOPQRS,ABCDEFGHIJKLMNOPQRS,Rapido_MCTS,4,3.892,11359.23279999406
20,23,BCDEFGHIJKLMNOPQRS,ABCDEFGHIJKLMNOPQRS,Rapido_MCTS,5,3.68,13602.47969999909
20,24,BCDEFGHIJKLMNOPQRS,BCDEFGHIJKLMNOPQRST,Exacto,2,0.0,379916.2895999998
20,24,BCDEFGHIJKLMNOPQRS,BCDEFGHIJKLMNOPQRST,Exacto,3,0.0,44457.41029999954
20,24,BCDEFGHIJKLMNOPQRS,BCDEFGHIJKLMNOPQRST,Exacto,4,0.0,49661.55839999919
20,24,BCDEFGHIJKLMNOPQRS,BCDEFGHIJKLMNOPQRST,Exacto,5,0.0,55587.70020000156
20,24,BCDEFGHIJKLMNOPQRS,BCDEFGHIJKLMNOPQRST,Exacto_KL,3,0.0,55465.70599999905
20,24,BCDEFGHIJKLMNOPQRS,BCDEFGHIJKLMNOPQRST,Exacto_KL,4,0.0,65379.18879999961
20,24,BCDEFGHIJKLMNOPQRS,BCDEFGHIJKLMNOPQRST,Exacto_KL,5,0.0,76953.79850000063
20,24,BCDEFGHIJKLMNOPQRS,BCDEFGHIJKLMNOPQRST,Rapido_MCTS,2,5.845999999999999,2761.900699988473
20,24,BCDEFGHIJKLMNOPQRS,BCDEFGHIJKLMNOPQRST,Rapido_MCTS,3,2.732,23285.87929997593
20,24,BCDEFGHIJKLMNOPQRS,BCDEFGHIJKLMNOPQRST,Rapido_MCTS,4,4.298,6881.74120002077
20,24,BCDEFGHIJKLMNOPQRS,BCDEFGHIJKLMNOPQRST,Rapido_MCTS,5,4.952,16526.38040002785
20,25,BCDEFGHIJKLMNOPQRS,BCDEFGHIJKLMNOPQRS,Exacto,2,0.0,179893.5767999992
20,25,BCDEFGHIJKLMNOPQRS,BCDEFGHIJKLMNOPQRS,Exacto,3,0.0,22438.58079999882
20,25,BCDEFGHIJKLMNOPQRS,BCDEFGHIJKLMNOPQRS,Exacto,4,0.0,24592.20710000045
20,25,BCDEFGHIJKLMNOPQRS,BCDEFGHIJKLMNOPQRS,Exacto,5,0.0,27135.89069999944
20,25,BCDEFGHIJKLMNOPQRS,BCDEFGHIJKLMNOPQRS,Exacto_KL,3,0.0,27825.25199999873
20,25,BCDEFGHIJKLMNOPQRS,BCDEFGHIJKLMNOPQRS,Exacto_KL,4,0.0,32526.11460000116
20,25,BCDEFGHIJKLMNOPQRS,BCDEFGHIJKLMNOPQRS,Exacto_KL,5,0.0,38961.61109999957
20,25,BCDEFGHIJKLMNOPQRS,BCDEFGHIJKLMNOPQRS,Rapido_MCTS,2,2.919,11243.61750000389
20,25,BCDEFGHIJKLMNOPQRS,BCDEFGHIJKLMNOPQRS,Rapido_MCTS,3,2.548,5433.725200011395
20,25,BCDEFGHIJKLMNOPQRS,BCDEFGHIJKLMNOPQRS,Rapido_MCTS,4,5.136,4109.939799993299
20,25,BCDEFGHIJKLMNOPQRS,BCDEFGHIJKLMNOPQRS,Rapido_MCTS,5,4.760999999999999,9355.605499993544
20,26,BCDEFGHIJKLMNOPQRS,ABDEGHJKMNPQST,Exacto,2,0.0,9662.260600000081
20,26,BCDEFGHIJKLMNOPQRS,ABDEGHJKMNPQST,Exacto,3,0.0,1368.186699999569
20,26,BCDEFGHIJKLMNOPQRS,ABDEGHJKMNPQST,Exacto,4,0.0,1727.054999999382
20,26,BCDEFGHIJKLMNOPQRS,ABDEGHJKMNPQST,Exacto,5,0.0,2070.714200001021
20,26,BCDEFGHIJKLMNOPQRS,ABDEGHJKMNPQST,Exacto_KL,3,0.0,2031.059599999935
20,26,BCDEFGHIJKLMNOPQRS,ABDEGHJKMNPQST,Exacto_KL,4,0.0,3087.273999999525
20,26,BCDEFGHIJKLMNOPQRS,ABDEGHJKMNPQST,Exacto_KL,5,0.0,3831.893000000491
20,26,BCDEFGHIJKLMNOPQRS,ABDEGHJKMNPQST,Rapido_MCTS,2,2.898,3000.450000021374
20,26,BCDEFGHIJKLMNOPQRS,ABDEGHJKMNPQST,Rapido_MCTS,3,2.568,2369.132400024682
20,26,BCDEFGHIJKLMNOPQRS,ABDEGHJKMNPQST,Rapido_MCTS,4,2.734,2931.875200010836
20,26,BCDEFGHIJKLMNOPQRS,ABDEGHJKMNPQST,Rapido_MCTS,5,3.527,2963.214399991557
20,27,BCDEFGHIJKLMNOPQRS,ACEGIKMOQS,Exacto,2,0.0,2065.246599999227
20,27,BCDEFGHIJKLMNOPQRS,ACEGIKMOQS,Exacto,3,0.0,282.2345999993559
20,27,BCDEFGHIJKLMNOPQRS,ACEGIKMOQS,Exacto,4,0.0,467.8842000012082
20,27,BCDEFGHIJKLMNOPQRS,ACEGIKMOQS,Exacto,5,0.0,663.8315000000148
20,27,BCDEFGHIJKLMNOPQRS,ACEGIKMOQS,Exacto_KL,3,0.0,705.4538000011235
20,27,BCDEFGHIJKLMNOPQRS,ACEGIKMOQS,Exacto_KL,4,0.0,1083.32320000045
20,27,BCDEFGHIJKLMNOPQRS,ACEGIKMOQS,Exacto_KL,5,0.0,1441.260800000236
20,27,BCDEFGHIJKLMNOPQRS,ACEGIKMOQS,Rapido_MCTS,2,1.4805,3424.100200005341
20,27,BCDEFGHIJKLMNOPQRS,ACEGIKMOQS,Rapido_MCTS,3,0.725,2058.236299984856
20,27,BCDEFGHIJKLMNOPQRS,ACEGIKMOQS,Rapido_MCTS,4,2.108,1618.551599996863
20,27,BCDEFGHIJKLMNOPQRS,ACEGIKMOQS,Rapido_MCTS,5,2.114,2464.524700015318
20,28,BCDEFGHIJKLMNOPQRS,BDFHJLNPRT,Exacto,2,0.0,2081.370300000344
20,28,BCDEFGHIJKLMNOPQRS,BDFHJLNPRT,Exacto,3,0.0,248.784200000955
20,28,BCDEFGHIJKLMNOPQRS,BDFHJLNPRT,Exacto,4,0.0,461.8609000008291
20,28,BCDEFGHIJKLMNOPQRS,BDFHJLNPRT,Exacto,5,0.0,729.1164999987814
20,28,BCDEFGHIJKLMNOPQRS,BDFHJLNPRT,Exacto_KL,3,0.0,691.2093999999342
20,28,BCDEFGHIJKLMNOPQRS,BDFHJLNPRT,Exacto_KL,4,0.0,1091.625000000931
20,28,BCDEFGHIJKLMNOPQRS,BDFHJLNPRT,Exacto_KL,5,0.0,1509.971999999834
20,28,BCDEFGHIJKLMNOPQRS,BDFHJLNPRT,Rapido_MCTS,2,2.1825,4246.015199983958
20,28,BCDEFGHIJKLMNOPQRS,BDFHJLNPRT,Rapido_MCTS,3,1.242,3146.268900018185
20,28,BCDEFGHIJKLMNOPQRS,BDFHJLNPRT,Rapido_MCTS,4,1.979,2417.618200008292
20,28,BCDEFGHIJKLMNOPQRS,BDFHJLNPRT,Rapido_MCTS,5,2.2405,2671.605099982116
20,29,ABDEGHJKMNPQST,ABCDEFGHIJKLMNOPQRST,Exacto,2,0.0,729644.995300001
20,29,ABDEGHJKMNPQST,ABCDEFGHIJKLMNOPQRST,Exacto,3,0.0,86352.11420000087
20,29,ABDEGHJKMNPQST,ABCDEFGHIJKLMNOPQRST,Exacto,4,0.0,98777.59719999995
20,29,ABDEGHJKMNPQST,ABCDEFGHIJKLMNOPQRST,Exacto,5,0.0,110171.4821999994
20,29,ABDEGHJKMNPQST,ABCDEFGHIJKLMNOPQRST,Exacto_KL,3,0.0,110184.4908999992
20,29,ABDEGHJKMNPQST,ABCDEFGHIJKLMNOPQRST,Exacto_KL,4,0.0,136816.3106000011
20,29,ABDEGHJKMNPQST,ABCDEFGHIJKLMNOPQRST,Exacto_KL,5,0.0,163559.8381
20,29,ABDEGHJKMNPQST,ABCDEFGHIJKLMNOPQRST,Rapido_MCTS,2,1.996,75318.74170000083
20,29,ABDEGHJKMNPQST,ABCDEFGHIJKLMNOPQRST,Rapido_MCTS,3,3.286,24141.9039000175
20,29,ABDEGHJKMNPQST,ABCDEFGHIJKLMNOPQRST,Rapido_MCTS,4,4.907999999999999,22630.48329998855
20,29,ABDEGHJKMNPQST,ABCDEFGHIJKLMNOPQRST,Rapido_MCTS,5,4.028,20905.40980000515
20,30,ABDEGHJKMNPQST,ABCDEFGHIJKLMNOPQRS,Exacto,2,0.0,344182.0023999989
20,30,ABDEGHJKMNPQST,ABCDEFGHIJKLMNOPQRS,Exacto,3,0.0,41485.82439999882
20,30,ABDEGHJKMNPQST,ABCDEFGHIJKLMNOPQRS,Exacto,4,0.0,47664.31919999923
20,30,ABDEGHJKMNPQST,ABCDEFGHIJKLMNOPQRS,Exacto,5,0.0,54030.08750000117
20,30,ABDEGHJKMNPQST,ABCDEFGHIJKLMNOPQRS,Exacto_KL,3,0.0,53910.28249999908
20,30,ABDEGHJKMNPQST,ABCDEFGHIJKLMNOPQRS,Exacto_KL,4,0.0,67503.23479999861
20,30,ABDEGHJKMNPQST,ABCDEFGHIJKLMNOPQRS,Exacto_KL,5,0.0,79949.51459999902
20,30,ABDEGHJKMNPQST,ABCDEFGHIJKLMNOPQRS,Rapido_MCTS,2,2.294,10532.63259999221
20,30,ABDEGHJKMNPQST,ABCDEFGHIJKLMNOPQRS,Rapido_MCTS,3,4.962,2597.502700024052
20,30,ABDEGHJKMNPQST,ABCDEFGHIJKLMNOPQRS,Rapido_MCTS,4,2.527,18812.87560000783
20,30,ABDEGHJKMNPQST,ABCDEFGHIJKLMNOPQRS,Rapido_MCTS,5,4.473,3999.644299998181
20,31,ABDEGHJKMNPQST,BCDEFGHIJKLMNOPQRST,Exacto,2,0.0,349015.0674000015
20,31,ABDEGHJKMNPQST,BCDEFGHIJKLMNOPQRST,Exacto,3,0.0,42049.84509999849
20,31,ABDEGHJKMNPQST,BCDEFGHIJKLMNOPQRST,Exacto,4,0.0,42712.59370000189
20,31,ABDEGHJKMNPQST,BCDEFGHIJKLMNOPQRST,Exacto,5,0.0,45918.11459999735
20,31,ABDEGHJKMNPQST,BCDEFGHIJKLMNOPQRST,Exacto_KL,3,0.0,44140.21009999851
20,31,ABDEGHJKMNPQST,BCDEFGHIJKLMNOPQRST,Exacto_KL,4,0.0,52348.09260000111
20,31,ABDEGHJKMNPQST,BCDEFGHIJKLMNOPQRST,Exacto_KL,5,0.0,57734.94019999998
20,31,ABDEGHJKMNPQST,BCDEFGHIJKLMNOPQRST,Rapido_MCTS,2,2.514,18161.73859999981
20,31,ABDEGHJKMNPQST,BCDEFGHIJKLMNOPQRST,Rapido_MCTS,3,3.268,11199.32640000479
20,31,ABDEGHJKMNPQST,BCDEFGHIJKLMNOPQRST,Rapido_MCTS,4,4.336,11923.96029998781
20,31,ABDEGHJKMNPQST,BCDEFGHIJKLMNOPQRST,Rapido_MCTS,5,3.694,9758.426300017163
20,32,ABDEGHJKMNPQST,BCDEFGHIJKLMNOPQRS,Exacto,2,0.0,163388.4644999998
20,32,ABDEGHJKMNPQST,BCDEFGHIJKLMNOPQRS,Exacto,3,0.0,20711.4866999982
20,32,ABDEGHJKMNPQST,BCDEFGHIJKLMNOPQRS,Exacto,4,0.0,21420.90610000014
20,32,ABDEGHJKMNPQST,BCDEFGHIJKLMNOPQRS,Exacto,5,0.0,22688.76530000125
20,32,ABDEGHJKMNPQST,BCDEFGHIJKLMNOPQRS,Exacto_KL,3,0.0,21859.14830000183
20,32,ABDEGHJKMNPQST,BCDEFGHIJKLMNOPQRS,Exacto_KL,4,0.0,25764.59570000225
20,32,ABDEGHJKMNPQST,BCDEFGHIJKLMNOPQRS,Exacto_KL,5,0.0,28920.36680000092
20,32,ABDEGHJKMNPQST,BCDEFGHIJKLMNOPQRS,Rapido_MCTS,2,2.912,11480.90320001938
20,32,ABDEGHJKMNPQST,BCDEFGHIJKLMNOPQRS,Rapido_MCTS,3,2.97,7704.822500003502
20,32,ABDEGHJKMNPQST,BCDEFGHIJKLMNOPQRS,Rapido_MCTS,4,3.108,7589.039500016952
20,32,ABDEGHJKMNPQST,BCDEFGHIJKLMNOPQRS,Rapido_MCTS,5,2.878,6930.244800023502
20,33,ABDEGHJKMNPQST,ABDEGHJKMNPQST,Exacto,2,0.0,8687.525800000003
20,33,ABDEGHJKMNPQST,ABDEGHJKMNPQST,Exacto,3,0.0,1300.553500001115
20,33,ABDEGHJKMNPQST,ABDEGHJKMNPQST,Exacto,4,0.0,1480.348200002481
20,33,ABDEGHJKMNPQST,ABDEGHJKMNPQST,Exacto,5,0.0,1756.713499999023
20,33,ABDEGHJKMNPQST,ABDEGHJKMNPQST,Exacto_KL,3,0.0,1704.538800000591
20,33,ABDEGHJKMNPQST,ABDEGHJKMNPQST,Exacto_KL,4,0.0,2384.761100001924
20,33,ABDEGHJKMNPQST,ABDEGHJKMNPQST,Exacto_KL,5,0.0,2855.457700003171
20,33,ABDEGHJKMNPQST,ABDEGHJKMNPQST,Rapido_MCTS,2,2.195,3351.316700020107
20,33,ABDEGHJKMNPQST,ABDEGHJKMNPQST,Rapido_MCTS,3,2.309,1964.412400004221
20,33,ABDEGHJKMNPQST,ABDEGHJKMNPQST,Rapido_MCTS,4,2.298,2722.860600013519
20,33,ABDEGHJKMNPQST,ABDEGHJKMNPQST,Rapido_MCTS,5,3.299999999999999,1588.602300005732
20,34,ABDEGHJKMNPQST,ACEGIKMOQS,Exacto,2,0.0,1671.524199999112
20,34,ABDEGHJKMNPQST,ACEGIKMOQS,Exacto,3,0.0,215.2998999990814
20,34,ABDEGHJKMNPQST,ACEGIKMOQS,Exacto,4,0.0,355.8637999994971
20,34,ABDEGHJKMNPQST,ACEGIKMOQS,Exacto,5,0.0,485.31709999952
20,34,ABDEGHJKMNPQST,ACEGIKMOQS,Exacto_KL,3,0.0,498.9520999988599
20,34,ABDEGHJKMNPQST,ACEGIKMOQS,Exacto_KL,4,0.0,767.4532000019099
20,34,ABDEGHJKMNPQST,ACEGIKMOQS,Exacto_KL,5,0.0,1038.876499998878
20,34,ABDEGHJKMNPQST,ACEGIKMOQS,Rapido_MCTS,2,0.5924999999999999,2927.797500015004
20,34,ABDEGHJKMNPQST,ACEGIKMOQS,Rapido_MCTS,3,0.9684999999999999,1926.842199987732
20,34,ABDEGHJKMNPQST,ACEGIKMOQS,Rapido_MCTS,4,0.8665,2059.762000018964
20,34,ABDEGHJKMNPQST,ACEGIKMOQS,Rapido_MCTS,5,1.014,1578.102899977239
20,35,ABDEGHJKMNPQST,BDFHJLNPRT,Exacto,2,0.0,1661.847100000159
20,35,ABDEGHJKMNPQST,BDFHJLNPRT,Exacto,3,0.0,224.3931000011798
20,35,ABDEGHJKMNPQST,BDFHJLNPRT,Exacto,4,0.125,359.8046999977669
20,35,ABDEGHJKMNPQST,BDFHJLNPRT,Exacto,5,0.125,495.3851000027498
20,35,ABDEGHJKMNPQST,BDFHJLNPRT,Exacto_KL,3,0.0,527.1544000024733
20,35,ABDEGHJKMNPQST,BDFHJLNPRT,Exacto_KL,4,0.0,1210.003700001835
20,35,ABDEGHJKMNPQST,BDFHJLNPRT,Exacto_KL,5,0.125,1064.382900000055
20,35,ABDEGHJKMNPQST,BDFHJLNPRT,Rapido_MCTS,2,0.7370000000000001,3714.785699994536
20,35,ABDEGHJKMNPQST,BDFHJLNPRT,Rapido_MCTS,3,2.7225,1752.094900002703
20,35,ABDEGHJKMNPQST,BDFHJLNPRT,Rapido_MCTS,4,1.942,2551.222600013716
20,35,ABDEGHJKMNPQST,BDFHJLNPRT,Rapido_MCTS,5,1.4685,2311.733200011076
20,36,ACEGIKMOQS,ABCDEFGHIJKLMNOPQRST,Exacto,2,0.0,674595.7917999986
20,36,ACEGIKMOQS,ABCDEFGHIJKLMNOPQRST,Exacto,3,0.0,81291.89290000068
20,36,ACEGIKMOQS,ABCDEFGHIJKLMNOPQRST,Exacto,4,0.0,85460.81720000075
20,36,ACEGIKMOQS,ABCDEFGHIJKLMNOPQRST,Exacto,5,0.0,89036.45379999944
20,36,ACEGIKMOQS,ABCDEFGHIJKLMNOPQRST,Exacto_KL,3,0.0,87257.8216999973
20,36,ACEGIKMOQS,ABCDEFGHIJKLMNOPQRST,Exacto_KL,4,0.0,93870.18299999909
20,36,ACEGIKMOQS,ABCDEFGHIJKLMNOPQRST,Exacto_KL,5,0.0,99143.72400000138
20,36,ACEGIKMOQS,ABCDEFGHIJKLMNOPQRST,Rapido_MCTS,2,0.964,41568.10010000481
20,36,ACEGIKMOQS,ABCDEFGHIJKLMNOPQRST,Rapido_MCTS,3,3.334,3308.852799993474
20,36,ACEGIKMOQS,ABCDEFGHIJKLMNOPQRST,Rapido_MCTS,4,2.67,4946.407300012652
20,36,ACEGIKMOQS,ABCDEFGHIJKLMNOPQRST,Rapido_MCTS,5,2.278,8567.24380000378
20,37,ACEGIKMOQS,ABCDEFGHIJKLMNOPQRS,Exacto,2,0.0,313255.6004999969
20,37,ACEGIKMOQS,ABCDEFGHIJKLMNOPQRS,Exacto,3,0.0,39421.16879999958
20,37,ACEGIKMOQS,ABCDEFGHIJKLMNOPQRS,Exacto,4,0.0,41234.22620000201
20,37,ACEGIKMOQS,ABCDEFGHIJKLMNOPQRS,Exacto,5,0.0,43424.13560000205
20,37,ACEGIKMOQS,ABCDEFGHIJKLMNOPQRS,Exacto_KL,3,0.0,43179.75769999975
20,37,ACEGIKMOQS,ABCDEFGHIJKLMNOPQRS,Exacto_KL,4,0.0,46588.00700000211
20,37,ACEGIKMOQS,ABCDEFGHIJKLMNOPQRS,Exacto_KL,5,0.0,49558.81249999948
20,37,ACEGIKMOQS,ABCDEFGHIJKLMNOPQRS,Rapido_MCTS,2,0.246,17393.86150002247
20,37,ACEGIKMOQS,ABCDEFGHIJKLMNOPQRS,Rapido_MCTS,3,1.239,10859.72290000063
20,37,ACEGIKMOQS,ABCDEFGHIJKLMNOPQRS,Rapido_MCTS,4,1.972,12050.64370000036
20,37,ACEGIKMOQS,ABCDEFGHIJKLMNOPQRS,Rapido_MCTS,5,1.243,7016.61829999648
20,38,ACEGIKMOQS,BCDEFGHIJKLMNOPQRST,Exacto,2,0.0,312712.3334999997
20,38,ACEGIKMOQS,BCDEFGHIJKLMNOPQRST,Exacto,3,0.0,39726.39280000294
20,38,ACEGIKMOQS,BCDEFGHIJKLMNOPQRST,Exacto,4,0.0,41503.16669999665
20,38,ACEGIKMOQS,BCDEFGHIJKLMNOPQRST,Exacto,5,0.0,44025.62300000136
20,38,ACEGIKMOQS,BCDEFGHIJKLMNOPQRST,Exacto_KL,3,0.0,44611.74350000147
20,38,ACEGIKMOQS,BCDEFGHIJKLMNOPQRST,Exacto_KL,4,0.0,48870.38050000046
20,38,ACEGIKMOQS,BCDEFGHIJKLMNOPQRST,Exacto_KL,5,0.0,52894.40079999986
20,38,ACEGIKMOQS,BCDEFGHIJKLMNOPQRST,Rapido_MCTS,2,1.018,9206.471400015289
20,38,ACEGIKMOQS,BCDEFGHIJKLMNOPQRST,Rapido_MCTS,3,2.258,3144.310100004077
20,38,ACEGIKMOQS,BCDEFGHIJKLMNOPQRST,Rapido_MCTS,4,1.652,11528.03819999099
20,38,ACEGIKMOQS,BCDEFGHIJKLMNOPQRST,Rapido_MCTS,5,3.048,1846.750700002303
20,39,ACEGIKMOQS,BCDEFGHIJKLMNOPQRS,Exacto,2,0.0,149407.3927000027
20,39,ACEGIKMOQS,BCDEFGHIJKLMNOPQRS,Exacto,3,0.0,19401.0434999982
20,39,ACEGIKMOQS,BCDEFGHIJKLMNOPQRS,Exacto,4,0.0,20710.04730000277
20,39,ACEGIKMOQS,BCDEFGHIJKLMNOPQRS,Exacto,5,0.0,21576.14100000137
20,39,ACEGIKMOQS,BCDEFGHIJKLMNOPQRS,Exacto_KL,3,0.0,21682.22120000064
20,39,ACEGIKMOQS,BCDEFGHIJKLMNOPQRS,Exacto_KL,4,0.0,24061.87759999739
20,39,ACEGIKMOQS,BCDEFGHIJKLMNOPQRS,Exacto_KL,5,0.0,26521.51729999969
20,39,ACEGIKMOQS,BCDEFGHIJKLMNOPQRS,Rapido_MCTS,2,0.274,7132.608100015204
20,39,ACEGIKMOQS,BCDEFGHIJKLMNOPQRS,Rapido_MCTS,3,2.288,6167.571800004225
20,39,ACEGIKMOQS,BCDEFGHIJKLMNOPQRS,Rapido_MCTS,4,2.011,7715.523799997754
20,39,ACEGIKMOQS,BCDEFGHIJKLMNOPQRS,Rapido_MCTS,5,1.235,7423.398200015072
20,40,ACEGIKMOQS,ABDEGHJKMNPQST,Exacto,2,0.0,7765.933999999106
20,40,ACEGIKMOQS,ABDEGHJKMNPQST,Exacto,3,0.0,1169.353600002069
20,40,ACEGIKMOQS,ABDEGHJKMNPQST,Exacto,4,0.0,1299.665899998217
20,40,ACEGIKMOQS,ABDEGHJKMNPQST,Exacto,5,0.0,1567.901300000813
20,40,ACEGIKMOQS,ABDEGHJKMNPQST,Exacto_KL,3,0.0,1488.313199999538
20,40,ACEGIKMOQS,ABDEGHJKMNPQST,Exacto_KL,4,0.0,1852.198000000499
20,40,ACEGIKMOQS,ABDEGHJKMNPQST,Exacto_KL,5,0.0,2082.388099999662
20,40,ACEGIKMOQS,ABDEGHJKMNPQST,Rapido_MCTS,2,0.516,1710.251399985282
20,40,ACEGIKMOQS,ABDEGHJKMNPQST,Rapido_MCTS,3,1.286,1447.244599985424
20,40,ACEGIKMOQS,ABDEGHJKMNPQST,Rapido_MCTS,4,1.5785,1818.105699989246
20,40,ACEGIKMOQS,ABDEGHJKMNPQST,Rapido_MCTS,5,1.853,1327.14449998457
20,41,ACEGIKMOQS,ACEGIKMOQS,Exacto,2,0.0,1281.454799998755
20,41,ACEGIKMOQS,ACEGIKMOQS,Exacto,3,0.0,195.4865000006976
20,41,ACEGIKMOQS,ACEGIKMOQS,Exacto,4,0.0,293.4792999985802
20,41,ACEGIKMOQS,ACEGIKMOQS,Exacto,5,0.0,365.994399999181
20,41,ACEGIKMOQS,ACEGIKMOQS,Exacto_KL,3,0.0,420.5075000027136
20,41,ACEGIKMOQS,ACEGIKMOQS,Exacto_KL,4,0.0,537.6676000014413
20,41,ACEGIKMOQS,ACEGIKMOQS,Exacto_KL,5,0.0,679.4415000003937
20,41,ACEGIKMOQS,ACEGIKMOQS,Rapido_MCTS,2,0.107,2411.227700009476
20,41,ACEGIKMOQS,ACEGIKMOQS,Rapido_MCTS,3,0.6305000000000001,1385.394599987194
20,41,ACEGIKMOQS,ACEGIKMOQS,Rapido_MCTS,4,0.248,1780.305799999041
20,41,ACEGIKMOQS,ACEGIKMOQS,Rapido_MCTS,5,0.116,1325.854700000491
20,42,ACEGIKMOQS,BDFHJLNPRT,Exacto,2,0.0,1304.548699998122
20,42,ACEGIKMOQS,BDFHJLNPRT,Exacto,3,0.0,201.2321000001975
20,42,ACEGIKMOQS,BDFHJLNPRT,Exacto,4,0.0,283.19680000277
20,42,ACEGIKMOQS,BDFHJLNPRT,Exacto,5,0.0,371.4279000014358
20,42,ACEGIKMOQS,BDFHJLNPRT,Exacto_KL,3,0.0,410.1769999979297
20,42,ACEGIKMOQS,BDFHJLNPRT,Exacto_KL,4,0.0,575.8992000010039
20,42,ACEGIKMOQS,BDFHJLNPRT,Exacto_KL,5,0.0,676.863400000002
20,42,ACEGIKMOQS,BDFHJLNPRT,Rapido_MCTS,2,1.0,2301.157100009732
20,42,ACEGIKMOQS,BDFHJLNPRT,Rapido_MCTS,3,0.511,1090.996600018116
20,42,ACEGIKMOQS,BDFHJLNPRT,Rapido_MCTS,4,1.681,1765.057600016007
20,42,ACEGIKMOQS,BDFHJLNPRT,Rapido_MCTS,5,2.262,1308.774300006917
20,43,BDFHJLNPRT,ABCDEFGHIJKLMNOPQRST,Exacto,2,0.0,666079.0951000017
20,43,BDFHJLNPRT,ABCDEFGHIJKLMNOPQRST,Exacto,3,0.0,80873.06520000129
20,43,BDFHJLNPRT,ABCDEFGHIJKLMNOPQRST,Exacto,4,0.0,82884.94200000059
20,43,BDFHJLNPRT,ABCDEFGHIJKLMNOPQRST,Exacto,5,0.0,85734.7239999981
20,43,BDFHJLNPRT,ABCDEFGHIJKLMNOPQRST,Exacto_KL,3,0.0,85002.98320000002
20,43,BDFHJLNPRT,ABCDEFGHIJKLMNOPQRST,Exacto_KL,4,0.0,84515.26439999725
20,43,BDFHJLNPRT,ABCDEFGHIJKLMNOPQRST,Exacto_KL,5,0.0,90333.54919999692
20,43,BDFHJLNPRT,ABCDEFGHIJKLMNOPQRST,Rapido_MCTS,2,2.35,50395.77870001085
20,43,BDFHJLNPRT,ABCDEFGHIJKLMNOPQRST,Rapido_MCTS,3,2.642,10823.09279998299
20,43,BDFHJLNPRT,ABCDEFGHIJKLMNOPQRST,Rapido_MCTS,4,3.412000000000001,21371.8248999794
20,43,BDFHJLNPRT,ABCDEFGHIJKLMNOPQRST,Rapido_MCTS,5,2.796,15332.41189998807
20,44,BDFHJLNPRT,ABCDEFGHIJKLMNOPQRS,Exacto,2,0.0,312822.0185000027
20,44,BDFHJLNPRT,ABCDEFGHIJKLMNOPQRS,Exacto,3,0.0,39536.13360000236
20,44,BDFHJLNPRT,ABCDEFGHIJKLMNOPQRS,Exacto,4,0.0,40038.15190000023
20,44,BDFHJLNPRT,ABCDEFGHIJKLMNOPQRS,Exacto,5,0.0,45866.8766999981
20,44,BDFHJLNPRT,ABCDEFGHIJKLMNOPQRS,Exacto_KL,3,0.0,41506.82600000073
20,44,BDFHJLNPRT,ABCDEFGHIJKLMNOPQRS,Exacto_KL,4,0.0,47225.1875999973
20,44,BDFHJLNPRT,ABCDEFGHIJKLMNOPQRS,Exacto_KL,5,0.0,50231.79399999935
20,44,BDFHJLNPRT,ABCDEFGHIJKLMNOPQRS,Rapido_MCTS,2,2.014,13020.20410000114
20,44,BDFHJLNPRT,ABCDEFGHIJKLMNOPQRS,Rapido_MCTS,3,2.731,6290.424399980111
20,44,BDFHJLNPRT,ABCDEFGHIJKLMNOPQRS,Rapido_MCTS,4,3.149,1487.917599995853
20,44,BDFHJLNPRT,ABCDEFGHIJKLMNOPQRS,Rapido_MCTS,5,2.558,7584.869899990736
20,45,BDFHJLNPRT,BCDEFGHIJKLMNOPQRST,Exacto,2,0.0,335173.1459000002
20,45,BDFHJLNPRT,BCDEFGHIJKLMNOPQRST,Exacto,3,0.0,40207.25920000041
20,45,BDFHJLNPRT,BCDEFGHIJKLMNOPQRST,Exacto,4,0.0,41020.58629999738
20,45,BDFHJLNPRT,BCDEFGHIJKLMNOPQRST,Exacto,5,0.0,42554.80180000086
20,45,BDFHJLNPRT,BCDEFGHIJKLMNOPQRST,Exacto_KL,3,0.0,41055.64999999842
20,45,BDFHJLNPRT,BCDEFGHIJKLMNOPQRST,Exacto_KL,4,0.0,46186.93160000112
20,45,BDFHJLNPRT,BCDEFGHIJKLMNOPQRST,Exacto_KL,5,0.0,49872.09219999932
20,45,BDFHJLNPRT,BCDEFGHIJKLMNOPQRST,Rapido_MCTS,2,1.268,17343.17430001101
20,45,BDFHJLNPRT,BCDEFGHIJKLMNOPQRST,Rapido_MCTS,3,2.784,12140.13620000333
20,45,BDFHJLNPRT,BCDEFGHIJKLMNOPQRST,Rapido_MCTS,4,3.41,12077.77070000884
20,45,BDFHJLNPRT,BCDEFGHIJKLMNOPQRST,Rapido_MCTS,5,3.006,4568.961400014814
20,46,BDFHJLNPRT,BCDEFGHIJKLMNOPQRS,Exacto,2,0.0,148898.3090000002
20,46,BDFHJLNPRT,BCDEFGHIJKLMNOPQRS,Exacto,3,0.0,19617.59270000039
20,46,BDFHJLNPRT,BCDEFGHIJKLMNOPQRS,Exacto,4,0.0,20189.86900000164
20,46,BDFHJLNPRT,BCDEFGHIJKLMNOPQRS,Exacto,5,0.0,20957.76309999928
20,46,BDFHJLNPRT,BCDEFGHIJKLMNOPQRS,Exacto_KL,3,0.0,20384.34710000001
20,46,BDFHJLNPRT,BCDEFGHIJKLMNOPQRS,Exacto_KL,4,0.0,22842.91060000032
20,46,BDFHJLNPRT,BCDEFGHIJKLMNOPQRS,Exacto_KL,5,0.0,24724.52759999942
20,46,BDFHJLNPRT,BCDEFGHIJKLMNOPQRS,Rapido_MCTS,2,1.09,5453.404200001387
20,46,BDFHJLNPRT,BCDEFGHIJKLMNOPQRS,Rapido_MCTS,3,2.516,5458.844500011764
20,46,BDFHJLNPRT,BCDEFGHIJKLMNOPQRS,Rapido_MCTS,4,2.825,5328.988900000695
20,46,BDFHJLNPRT,BCDEFGHIJKLMNOPQRS,Rapido_MCTS,5,2.596,4166.222500003641
20,47,BDFHJLNPRT,ABDEGHJKMNPQST,Exacto,2,0.0,7742.592800001148
20,47,BDFHJLNPRT,ABDEGHJKMNPQST,Exacto,3,0.0,1206.845600001543
20,47,BDFHJLNPRT,ABDEGHJKMNPQST,Exacto,4,0.0,1332.076300001063
20,47,BDFHJLNPRT,ABDEGHJKMNPQST,Exacto,5,0.0,1542.332000000897
20,47,BDFHJLNPRT,ABDEGHJKMNPQST,Exacto_KL,3,0.0,1511.005000000296
20,47,BDFHJLNPRT,ABDEGHJKMNPQST,Exacto_KL,4,0.0,1738.62349999763
20,47,BDFHJLNPRT,ABDEGHJKMNPQST,Exacto_KL,5,0.0,2054.894599998079
20,47,BDFHJLNPRT,ABDEGHJKMNPQST,Rapido_MCTS,2,0.977,1849.468200001866
20,47,BDFHJLNPRT,ABDEGHJKMNPQST,Rapido_MCTS,3,2.458,1414.983399998164
20,47,BDFHJLNPRT,ABDEGHJKMNPQST,Rapido_MCTS,4,2.272,2429.650399979437
20,47,BDFHJLNPRT,ABDEGHJKMNPQST,Rapido_MCTS,5,2.65,2199.856699997326
20,48,BDFHJLNPRT,ACEGIKMOQS,Exacto,2,0.0,1302.479900001345
20,48,BDFHJLNPRT,ACEGIKMOQS,Exacto,3,0.0,234.7332999997889
20,48,BDFHJLNPRT,ACEGIKMOQS,Exacto,4,0.0,313.697300000058
20,48,BDFHJLNPRT,ACEGIKMOQS,Exacto,5,0.0,392.2100999989198
20,48,BDFHJLNPRT,ACEGIKMOQS,Exacto_KL,3,0.0,439.1465000007884
20,48,BDFHJLNPRT,ACEGIKMOQS,Exacto_KL,4,0.0,556.7044999988866
20,48,BDFHJLNPRT,ACEGIKMOQS,Exacto_KL,5,0.0,684.1342000006989
20,48,BDFHJLNPRT,ACEGIKMOQS,Rapido_MCTS,2,0.476,2011.602300015511
20,48,BDFHJLNPRT,ACEGIKMOQS,Rapido_MCTS,3,0.7755000000000001,1559.209900005953
20,48,BDFHJLNPRT,ACEGIKMOQS,Rapido_MCTS,4,0.6325,1505.481000000145
20,48,BDFHJLNPRT,ACEGIKMOQS,Rapido_MCTS,5,0.675,1389.813000016147
20,49,BDFHJLNPRT,BDFHJLNPRT,Exacto,2,0.0,1287.879599996813
20,49,BDFHJLNPRT,BDFHJLNPRT,Exacto,3,0.0,239.3308999999135
20,49,BDFHJLNPRT,BDFHJLNPRT,Exacto,4,0.0,356.5858000001754
20,49,BDFHJLNPRT,BDFHJLNPRT,Exacto,5,0.0,402.2353000000294
20,49,BDFHJLNPRT,BDFHJLNPRT,Exacto_KL,3,0.0,411.9995000000927
20,49,BDFHJLNPRT,BDFHJLNPRT,Exacto_KL,4,0.0,564.4131000008201
20,49,BDFHJLNPRT,BDFHJLNPRT,Exacto_KL,5,0.0,701.3574000011431
20,49,BDFHJLNPRT,BDFHJLNPRT,Rapido_MCTS,2,0.2295,2623.188500001561
20,49,BDFHJLNPRT,BDFHJLNPRT,Rapido_MCTS,3,0.256,1522.624999983236
20,49,BDFHJLNPRT,BDFHJLNPRT,Rapido_MCTS,4,0.7715,1612.152400019113
20,49,BDFHJLNPRT,BDFHJLNPRT,Rapido_MCTS,5,0.7525000000000001,1476.206399995135
20,50,BCDEFGJKLMNO,BCDEFGHIJKLMNO,Exacto,2,0.0,8231.398899999476
20,50,BCDEFGJKLMNO,BCDEFGHIJKLMNO,Exacto,3,0.0,1356.936000000132
20,50,BCDEFGJKLMNO,BCDEFGHIJKLMNO,Exacto,4,0.0,1589.069100002234
20,50,BCDEFGJKLMNO,BCDEFGHIJKLMNO,Exacto,5,0.125,1792.854600000283
20,50,BCDEFGJKLMNO,BCDEFGHIJKLMNO,Exacto_KL,3,0.0,1811.27959999867
20,50,BCDEFGJKLMNO,BCDEFGHIJKLMNO,Exacto_KL,4,0.0,2281.761100002768
20,50,BCDEFGJKLMNO,BCDEFGHIJKLMNO,Exacto_KL,5,0.125,2683.924400000251
20,50,BCDEFGJKLMNO,BCDEFGHIJKLMNO,Rapido_MCTS,2,0.99,2152.176800009329
20,50,BCDEFGJKLMNO,BCDEFGHIJKLMNO,Rapido_MCTS,3,1.469,2599.899099994218
20,50,BCDEFGJKLMNO,BCDEFGHIJKLMNO,Rapido_MCTS,4,2.097,2456.244600005448
20,50,BCDEFGJKLMNO,BCDEFGHIJKLMNO,Rapido_MCTS,5,2.122,2404.276599991135
22,1,ABCDEFGHIJKLMNOPQRSTUV,ABCDEFGHIJKLMNOPQRSTUV,Exacto,2,0.0,4125034.980800003
22,1,ABCDEFGHIJKLMNOPQRSTUV,ABCDEFGHIJKLMNOPQRSTUV,Exacto,3,0.0,422119.1040999984
22,1,ABCDEFGHIJKLMNOPQRSTUV,ABCDEFGHIJKLMNOPQRSTUV,Exacto,4,0.0,433692.7171999996
22,1,ABCDEFGHIJKLMNOPQRSTUV,ABCDEFGHIJKLMNOPQRSTUV,Exacto,5,0.0,465889.8147
22,1,ABCDEFGHIJKLMNOPQRSTUV,ABCDEFGHIJKLMNOPQRSTUV,Exacto_KL,3,0.0,464058.4096000093
22,1,ABCDEFGHIJKLMNOPQRSTUV,ABCDEFGHIJKLMNOPQRSTUV,Exacto_KL,4,0.0,543394.4413999998
22,1,ABCDEFGHIJKLMNOPQRSTUV,ABCDEFGHIJKLMNOPQRSTUV,Exacto_KL,5,0.0,603844.680299997
22,1,ABCDEFGHIJKLMNOPQRSTUV,ABCDEFGHIJKLMNOPQRSTUV,Rapido_MCTS,2,4.765714347362518,91463.42779998668
22,1,ABCDEFGHIJKLMNOPQRSTUV,ABCDEFGHIJKLMNOPQRSTUV,Rapido_MCTS,3,6.799999982118607,3246.579800004838
22,1,ABCDEFGHIJKLMNOPQRSTUV,ABCDEFGHIJKLMNOPQRSTUV,Rapido_MCTS,4,8.254285737872124,100035.1771999849
22,1,ABCDEFGHIJKLMNOPQRSTUV,ABCDEFGHIJKLMNOPQRSTUV,Rapido_MCTS,5,7.262857183814049,92481.42050000024
22,2,ABCDEFGHIJKLMNOPQRSTUV,ABCDEFGHIJKLMNOPQRSTU,Exacto,2,0.0,1902512.803000005
22,2,ABCDEFGHIJKLMNOPQRSTUV,ABCDEFGHIJKLMNOPQRSTU,Exacto,3,0.0,198554.4157999975
22,2,ABCDEFGHIJKLMNOPQRSTUV,ABCDEFGHIJKLMNOPQRSTU,Exacto,4,0.0,219822.1235999954
22,2,ABCDEFGHIJKLMNOPQRSTUV,ABCDEFGHIJKLMNOPQRSTU,Exacto,5,0.0,227819.8109999939
22,2,ABCDEFGHIJKLMNOPQRSTUV,ABCDEFGHIJKLMNOPQRSTU,Exacto_KL,3,0.0,232120.3985000029
22,2,ABCDEFGHIJKLMNOPQRSTUV,ABCDEFGHIJKLMNOPQRSTU,Exacto_KL,4,0.0,262099.9482999905
22,2,ABCDEFGHIJKLMNOPQRSTUV,ABCDEFGHIJKLMNOPQRSTU,Exacto_KL,5,0.0,298654.5792999968
22,2,ABCDEFGHIJKLMNOPQRSTUV,ABCDEFGHIJKLMNOPQRSTU,Rapido_MCTS,2,4.45714282989502,75481.329000002
22,2,ABCDEFGHIJKLMNOPQRSTUV,ABCDEFGHIJKLMNOPQRSTU,Rapido_MCTS,3,3.824285700917244,65389.0521999856
22,2,ABCDEFGHIJKLMNOPQRSTUV,ABCDEFGHIJKLMNOPQRSTU,Rapido_MCTS,4,4.602857112884521,15597.04000002239
22,2,ABCDEFGHIJKLMNOPQRSTUV,ABCDEFGHIJKLMNOPQRSTU,Rapido_MCTS,5,7.251428484916687,4165.603400004329
22,3,ABCDEFGHIJKLMNOPQRSTUV,BCDEFGHIJKLMNOPQRSTUV,Exacto,2,0.0,1909330.638400002
22,3,ABCDEFGHIJKLMNOPQRSTUV,BCDEFGHIJKLMNOPQRSTUV,Exacto,3,0.0,193694.6881999902
22,3,ABCDEFGHIJKLMNOPQRSTUV,BCDEFGHIJKLMNOPQRSTUV,Exacto,4,0.0,204933.0055000028
22,3,ABCDEFGHIJKLMNOPQRSTUV,BCDEFGHIJKLMNOPQRSTUV,Exacto,5,0.0,212458.1580000086
22,3,ABCDEFGHIJKLMNOPQRSTUV,BCDEFGHIJKLMNOPQRSTUV,Exacto_KL,3,0.0,211930.4422999994
22,3,ABCDEFGHIJKLMNOPQRSTUV,BCDEFGHIJKLMNOPQRSTUV,Exacto_KL,4,0.0,235447.6277999929
22,3,ABCDEFGHIJKLMNOPQRSTUV,BCDEFGHIJKLMNOPQRSTUV,Exacto_KL,5,0.0,258177.434600002
22,3,ABCDEFGHIJKLMNOPQRSTUV,BCDEFGHIJKLMNOPQRSTUV,Rapido_MCTS,2,4.494285717606544,50240.04590002005
22,3,ABCDEFGHIJKLMNOPQRSTUV,BCDEFGHIJKLMNOPQRSTUV,Rapido_MCTS,3,5.811428591609001,46702.42829999188
22,3,ABCDEFGHIJKLMNOPQRSTUV,BCDEFGHIJKLMNOPQRSTUV,Rapido_MCTS,4,5.334285736083984,41728.23109998717
22,3,ABCDEFGHIJKLMNOPQRSTUV,BCDEFGHIJKLMNOPQRSTUV,Rapido_MCTS,5,7.559999957680702,39988.4677999944
22,4,ABCDEFGHIJKLMNOPQRSTUV,BCDEFGHIJKLMNOPQRSTU,Exacto,2,0.0,882280.1945999963
22,4,ABCDEFGHIJKLMNOPQRSTUV,BCDEFGHIJKLMNOPQRSTU,Exacto,3,0.0,94997.23209999502
22,4,ABCDEFGHIJKLMNOPQRSTUV,BCDEFGHIJKLMNOPQRSTU,Exacto,4,0.0,103615.7029999886
22,4,ABCDEFGHIJKLMNOPQRSTUV,BCDEFGHIJKLMNOPQRSTU,Exacto,5,0.0,106707.9422000097
22,4,ABCDEFGHIJKLMNOPQRSTUV,BCDEFGHIJKLMNOPQRSTU,Exacto_KL,3,0.0,105012.550600004
22,4,ABCDEFGHIJKLMNOPQRSTUV,BCDEFGHIJKLMNOPQRSTU,Exacto_KL,4,0.0,114593.5505999951
22,4,ABCDEFGHIJKLMNOPQRSTUV,BCDEFGHIJKLMNOPQRSTU,Exacto_KL,5,0.0,126221.3621999981
22,4,ABCDEFGHIJKLMNOPQRSTUV,BCDEFGHIJKLMNOPQRSTU,Rapido_MCTS,2,3.142857104539871,50578.0655000126
22,4,ABCDEFGHIJKLMNOPQRSTUV,BCDEFGHIJKLMNOPQRSTU,Rapido_MCTS,3,6.332857191562653,7552.360200003022
22,4,ABCDEFGHIJKLMNOPQRSTUV,BCDEFGHIJKLMNOPQRSTU,Rapido_MCTS,4,6.758571401238441,25489.35960000381
22,4,ABCDEFGHIJKLMNOPQRSTUV,BCDEFGHIJKLMNOPQRSTU,Rapido_MCTS,5,6.752857208251953,26413.20209999685
22,5,ABCDEFGHIJKLMNOPQRSTUV,ABDEGHJKMNPQSTV,Exacto,2,0.0,23672.29360000056
22,5,ABCDEFGHIJKLMNOPQRSTUV,ABDEGHJKMNPQSTV,Exacto,3,0.0,2708.900500001619
22,5,ABCDEFGHIJKLMNOPQRSTUV,ABDEGHJKMNPQSTV,Exacto,4,0.0,3267.928400004166
22,5,ABCDEFGHIJKLMNOPQRSTUV,ABDEGHJKMNPQSTV,Exacto,5,0.125,3866.57450000348
22,5,ABCDEFGHIJKLMNOPQRSTUV,ABDEGHJKMNPQSTV,Exacto_KL,3,0.0,3920.259500009706
22,5,ABCDEFGHIJKLMNOPQRSTUV,ABDEGHJKMNPQSTV,Exacto_KL,4,0.0,5121.892199997092
22,5,ABCDEFGHIJKLMNOPQRSTUV,ABDEGHJKMNPQSTV,Exacto_KL,5,0.125,6097.712100003264
22,5,ABCDEFGHIJKLMNOPQRSTUV,ABDEGHJKMNPQSTV,Rapido_MCTS,2,2.068571388721466,5837.783299997682
22,5,ABCDEFGHIJKLMNOPQRSTUV,ABDEGHJKMNPQSTV,Rapido_MCTS,3,2.401428580284119,3990.328400017461
22,5,ABCDEFGHIJKLMNOPQRSTUV,ABDEGHJKMNPQSTV,Rapido_MCTS,4,3.871428534388542,4210.072000016226
22,5,ABCDEFGHIJKLMNOPQRSTUV,ABDEGHJKMNPQSTV,Rapido_MCTS,5,3.846428520977497,3855.147900001612
22,6,ABCDEFGHIJKLMNOPQRSTUV,ACEGIKMOQSU,Exacto,2,0.0,9031.943499998306
22,6,ABCDEFGHIJKLMNOPQRSTUV,ACEGIKMOQSU,Exacto,3,0.0,382.5896000053035
22,6,ABCDEFGHIJKLMNOPQRSTUV,ACEGIKMOQSU,Exacto,4,0.0,744.0848000114784
22,6,ABCDEFGHIJKLMNOPQRSTUV,ACEGIKMOQSU,Exacto,5,0.0,1069.287999998778
22,6,ABCDEFGHIJKLMNOPQRSTUV,ACEGIKMOQSU,Exacto_KL,3,0.0,1078.159900003811
22,6,ABCDEFGHIJKLMNOPQRSTUV,ACEGIKMOQSU,Exacto_KL,4,0.0,1658.64349999174
22,6,ABCDEFGHIJKLMNOPQRSTUV,ACEGIKMOQSU,Exacto_KL,5,0.0,2312.521100000595
22,6,ABCDEFGHIJKLMNOPQRSTUV,ACEGIKMOQSU,Rapido_MCTS,2,2.115000009536743,11306.30729999393
22,6,ABCDEFGHIJKLMNOPQRSTUV,ACEGIKMOQSU,Rapido_MCTS,3,1.507142908871174,2452.914100023918
22,6,ABCDEFGHIJKLMNOPQRSTUV,ACEGIKMOQSU,Rapido_MCTS,4,3.484285704791546,2082.501600001706
22,6,ABCDEFGHIJKLMNOPQRSTUV,ACEGIKMOQSU,Rapido_MCTS,5,4.160000026226044,1831.599700002698
22,7,ABCDEFGHIJKLMNOPQRSTUV,BDFHJLNPRTV,Exacto,2,0.0,9006.09720000648
22,7,ABCDEFGHIJKLMNOPQRSTUV,BDFHJLNPRTV,Exacto,3,0.0,388.7432000046829
22,7,ABCDEFGHIJKLMNOPQRSTUV,BDFHJLNPRTV,Exacto,4,0.0,701.2534000095911
22,7,ABCDEFGHIJKLMNOPQRSTUV,BDFHJLNPRTV,Exacto,5,0.0,1031.816899994737
22,7,ABCDEFGHIJKLMNOPQRSTUV,BDFHJLNPRTV,Exacto_KL,3,0.0,1194.745000000694
22,7,ABCDEFGHIJKLMNOPQRSTUV,BDFHJLNPRTV,Exacto_KL,4,0.0,1700.060300005134
22,7,ABCDEFGHIJKLMNOPQRSTUV,BDFHJLNPRTV,Exacto_KL,5,0.0,2355.838300005416
22,7,ABCDEFGHIJKLMNOPQRSTUV,BDFHJLNPRTV,Rapido_MCTS,2,0.5235714018344879,10762.07630001591
22,7,ABCDEFGHIJKLMNOPQRSTUV,BDFHJLNPRTV,Rapido_MCTS,3,2.009999923408031,2383.318900014274
22,7,ABCDEFGHIJKLMNOPQRSTUV,BDFHJLNPRTV,Rapido_MCTS,4,2.014285713434219,2260.507400002098
22,7,ABCDEFGHIJKLMNOPQRSTUV,BDFHJLNPRTV,Rapido_MCTS,5,2.075714305043221,2099.078700004611
22,8,ABCDEFGHIJKLMNOPQRSTU,ABCDEFGHIJKLMNOPQRSTUV,Exacto,2,0.0,4076262.811799999
22,8,ABCDEFGHIJKLMNOPQRSTU,ABCDEFGHIJKLMNOPQRSTUV,Exacto,3,0.0,400759.3116999924
22,8,ABCDEFGHIJKLMNOPQRSTU,ABCDEFGHIJKLMNOPQRSTUV,Exacto,4,0.0,413452.6973000029
22,8,ABCDEFGHIJKLMNOPQRSTU,ABCDEFGHIJKLMNOPQRSTUV,Exacto,5,0.0,435640.5543000001
22,8,ABCDEFGHIJKLMNOPQRSTU,ABCDEFGHIJKLMNOPQRSTUV,Exacto_KL,3,0.0,425452.0905999962
22,8,ABCDEFGHIJKLMNOPQRSTU,ABCDEFGHIJKLMNOPQRSTUV,Exacto_KL,4,0.0,475335.0626000029
22,8,ABCDEFGHIJKLMNOPQRSTU,ABCDEFGHIJKLMNOPQRSTUV,Exacto_KL,5,0.0,517538.8578999991
22,8,ABCDEFGHIJKLMNOPQRSTU,ABCDEFGHIJKLMNOPQRSTUV,Rapido_MCTS,2,3.291428536176682,189078.2290000061
22,8,ABCDEFGHIJKLMNOPQRSTU,ABCDEFGHIJKLMNOPQRSTUV,Rapido_MCTS,3,5.074285745620728,141477.6355000213
22,8,ABCDEFGHIJKLMNOPQRSTU,ABCDEFGHIJKLMNOPQRSTUV,Rapido_MCTS,4,8.114285670220852,14163.17750001326
22,8,ABCDEFGHIJKLMNOPQRSTU,ABCDEFGHIJKLMNOPQRSTUV,Rapido_MCTS,5,6.677142687141895,84223.27789998963
22,9,ABCDEFGHIJKLMNOPQRSTU,ABCDEFGHIJKLMNOPQRSTU,Exacto,2,0.0,1877566.085099999
22,9,ABCDEFGHIJKLMNOPQRSTU,ABCDEFGHIJKLMNOPQRSTU,Exacto,3,0.0,192614.6183000092
22,9,ABCDEFGHIJKLMNOPQRSTU,ABCDEFGHIJKLMNOPQRSTU,Exacto,4,0.0,197663.2504000008
22,9,ABCDEFGHIJKLMNOPQRSTU,ABCDEFGHIJKLMNOPQRSTU,Exacto,5,0.0,209019.3201000075
22,9,ABCDEFGHIJKLMNOPQRSTU,ABCDEFGHIJKLMNOPQRSTU,Exacto_KL,3,0.0,207141.6178000072
22,9,ABCDEFGHIJKLMNOPQRSTU,ABCDEFGHIJKLMNOPQRSTU,Exacto_KL,4,0.0,231785.3092000005
22,9,ABCDEFGHIJKLMNOPQRSTU,ABCDEFGHIJKLMNOPQRSTU,Exacto_KL,5,0.0,258662.261999998
22,9,ABCDEFGHIJKLMNOPQRSTU,ABCDEFGHIJKLMNOPQRSTU,Rapido_MCTS,2,2.144285723567009,66042.13449999224
22,9,ABCDEFGHIJKLMNOPQRSTU,ABCDEFGHIJKLMNOPQRSTU,Rapido_MCTS,3,3.292857155203819,63915.51640001126
22,9,ABCDEFGHIJKLMNOPQRSTU,ABCDEFGHIJKLMNOPQRSTU,Rapido_MCTS,4,4.714285731315613,27886.10079998034
22,9,ABCDEFGHIJKLMNOPQRSTU,ABCDEFGHIJKLMNOPQRSTU,Rapido_MCTS,5,3.952857196331024,48401.11850001267
22,10,ABCDEFGHIJKLMNOPQRSTU,BCDEFGHIJKLMNOPQRSTUV,Exacto,2,0.0,1870735.541499991
22,10,ABCDEFGHIJKLMNOPQRSTU,BCDEFGHIJKLMNOPQRSTUV,Exacto,3,0.0,196225.0095000054
22,10,ABCDEFGHIJKLMNOPQRSTU,BCDEFGHIJKLMNOPQRSTUV,Exacto,4,0.0,213162.8636999958
22,10,ABCDEFGHIJKLMNOPQRSTU,BCDEFGHIJKLMNOPQRSTUV,Exacto,5,0.0,233768.4021999885
22,10,ABCDEFGHIJKLMNOPQRSTU,BCDEFGHIJKLMNOPQRSTUV,Exacto_KL,3,0.0,233774.8857000115
22,10,ABCDEFGHIJKLMNOPQRSTU,BCDEFGHIJKLMNOPQRSTUV,Exacto_KL,4,0.0,276173.5577999934
22,10,ABCDEFGHIJKLMNOPQRSTU,BCDEFGHIJKLMNOPQRSTUV,Exacto_KL,5,0.0,318368.4770999971
22,10,ABCDEFGHIJKLMNOPQRSTU,BCDEFGHIJKLMNOPQRSTUV,Rapido_MCTS,2,5.848571434617043,4526.719799992861
22,10,ABCDEFGHIJKLMNOPQRSTU,BCDEFGHIJKLMNOPQRSTUV,Rapido_MCTS,3,5.328571483492851,60962.18550001504
22,10,ABCDEFGHIJKLMNOPQRSTU,BCDEFGHIJKLMNOPQRSTUV,Rapido_MCTS,4,6.002857118844986,22484.78080000496
22,10,ABCDEFGHIJKLMNOPQRSTU,BCDEFGHIJKLMNOPQRSTUV,Rapido_MCTS,5,6.47714276611805,34906.01399997831
22,11,ABCDEFGHIJKLMNOPQRSTU,BCDEFGHIJKLMNOPQRSTU,Exacto,2,0.0,867905.1143999968
22,11,ABCDEFGHIJKLMNOPQRSTU,BCDEFGHIJKLMNOPQRSTU,Exacto,3,0.0,94766.92719999119
22,11,ABCDEFGHIJKLMNOPQRSTU,BCDEFGHIJKLMNOPQRSTU,Exacto,4,0.0,105495.2795999998
22,11,ABCDEFGHIJKLMNOPQRSTU,BCDEFGHIJKLMNOPQRSTU,Exacto,5,0.0,132367.2850000003
22,11,ABCDEFGHIJKLMNOPQRSTU,BCDEFGHIJKLMNOPQRSTU,Exacto_KL,3,0.0,114602.0640000061
22,11,ABCDEFGHIJKLMNOPQRSTU,BCDEFGHIJKLMNOPQRSTU,Exacto_KL,4,0.0,135167.5829999876
22,11,ABCDEFGHIJKLMNOPQRSTU,BCDEFGHIJKLMNOPQRSTU,Exacto_KL,5,0.0,159365.2747000015
22,11,ABCDEFGHIJKLMNOPQRSTU,BCDEFGHIJKLMNOPQRSTU,Rapido_MCTS,2,3.588571295142174,23321.50099999853
22,11,ABCDEFGHIJKLMNOPQRSTU,BCDEFGHIJKLMNOPQRSTU,Rapido_MCTS,3,3.848571382462978,20266.05609999388
22,11,ABCDEFGHIJKLMNOPQRSTU,BCDEFGHIJKLMNOPQRSTU,Rapido_MCTS,4,5.862857192754745,28246.13139999565
22,11,ABCDEFGHIJKLMNOPQRSTU,BCDEFGHIJKLMNOPQRSTU,Rapido_MCTS,5,5.821428433060646,7448.065300006419
22,12,ABCDEFGHIJKLMNOPQRSTU,ABDEGHJKMNPQSTV,Exacto,2,0.0,23378.74450000527
22,12,ABCDEFGHIJKLMNOPQRSTU,ABDEGHJKMNPQSTV,Exacto,3,0.0,2708.090200001607
22,12,ABCDEFGHIJKLMNOPQRSTU,ABDEGHJKMNPQSTV,Exacto,4,0.0,3288.524199990206
22,12,ABCDEFGHIJKLMNOPQRSTU,ABDEGHJKMNPQSTV,Exacto,5,0.125,3821.798000004492
22,12,ABCDEFGHIJKLMNOPQRSTU,ABDEGHJKMNPQSTV,Exacto_KL,3,0.0,3759.734899998875
22,12,ABCDEFGHIJKLMNOPQRSTU,ABDEGHJKMNPQSTV,Exacto_KL,4,0.0,4863.189800002147
22,12,ABCDEFGHIJKLMNOPQRSTU,ABDEGHJKMNPQSTV,Exacto_KL,5,0.125,5816.621100006159
22,12,ABCDEFGHIJKLMNOPQRSTU,ABDEGHJKMNPQSTV,Rapido_MCTS,2,2.76214288175106,5202.552100003231
22,12,ABCDEFGHIJKLMNOPQRSTU,ABDEGHJKMNPQSTV,Rapido_MCTS,3,4.08285716176033,1870.062400004826
22,12,ABCDEFGHIJKLMNOPQRSTU,ABDEGHJKMNPQSTV,Rapido_MCTS,4,3.484285801649094,3354.599499987671
22,12,ABCDEFGHIJKLMNOPQRSTU,ABDEGHJKMNPQSTV,Rapido_MCTS,5,4.01357140392065,3605.819300020812
22,13,ABCDEFGHIJKLMNOPQRSTU,ACEGIKMOQSU,Exacto,2,0.0,8724.608999997145
22,13,ABCDEFGHIJKLMNOPQRSTU,ACEGIKMOQSU,Exacto,3,0.0,367.5845999969169
22,13,ABCDEFGHIJKLMNOPQRSTU,ACEGIKMOQSU,Exacto,4,0.0,666.9987999921432
22,13,ABCDEFGHIJKLMNOPQRSTU,ACEGIKMOQSU,Exacto,5,0.0,951.9602000073064
22,13,ABCDEFGHIJKLMNOPQRSTU,ACEGIKMOQSU,Exacto_KL,3,0.0,971.6694999951869
22,13,ABCDEFGHIJKLMNOPQRSTU,ACEGIKMOQSU,Exacto_KL,4,0.0,1619.101899996167
22,13,ABCDEFGHIJKLMNOPQRSTU,ACEGIKMOQSU,Exacto_KL,5,0.0,2065.266400008113
22,13,ABCDEFGHIJKLMNOPQRSTU,ACEGIKMOQSU,Rapido_MCTS,2,2.90285711735487,11019.11739999196
22,13,ABCDEFGHIJKLMNOPQRSTU,ACEGIKMOQSU,Rapido_MCTS,3,1.492857158184052,2194.228599983035
22,13,ABCDEFGHIJKLMNOPQRSTU,ACEGIKMOQSU,Rapido_MCTS,4,3.207857139408588,2382.59019999532
22,13,ABCDEFGHIJKLMNOPQRSTU,ACEGIKMOQSU,Rapido_MCTS,5,3.070714294910431,2705.658700026106
22,14,ABCDEFGHIJKLMNOPQRSTU,BDFHJLNPRTV,Exacto,2,0.0,8642.523300004541
22,14,ABCDEFGHIJKLMNOPQRSTU,BDFHJLNPRTV,Exacto,3,0.0,361.4498999959324
22,14,ABCDEFGHIJKLMNOPQRSTU,BDFHJLNPRTV,Exacto,4,0.0,664.1862999967998
22,14,ABCDEFGHIJKLMNOPQRSTU,BDFHJLNPRTV,Exacto,5,0.0,966.7635000078008
22,14,ABCDEFGHIJKLMNOPQRSTU,BDFHJLNPRTV,Exacto_KL,3,0.0,971.7423999973107
22,14,ABCDEFGHIJKLMNOPQRSTU,BDFHJLNPRTV,Exacto_KL,4,0.0,1638.49919999484
22,14,ABCDEFGHIJKLMNOPQRSTU,BDFHJLNPRTV,Exacto_KL,5,0.0,2106.213700011722
22,14,ABCDEFGHIJKLMNOPQRSTU,BDFHJLNPRTV,Rapido_MCTS,2,0.7564285695552826,10468.05029999814
22,14,ABCDEFGHIJKLMNOPQRSTU,BDFHJLNPRTV,Rapido_MCTS,3,1.008571416139603,2434.761899989098
22,14,ABCDEFGHIJKLMNOPQRSTU,BDFHJLNPRTV,Rapido_MCTS,4,2.103571400046349,2096.302199992351
22,14,ABCDEFGHIJKLMNOPQRSTU,BDFHJLNPRTV,Rapido_MCTS,5,2.369285732507706,2297.518700012006
22,15,BCDEFGHIJKLMNOPQRSTUV,ABCDEFGHIJKLMNOPQRSTUV,Exacto,2,0.0,4309612.197800001
22,15,BCDEFGHIJKLMNOPQRSTUV,ABCDEFGHIJKLMNOPQRSTUV,Exacto,3,0.0,421606.3643999951
22,15,BCDEFGHIJKLMNOPQRSTUV,ABCDEFGHIJKLMNOPQRSTUV,Exacto,4,0.0,442782.0932000031
22,15,BCDEFGHIJKLMNOPQRSTUV,ABCDEFGHIJKLMNOPQRSTUV,Exacto,5,0.0,480318.1737000123
22,15,BCDEFGHIJKLMNOPQRSTUV,ABCDEFGHIJKLMNOPQRSTUV,Exacto_KL,3,0.0,473491.3397000055
22,15,BCDEFGHIJKLMNOPQRSTUV,ABCDEFGHIJKLMNOPQRSTUV,Exacto_KL,4,0.0,531619.0631999925
22,15,BCDEFGHIJKLMNOPQRSTUV,ABCDEFGHIJKLMNOPQRSTUV,Exacto_KL,5,0.0,606618.951899989
22,15,BCDEFGHIJKLMNOPQRSTUV,ABCDEFGHIJKLMNOPQRSTUV,Rapido_MCTS,2,3.202857226133347,242616.297200002
22,15,BCDEFGHIJKLMNOPQRSTUV,ABCDEFGHIJKLMNOPQRSTUV,Rapido_MCTS,3,7.240000024437904,80277.90119999554
22,15,BCDEFGHIJKLMNOPQRSTUV,ABCDEFGHIJKLMNOPQRSTUV,Rapido_MCTS,4,6.079999998211861,40773.62679998623
22,15,BCDEFGHIJKLMNOPQRSTUV,ABCDEFGHIJKLMNOPQRSTUV,Rapido_MCTS,5,6.971428588032722,43814.27610001992
22,16,BCDEFGHIJKLMNOPQRSTUV,ABCDEFGHIJKLMNOPQRSTU,Exacto,2,0.0,1941613.4074
22,16,BCDEFGHIJKLMNOPQRSTUV,ABCDEFGHIJKLMNOPQRSTU,Exacto,3,0.0,199506.9675000123
22,16,BCDEFGHIJKLMNOPQRSTUV,ABCDEFGHIJKLMNOPQRSTU,Exacto,4,0.0,215403.9219999977
22,16,BCDEFGHIJKLMNOPQRSTUV,ABCDEFGHIJKLMNOPQRSTU,Exacto,5,0.0,230577.5878999993
22,16,BCDEFGHIJKLMNOPQRSTUV,ABCDEFGHIJKLMNOPQRSTU,Exacto_KL,3,0.0,227459.6787999908
22,16,BCDEFGHIJKLMNOPQRSTUV,ABCDEFGHIJKLMNOPQRSTU,Exacto_KL,4,0.0,265173.907999997
22,16,BCDEFGHIJKLMNOPQRSTUV,ABCDEFGHIJKLMNOPQRSTU,Exacto_KL,5,0.0,292058.2817000104
22,16,BCDEFGHIJKLMNOPQRSTUV,ABCDEFGHIJKLMNOPQRSTU,Rapido_MCTS,2,2.024285763502121,41593.29280001111
22,16,BCDEFGHIJKLMNOPQRSTUV,ABCDEFGHIJKLMNOPQRSTU,Rapido_MCTS,3,5.222857251763344,36147.79309998266
22,16,BCDEFGHIJKLMNOPQRSTUV,ABCDEFGHIJKLMNOPQRSTU,Rapido_MCTS,4,5.497142866253853,16456.04359998833
22,16,BCDEFGHIJKLMNOPQRSTUV,ABCDEFGHIJKLMNOPQRSTU,Rapido_MCTS,5,4.929999977350235,38458.43810000224
22,17,BCDEFGHIJKLMNOPQRSTUV,BCDEFGHIJKLMNOPQRSTUV,Exacto,2,0.0,1942918.476399995
22,17,BCDEFGHIJKLMNOPQRSTUV,BCDEFGHIJKLMNOPQRSTUV,Exacto,3,0.0,195004.6807000035
22,17,BCDEFGHIJKLMNOPQRSTUV,BCDEFGHIJKLMNOPQRSTUV,Exacto,4,0.0,210407.0549999888
22,17,BCDEFGHIJKLMNOPQRSTUV,BCDEFGHIJKLMNOPQRSTUV,Exacto,5,0.0,219822.8938999964
22,17,BCDEFGHIJKLMNOPQRSTUV,BCDEFGHIJKLMNOPQRSTUV,Exacto_KL,3,0.0,222159.1184999997
22,17,BCDEFGHIJKLMNOPQRSTUV,BCDEFGHIJKLMNOPQRSTUV,Exacto_KL,4,0.0,239792.8522000002
22,17,BCDEFGHIJKLMNOPQRSTUV,BCDEFGHIJKLMNOPQRSTUV,Exacto_KL,5,0.0,269302.9825000121
22,17,BCDEFGHIJKLMNOPQRSTUV,BCDEFGHIJKLMNOPQRSTUV,Rapido_MCTS,2,4.440000087022781,32364.44869998377
22,17,BCDEFGHIJKLMNOPQRSTUV,BCDEFGHIJKLMNOPQRSTUV,Rapido_MCTS,3,5.831428527832031,18513.26760000666
22,17,BCDEFGHIJKLMNOPQRSTUV,BCDEFGHIJKLMNOPQRSTUV,Rapido_MCTS,4,6.174285709857941,22695.61190000968
22,17,BCDEFGHIJKLMNOPQRSTUV,BCDEFGHIJKLMNOPQRSTUV,Rapido_MCTS,5,5.65428563952446,28965.40650000679
22,18,BCDEFGHIJKLMNOPQRSTUV,BCDEFGHIJKLMNOPQRSTU,Exacto,2,0.0,935908.1342999998
22,18,BCDEFGHIJKLMNOPQRSTUV,BCDEFGHIJKLMNOPQRSTU,Exacto,3,0.0,109949.7640999907
22,18,BCDEFGHIJKLMNOPQRSTUV,BCDEFGHIJKLMNOPQRSTU,Exacto,4,0.0,111714.148900006
22,18,BCDEFGHIJKLMNOPQRSTUV,BCDEFGHIJKLMNOPQRSTU,Exacto,5,0.0,109202.4196999992
22,18,BCDEFGHIJKLMNOPQRSTUV,BCDEFGHIJKLMNOPQRSTU,Exacto_KL,3,0.0,108752.4860000121
22,18,BCDEFGHIJKLMNOPQRSTUV,BCDEFGHIJKLMNOPQRSTU,Exacto_KL,4,0.0,126705.0533000001
22,18,BCDEFGHIJKLMNOPQRSTUV,BCDEFGHIJKLMNOPQRSTU,Exacto_KL,5,0.0,154384.9399000028
22,18,BCDEFGHIJKLMNOPQRSTUV,BCDEFGHIJKLMNOPQRSTU,Rapido_MCTS,2,4.412857219576836,27879.44339998649
22,18,BCDEFGHIJKLMNOPQRSTUV,BCDEFGHIJKLMNOPQRSTU,Rapido_MCTS,3,4.678571432828903,38430.64100001357
22,18,BCDEFGHIJKLMNOPQRSTUV,BCDEFGHIJKLMNOPQRSTU,Rapido_MCTS,4,4.810000009834766,27285.71170000941
22,18,BCDEFGHIJKLMNOPQRSTUV,BCDEFGHIJKLMNOPQRSTU,Rapido_MCTS,5,4.742857083678246,21341.74709999934
22,19,BCDEFGHIJKLMNOPQRSTUV,ABDEGHJKMNPQSTV,Exacto,2,0.0,24810.63229999563
22,19,BCDEFGHIJKLMNOPQRSTUV,ABDEGHJKMNPQSTV,Exacto,3,0.0,2775.192499990226
22,19,BCDEFGHIJKLMNOPQRSTUV,ABDEGHJKMNPQSTV,Exacto,4,0.0,3662.314600005629
22,19,BCDEFGHIJKLMNOPQRSTUV,ABDEGHJKMNPQSTV,Exacto,5,0.125,4106.526500007021
22,19,BCDEFGHIJKLMNOPQRSTUV,ABDEGHJKMNPQSTV,Exacto_KL,3,0.0,4158.108300005551
22,19,BCDEFGHIJKLMNOPQRSTUV,ABDEGHJKMNPQSTV,Exacto_KL,4,0.0,5553.487900004257
22,19,BCDEFGHIJKLMNOPQRSTUV,ABDEGHJKMNPQSTV,Exacto_KL,5,0.125,6101.703099993756
22,19,BCDEFGHIJKLMNOPQRSTUV,ABDEGHJKMNPQSTV,Rapido_MCTS,2,2.971428483724594,6092.990400007693
22,19,BCDEFGHIJKLMNOPQRSTUV,ABDEGHJKMNPQSTV,Rapido_MCTS,3,3.207142874598503,3336.440999992192
22,19,BCDEFGHIJKLMNOPQRSTUV,ABDEGHJKMNPQSTV,Rapido_MCTS,4,4.691428557038307,2859.710200020345
22,19,BCDEFGHIJKLMNOPQRSTUV,ABDEGHJKMNPQSTV,Rapido_MCTS,5,3.575714237987995,3755.87659998564
22,20,BCDEFGHIJKLMNOPQRSTUV,ACEGIKMOQSU,Exacto,2,0.0,9254.608600007487
22,20,BCDEFGHIJKLMNOPQRSTUV,ACEGIKMOQSU,Exacto,3,0.0,503.4948999964399
22,20,BCDEFGHIJKLMNOPQRSTUV,ACEGIKMOQSU,Exacto,4,0.0,725.6132999900728
22,20,BCDEFGHIJKLMNOPQRSTUV,ACEGIKMOQSU,Exacto,5,0.0,1089.611900009913
22,20,BCDEFGHIJKLMNOPQRSTUV,ACEGIKMOQSU,Exacto_KL,3,0.0,1046.795000002021
22,20,BCDEFGHIJKLMNOPQRSTUV,ACEGIKMOQSU,Exacto_KL,4,0.0,1860.979699995369
22,20,BCDEFGHIJKLMNOPQRSTUV,ACEGIKMOQSU,Exacto_KL,5,0.0,2465.777300007176
22,20,BCDEFGHIJKLMNOPQRSTUV,ACEGIKMOQSU,Rapido_MCTS,2,1.097857177257538,10321.25859998632
22,20,BCDEFGHIJKLMNOPQRSTUV,ACEGIKMOQSU,Rapido_MCTS,3,1.607142850756645,2230.373500002315
22,20,BCDEFGHIJKLMNOPQRSTUV,ACEGIKMOQSU,Rapido_MCTS,4,2.438571430742741,2251.89629997476
22,20,BCDEFGHIJKLMNOPQRSTUV,ACEGIKMOQSU,Rapido_MCTS,5,2.397857151925564,1887.25390000036
22,21,BCDEFGHIJKLMNOPQRSTUV,BDFHJLNPRTV,Exacto,2,0.0,9138.875500007998
22,21,BCDEFGHIJKLMNOPQRSTUV,BDFHJLNPRTV,Exacto,3,0.0,390.9051999944495
22,21,BCDEFGHIJKLMNOPQRSTUV,BDFHJLNPRTV,Exacto,4,0.0,726.49879999517
22,21,BCDEFGHIJKLMNOPQRSTUV,BDFHJLNPRTV,Exacto,5,0.0,1286.741299991263
22,21,BCDEFGHIJKLMNOPQRSTUV,BDFHJLNPRTV,Exacto_KL,3,0.0,1219.140799992601
22,21,BCDEFGHIJKLMNOPQRSTUV,BDFHJLNPRTV,Exacto_KL,4,0.0,1813.227499995264
22,21,BCDEFGHIJKLMNOPQRSTUV,BDFHJLNPRTV,Exacto_KL,5,0.0,2571.745399996871
22,21,BCDEFGHIJKLMNOPQRSTUV,BDFHJLNPRTV,Rapido_MCTS,2,2.158571481704712,9113.276999996742
22,21,BCDEFGHIJKLMNOPQRSTUV,BDFHJLNPRTV,Rapido_MCTS,3,1.14214289188385,1966.922599996906
22,21,BCDEFGHIJKLMNOPQRSTUV,BDFHJLNPRTV,Rapido_MCTS,4,1.602857172489166,1753.403400012758
22,21,BCDEFGHIJKLMNOPQRSTUV,BDFHJLNPRTV,Rapido_MCTS,5,2.332142926752567,2488.204699999187
22,22,BCDEFGHIJKLMNOPQRSTU,ABCDEFGHIJKLMNOPQRSTUV,Exacto,2,0.0,4471269.673399991
22,22,BCDEFGHIJKLMNOPQRSTU,ABCDEFGHIJKLMNOPQRSTUV,Exacto,3,0.0,423155.2411000011
22,22,BCDEFGHIJKLMNOPQRSTU,ABCDEFGHIJKLMNOPQRSTUV,Exacto,4,0.0,424727.2226999921
22,22,BCDEFGHIJKLMNOPQRSTU,ABCDEFGHIJKLMNOPQRSTUV,Exacto,5,0.0,454746.5435999911
22,22,BCDEFGHIJKLMNOPQRSTU,ABCDEFGHIJKLMNOPQRSTUV,Exacto_KL,3,0.0,433244.709599996
22,22,BCDEFGHIJKLMNOPQRSTU,ABCDEFGHIJKLMNOPQRSTUV,Exacto_KL,4,0.0,486875.9126000223
22,22,BCDEFGHIJKLMNOPQRSTU,ABCDEFGHIJKLMNOPQRSTUV,Exacto_KL,5,0.0,541844.8077999929
22,22,BCDEFGHIJKLMNOPQRSTU,ABCDEFGHIJKLMNOPQRSTUV,Rapido_MCTS,2,3.465714246034622,70415.65579999587
22,22,BCDEFGHIJKLMNOPQRSTU,ABCDEFGHIJKLMNOPQRSTUV,Rapido_MCTS,3,6.060000017285347,92602.5396999903
22,22,BCDEFGHIJKLMNOPQRSTU,ABCDEFGHIJKLMNOPQRSTUV,Rapido_MCTS,4,7.297142915427685,4534.20080000069
22,22,BCDEFGHIJKLMNOPQRSTU,ABCDEFGHIJKLMNOPQRSTUV,Rapido_MCTS,5,6.660000085830688,69313.36240001838
22,23,BCDEFGHIJKLMNOPQRSTU,ABCDEFGHIJKLMNOPQRSTU,Exacto,2,0.0,1968763.657000003
22,23,BCDEFGHIJKLMNOPQRSTU,ABCDEFGHIJKLMNOPQRSTU,Exacto,3,0.0,197391.1413000023
22,23,BCDEFGHIJKLMNOPQRSTU,ABCDEFGHIJKLMNOPQRSTU,Exacto,4,0.0,208191.9563999982
22,23,BCDEFGHIJKLMNOPQRSTU,ABCDEFGHIJKLMNOPQRSTU,Exacto,5,0.0,220502.5183999969
22,23,BCDEFGHIJKLMNOPQRSTU,ABCDEFGHIJKLMNOPQRSTU,Exacto_KL,3,0.0,211678.5449000017
22,23,BCDEFGHIJKLMNOPQRSTU,ABCDEFGHIJKLMNOPQRSTU,Exacto_KL,4,0.0,242793.4615999984
22,23,BCDEFGHIJKLMNOPQRSTU,ABCDEFGHIJKLMNOPQRSTU,Exacto_KL,5,0.0,266026.2121999986
22,23,BCDEFGHIJKLMNOPQRSTU,ABCDEFGHIJKLMNOPQRSTU,Rapido_MCTS,2,3.124285757541656,51665.65949999494
22,23,BCDEFGHIJKLMNOPQRSTU,ABCDEFGHIJKLMNOPQRSTU,Rapido_MCTS,3,5.281428620219231,56573.19920000737
22,23,BCDEFGHIJKLMNOPQRSTU,ABCDEFGHIJKLMNOPQRSTU,Rapido_MCTS,4,4.210000067949295,28092.79900000547
22,23,BCDEFGHIJKLMNOPQRSTU,ABCDEFGHIJKLMNOPQRSTU,Rapido_MCTS,5,5.065714351832867,44229.2058999883
22,24,BCDEFGHIJKLMNOPQRSTU,BCDEFGHIJKLMNOPQRSTUV,Exacto,2,0.0,1922941.452000028
22,24,BCDEFGHIJKLMNOPQRSTU,BCDEFGHIJKLMNOPQRSTUV,Exacto,3,0.0,196971.294899995
22,24,BCDEFGHIJKLMNOPQRSTU,BCDEFGHIJKLMNOPQRSTUV,Exacto,4,0.0,216323.9177000069
22,24,BCDEFGHIJKLMNOPQRSTU,BCDEFGHIJKLMNOPQRSTUV,Exacto,5,0.0,237199.0137000103
22,24,BCDEFGHIJKLMNOPQRSTU,BCDEFGHIJKLMNOPQRSTUV,Exacto_KL,3,0.0,232852.8965000005
22,24,BCDEFGHIJKLMNOPQRSTU,BCDEFGHIJKLMNOPQRSTUV,Exacto_KL,4,0.0,275695.5884000054
22,24,BCDEFGHIJKLMNOPQRSTU,BCDEFGHIJKLMNOPQRSTUV,Exacto_KL,5,0.0,314851.9431000168
22,24,BCDEFGHIJKLMNOPQRSTU,BCDEFGHIJKLMNOPQRSTUV,Rapido_MCTS,2,3.068571448326111,58544.24260000815
22,24,BCDEFGHIJKLMNOPQRSTU,BCDEFGHIJKLMNOPQRSTUV,Rapido_MCTS,3,5.351428627967834,63974.08600000199
22,24,BCDEFGHIJKLMNOPQRSTU,BCDEFGHIJKLMNOPQRSTUV,Rapido_MCTS,4,5.079999983310699,59876.07709999429
22,24,BCDEFGHIJKLMNOPQRSTU,BCDEFGHIJKLMNOPQRSTUV,Rapido_MCTS,5,6.560000032186508,40015.54860000033
22,25,BCDEFGHIJKLMNOPQRSTU,BCDEFGHIJKLMNOPQRSTU,Exacto,2,0.0,883299.695499998
22,25,BCDEFGHIJKLMNOPQRSTU,BCDEFGHIJKLMNOPQRSTU,Exacto,3,0.0,95317.91660000454
22,25,BCDEFGHIJKLMNOPQRSTU,BCDEFGHIJKLMNOPQRSTU,Exacto,4,0.0,105378.7377999979
22,25,BCDEFGHIJKLMNOPQRSTU,BCDEFGHIJKLMNOPQRSTU,Exacto,5,0.0,114600.6819999893
22,25,BCDEFGHIJKLMNOPQRSTU,BCDEFGHIJKLMNOPQRSTU,Exacto_KL,3,0.0,113879.1763999907
22,25,BCDEFGHIJKLMNOPQRSTU,BCDEFGHIJKLMNOPQRSTU,Exacto_KL,4,0.0,134189.1846000217
22,25,BCDEFGHIJKLMNOPQRSTU,BCDEFGHIJKLMNOPQRSTU,Exacto_KL,5,0.0,158396.066700021
22,25,BCDEFGHIJKLMNOPQRSTU,BCDEFGHIJKLMNOPQRSTU,Rapido_MCTS,2,4.317142844200134,29336.41660001012
22,25,BCDEFGHIJKLMNOPQRSTU,BCDEFGHIJKLMNOPQRSTU,Rapido_MCTS,3,4.682857021689415,39643.20059999591
22,25,BCDEFGHIJKLMNOPQRSTU,BCDEFGHIJKLMNOPQRSTU,Rapido_MCTS,4,4.731428682804108,26522.52450000378
22,25,BCDEFGHIJKLMNOPQRSTU,BCDEFGHIJKLMNOPQRSTU,Rapido_MCTS,5,6.690000094473362,11473.79769998952
22,26,BCDEFGHIJKLMNOPQRSTU,ABDEGHJKMNPQSTV,Exacto,2,0.0,23131.70890000765
22,26,BCDEFGHIJKLMNOPQRSTU,ABDEGHJKMNPQSTV,Exacto,3,0.0,2755.888100015
22,26,BCDEFGHIJKLMNOPQRSTU,ABDEGHJKMNPQSTV,Exacto,4,0.0,3178.998899995349
22,26,BCDEFGHIJKLMNOPQRSTU,ABDEGHJKMNPQSTV,Exacto,5,0.0,3636.899700009963
22,26,BCDEFGHIJKLMNOPQRSTU,ABDEGHJKMNPQSTV,Exacto_KL,3,0.0,3772.785200009821
22,26,BCDEFGHIJKLMNOPQRSTU,ABDEGHJKMNPQSTV,Exacto_KL,4,0.0,4517.048099980457
22,26,BCDEFGHIJKLMNOPQRSTU,ABDEGHJKMNPQSTV,Exacto_KL,5,0.0,5290.525799995521
22,26,BCDEFGHIJKLMNOPQRSTU,ABDEGHJKMNPQSTV,Rapido_MCTS,2,1.624285712838173,7754.105200001504
22,26,BCDEFGHIJKLMNOPQRSTU,ABDEGHJKMNPQSTV,Rapido_MCTS,3,1.991428568959236,2518.516799987992
22,26,BCDEFGHIJKLMNOPQRSTU,ABDEGHJKMNPQSTV,Rapido_MCTS,4,3.348571419715881,3292.150499997661
22,26,BCDEFGHIJKLMNOPQRSTU,ABDEGHJKMNPQSTV,Rapido_MCTS,5,3.070714309811592,3820.28280000668
22,27,BCDEFGHIJKLMNOPQRSTU,ACEGIKMOQSU,Exacto,2,0.0,8345.753800007515
22,27,BCDEFGHIJKLMNOPQRSTU,ACEGIKMOQSU,Exacto,3,0.0,368.6057000013534
22,27,BCDEFGHIJKLMNOPQRSTU,ACEGIKMOQSU,Exacto,4,0.0,641.4191999938339
22,27,BCDEFGHIJKLMNOPQRSTU,ACEGIKMOQSU,Exacto,5,0.0,969.1081999917515
22,27,BCDEFGHIJKLMNOPQRSTU,ACEGIKMOQSU,Exacto_KL,3,0.0,940.8290999999736
22,27,BCDEFGHIJKLMNOPQRSTU,ACEGIKMOQSU,Exacto_KL,4,0.0,1530.045599996811
22,27,BCDEFGHIJKLMNOPQRSTU,ACEGIKMOQSU,Exacto_KL,5,0.0,1996.46950000897
22,27,BCDEFGHIJKLMNOPQRSTU,ACEGIKMOQSU,Rapido_MCTS,2,1.220000021159649,11476.87919999589
22,27,BCDEFGHIJKLMNOPQRSTU,ACEGIKMOQSU,Rapido_MCTS,3,2.00571420788765,2641.077300009783
22,27,BCDEFGHIJKLMNOPQRSTU,ACEGIKMOQSU,Rapido_MCTS,4,2.882142871618271,2032.725800003391
22,27,BCDEFGHIJKLMNOPQRSTU,ACEGIKMOQSU,Rapido_MCTS,5,3.332857102155685,1812.068200000795
22,28,BCDEFGHIJKLMNOPQRSTU,BDFHJLNPRTV,Exacto,2,0.0,8310.125999996671
22,28,BCDEFGHIJKLMNOPQRSTU,BDFHJLNPRTV,Exacto,3,0.0,372.6415999990422
22,28,BCDEFGHIJKLMNOPQRSTU,BDFHJLNPRTV,Exacto,4,0.0,668.0843000067398
22,28,BCDEFGHIJKLMNOPQRSTU,BDFHJLNPRTV,Exacto,5,0.0,937.9296000115573
22,28,BCDEFGHIJKLMNOPQRSTU,BDFHJLNPRTV,Exacto_KL,3,0.0,922.7612999966368
22,28,BCDEFGHIJKLMNOPQRSTU,BDFHJLNPRTV,Exacto_KL,4,0.0,1615.11480002082
22,28,BCDEFGHIJKLMNOPQRSTU,BDFHJLNPRTV,Exacto_KL,5,0.0,2078.911799995694
22,28,BCDEFGHIJKLMNOPQRSTU,BDFHJLNPRTV,Rapido_MCTS,2,0.8549999892711639,11459.34760000091
22,28,BCDEFGHIJKLMNOPQRSTU,BDFHJLNPRTV,Rapido_MCTS,3,1.742857106029987,1661.65289998753
22,28,BCDEFGHIJKLMNOPQRSTU,BDFHJLNPRTV,Rapido_MCTS,4,1.618571408092976,1973.058200004743
22,28,BCDEFGHIJKLMNOPQRSTU,BDFHJLNPRTV,Rapido_MCTS,5,1.892142876982689,2678.484000003664
22,29,ABDEGHJKMNPQSTV,ABCDEFGHIJKLMNOPQRSTUV,Exacto,2,0.0,3704484.463400004
22,29,ABDEGHJKMNPQSTV,ABCDEFGHIJKLMNOPQRSTUV,Exacto,3,0.0,382096.0062000086
22,29,ABDEGHJKMNPQSTV,ABCDEFGHIJKLMNOPQRSTUV,Exacto,4,0.0,400963.884799974
22,29,ABDEGHJKMNPQSTV,ABCDEFGHIJKLMNOPQRSTUV,Exacto,5,0.0,423848.076299997
22,29,ABDEGHJKMNPQSTV,ABCDEFGHIJKLMNOPQRSTUV,Exacto_KL,3,0.0,422899.3828000093
22,29,ABDEGHJKMNPQSTV,ABCDEFGHIJKLMNOPQRSTUV,Exacto_KL,4,0.0,456404.0696999873
22,29,ABDEGHJKMNPQSTV,ABCDEFGHIJKLMNOPQRSTUV,Exacto_KL,5,0.0,498441.7451999907
22,29,ABDEGHJKMNPQSTV,ABCDEFGHIJKLMNOPQRSTUV,Rapido_MCTS,2,3.248571425676346,101842.4664000049
22,29,ABDEGHJKMNPQSTV,ABCDEFGHIJKLMNOPQRSTUV,Rapido_MCTS,3,4.199999995529652,111772.7664999838
22,29,ABDEGHJKMNPQSTV,ABCDEFGHIJKLMNOPQRSTUV,Rapido_MCTS,4,2.871428489685059,76447.4122999818
22,29,ABDEGHJKMNPQSTV,ABCDEFGHIJKLMNOPQRSTUV,Rapido_MCTS,5,4.494285732507706,28171.15989999729
22,30,ABDEGHJKMNPQSTV,ABCDEFGHIJKLMNOPQRSTU,Exacto,2,0.0,1709482.96709999
22,30,ABDEGHJKMNPQSTV,ABCDEFGHIJKLMNOPQRSTU,Exacto,3,0.0,186532.7540999861
22,30,ABDEGHJKMNPQSTV,ABCDEFGHIJKLMNOPQRSTU,Exacto,4,0.0,195023.2022000127
22,30,ABDEGHJKMNPQSTV,ABCDEFGHIJKLMNOPQRSTU,Exacto,5,0.0,202932.8259000031
22,30,ABDEGHJKMNPQSTV,ABCDEFGHIJKLMNOPQRSTU,Exacto_KL,3,0.0,203950.9904999868
22,30,ABDEGHJKMNPQSTV,ABCDEFGHIJKLMNOPQRSTU,Exacto_KL,4,0.0,224502.0729999815
22,30,ABDEGHJKMNPQSTV,ABCDEFGHIJKLMNOPQRSTU,Exacto_KL,5,0.0,243476.7104000202
22,30,ABDEGHJKMNPQSTV,ABCDEFGHIJKLMNOPQRSTU,Rapido_MCTS,2,2.04285717010498,73250.72369998088
22,30,ABDEGHJKMNPQSTV,ABCDEFGHIJKLMNOPQRSTU,Rapido_MCTS,3,2.865714266896248,52544.82569999527
22,30,ABDEGHJKMNPQSTV,ABCDEFGHIJKLMNOPQRSTU,Rapido_MCTS,4,2.977142825722694,56048.05260000285
22,30,ABDEGHJKMNPQSTV,ABCDEFGHIJKLMNOPQRSTU,Rapido_MCTS,5,4.388571456074715,9136.603399994783
22,31,ABDEGHJKMNPQSTV,BCDEFGHIJKLMNOPQRSTUV,Exacto,2,0.0,1729486.792699987
22,31,ABDEGHJKMNPQSTV,BCDEFGHIJKLMNOPQRSTUV,Exacto,3,0.0,204368.0095000018
22,31,ABDEGHJKMNPQSTV,BCDEFGHIJKLMNOPQRSTUV,Exacto,4,0.0,232688.0432000034
22,31,ABDEGHJKMNPQSTV,BCDEFGHIJKLMNOPQRSTUV,Exacto,5,0.0,267134.6258000121
22,31,ABDEGHJKMNPQSTV,BCDEFGHIJKLMNOPQRSTUV,Exacto_KL,3,0.0,265451.6401999863
22,31,ABDEGHJKMNPQSTV,BCDEFGHIJKLMNOPQRSTUV,Exacto_KL,4,0.0,335141.7059999949
22,31,ABDEGHJKMNPQSTV,BCDEFGHIJKLMNOPQRSTUV,Exacto_KL,5,0.0,409837.4563999823
22,31,ABDEGHJKMNPQSTV,BCDEFGHIJKLMNOPQRSTUV,Rapido_MCTS,2,1.93428573012352,50742.36820000806
22,31,ABDEGHJKMNPQSTV,BCDEFGHIJKLMNOPQRSTUV,Rapido_MCTS,3,3.502857178449631,54716.55660000397
22,31,ABDEGHJKMNPQSTV,BCDEFGHIJKLMNOPQRSTUV,Rapido_MCTS,4,3.465714305639267,36314.1948999837
22,31,ABDEGHJKMNPQSTV,BCDEFGHIJKLMNOPQRSTUV,Rapido_MCTS,5,3.965714290738106,17134.62389999768
22,32,ABDEGHJKMNPQSTV,BCDEFGHIJKLMNOPQRSTU,Exacto,2,0.0,793558.1343999947
22,32,ABDEGHJKMNPQSTV,BCDEFGHIJKLMNOPQRSTU,Exacto,3,0.0,98634.15389999864
22,32,ABDEGHJKMNPQSTV,BCDEFGHIJKLMNOPQRSTU,Exacto,4,0.0,114405.2689000091
22,32,ABDEGHJKMNPQSTV,BCDEFGHIJKLMNOPQRSTU,Exacto,5,0.0,129881.9121999841
22,32,ABDEGHJKMNPQSTV,BCDEFGHIJKLMNOPQRSTU,Exacto_KL,3,0.0,127699.2075000016
22,32,ABDEGHJKMNPQSTV,BCDEFGHIJKLMNOPQRSTU,Exacto_KL,4,0.0,161126.8573999987
22,32,ABDEGHJKMNPQSTV,BCDEFGHIJKLMNOPQRSTU,Exacto_KL,5,0.0,203373.1981999881
22,32,ABDEGHJKMNPQSTV,BCDEFGHIJKLMNOPQRSTU,Rapido_MCTS,2,2.96714286506176,4202.850900008343
22,32,ABDEGHJKMNPQSTV,BCDEFGHIJKLMNOPQRSTU,Rapido_MCTS,3,3.744285732507706,28737.06789998687
22,32,ABDEGHJKMNPQSTV,BCDEFGHIJKLMNOPQRSTU,Rapido_MCTS,4,4.21285717189312,11780.97359999083
22,32,ABDEGHJKMNPQSTV,BCDEFGHIJKLMNOPQRSTU,Rapido_MCTS,5,4.257142797112465,17253.76979997964
22,33,ABDEGHJKMNPQSTV,ABDEGHJKMNPQSTV,Exacto,2,0.0,20323.21560001583
22,33,ABDEGHJKMNPQSTV,ABDEGHJKMNPQSTV,Exacto,3,0.0,2594.055599998683
22,33,ABDEGHJKMNPQSTV,ABDEGHJKMNPQSTV,Exacto,4,0.0,2876.709400006803
22,33,ABDEGHJKMNPQSTV,ABDEGHJKMNPQSTV,Exacto,5,0.0,3241.076899983454
22,33,ABDEGHJKMNPQSTV,ABDEGHJKMNPQSTV,Exacto_KL,3,0.0,3247.271000000183
22,33,ABDEGHJKMNPQSTV,ABDEGHJKMNPQSTV,Exacto_KL,4,0.0,4038.193899992621
22,33,ABDEGHJKMNPQSTV,ABDEGHJKMNPQSTV,Exacto_KL,5,0.0,4746.121999982279
22,33,ABDEGHJKMNPQSTV,ABDEGHJKMNPQSTV,Rapido_MCTS,2,1.101428553462029,5492.48520002584
22,33,ABDEGHJKMNPQSTV,ABDEGHJKMNPQSTV,Rapido_MCTS,3,3.294285699725151,2290.98179997527
22,33,ABDEGHJKMNPQSTV,ABDEGHJKMNPQSTV,Rapido_MCTS,4,2.461428567767143,2438.796899979934
22,33,ABDEGHJKMNPQSTV,ABDEGHJKMNPQSTV,Rapido_MCTS,5,2.195714324712753,2672.411400009878
22,34,ABDEGHJKMNPQSTV,ACEGIKMOQSU,Exacto,2,0.0,6472.395599994343
22,34,ABDEGHJKMNPQSTV,ACEGIKMOQSU,Exacto,3,0.0,314.9736000050325
22,34,ABDEGHJKMNPQSTV,ACEGIKMOQSU,Exacto,4,0.0,486.2610999844037
22,34,ABDEGHJKMNPQSTV,ACEGIKMOQSU,Exacto,5,0.0,660.8166999940295
22,34,ABDEGHJKMNPQSTV,ACEGIKMOQSU,Exacto_KL,3,0.0,668.9587000000756
22,34,ABDEGHJKMNPQSTV,ACEGIKMOQSU,Exacto_KL,4,0.0,1051.451400009682
22,34,ABDEGHJKMNPQSTV,ACEGIKMOQSU,Exacto_KL,5,0.0,1401.787599985255
22,34,ABDEGHJKMNPQSTV,ACEGIKMOQSU,Rapido_MCTS,2,1.111428618431091,8723.372400010703
22,34,ABDEGHJKMNPQSTV,ACEGIKMOQSU,Rapido_MCTS,3,2.415714234113693,1377.397200005362
22,34,ABDEGHJKMNPQSTV,ACEGIKMOQSU,Rapido_MCTS,4,1.765714287757874,2001.798500015866
22,34,ABDEGHJKMNPQSTV,ACEGIKMOQSU,Rapido_MCTS,5,1.175714291632175,2052.510000008624
22,35,ABDEGHJKMNPQSTV,BDFHJLNPRTV,Exacto,2,0.0,6399.236099998234
22,35,ABDEGHJKMNPQSTV,BDFHJLNPRTV,Exacto,3,0.0,372.1045999845956
22,35,ABDEGHJKMNPQSTV,BDFHJLNPRTV,Exacto,4,0.0,504.6301000111271
22,35,ABDEGHJKMNPQSTV,BDFHJLNPRTV,Exacto,5,0.0,667.9914999986067
22,35,ABDEGHJKMNPQSTV,BDFHJLNPRTV,Exacto_KL,3,0.0,711.7849000205752
22,35,ABDEGHJKMNPQSTV,BDFHJLNPRTV,Exacto_KL,4,0.0,1033.107800001744
22,35,ABDEGHJKMNPQSTV,BDFHJLNPRTV,Exacto_KL,5,0.0,1379.457200004254
22,35,ABDEGHJKMNPQSTV,BDFHJLNPRTV,Rapido_MCTS,2,0.8885714411735535,10053.74940001639
22,35,ABDEGHJKMNPQSTV,BDFHJLNPRTV,Rapido_MCTS,3,1.130714237689972,1628.518499986967
22,35,ABDEGHJKMNPQSTV,BDFHJLNPRTV,Rapido_MCTS,4,1.64928574860096,2074.275799997849
22,35,ABDEGHJKMNPQSTV,BDFHJLNPRTV,Rapido_MCTS,5,1.457857199013233,1884.459900000365
22,36,ACEGIKMOQSU,ABCDEFGHIJKLMNOPQRSTUV,Exacto,2,0.0,3369494.804900023
22,36,ACEGIKMOQSU,ABCDEFGHIJKLMNOPQRSTUV,Exacto,3,0.0,368653.5529000103
22,36,ACEGIKMOQSU,ABCDEFGHIJKLMNOPQRSTUV,Exacto,4,0.0,375303.8964000007
22,36,ACEGIKMOQSU,ABCDEFGHIJKLMNOPQRSTUV,Exacto,5,0.0,382302.3461999837
22,36,ACEGIKMOQSU,ABCDEFGHIJKLMNOPQRSTUV,Exacto_KL,3,0.0,380854.0220000141
22,36,ACEGIKMOQSU,ABCDEFGHIJKLMNOPQRSTUV,Exacto_KL,4,0.0,398998.6150999903
22,36,ACEGIKMOQSU,ABCDEFGHIJKLMNOPQRSTUV,Exacto_KL,5,0.0,415616.4875999966
22,36,ACEGIKMOQSU,ABCDEFGHIJKLMNOPQRSTUV,Rapido_MCTS,2,1.842857122421265,134170.3860000125
22,36,ACEGIKMOQSU,ABCDEFGHIJKLMNOPQRSTUV,Rapido_MCTS,3,2.451428562402725,90920.8357000025
22,36,ACEGIKMOQSU,ABCDEFGHIJKLMNOPQRSTUV,Rapido_MCTS,4,2.602857112884521,67043.41560002649
22,36,ACEGIKMOQSU,ABCDEFGHIJKLMNOPQRSTUV,Rapido_MCTS,5,2.037142872810364,32671.4393000002
22,37,ACEGIKMOQSU,ABCDEFGHIJKLMNOPQRSTU,Exacto,2,0.0,1593436.003999988
22,37,ACEGIKMOQSU,ABCDEFGHIJKLMNOPQRSTU,Exacto,3,0.0,188322.2927000024
22,37,ACEGIKMOQSU,ABCDEFGHIJKLMNOPQRSTU,Exacto,4,0.0,189409.0649000136
22,37,ACEGIKMOQSU,ABCDEFGHIJKLMNOPQRSTU,Exacto,5,0.0,198212.8056999936
22,37,ACEGIKMOQSU,ABCDEFGHIJKLMNOPQRSTU,Exacto_KL,3,0.0,195371.7584999977
22,37,ACEGIKMOQSU,ABCDEFGHIJKLMNOPQRSTU,Exacto_KL,4,0.0,204963.4493000049
22,37,ACEGIKMOQSU,ABCDEFGHIJKLMNOPQRSTU,Exacto_KL,5,0.0,219178.853999998
22,37,ACEGIKMOQSU,ABCDEFGHIJKLMNOPQRSTU,Rapido_MCTS,2,1.674285739660263,33824.56110001658
22,37,ACEGIKMOQSU,ABCDEFGHIJKLMNOPQRSTU,Rapido_MCTS,3,3.374285668134689,3427.293700020527
22,37,ACEGIKMOQSU,ABCDEFGHIJKLMNOPQRSTU,Rapido_MCTS,4,2.290000021457672,29050.60940000112
22,37,ACEGIKMOQSU,ABCDEFGHIJKLMNOPQRSTU,Rapido_MCTS,5,2.597142845392227,29862.96930001117
22,38,ACEGIKMOQSU,BCDEFGHIJKLMNOPQRSTUV,Exacto,2,0.0,1769818.490999984
22,38,ACEGIKMOQSU,BCDEFGHIJKLMNOPQRSTUV,Exacto,3,0.0,191931.9389000011
22,38,ACEGIKMOQSU,BCDEFGHIJKLMNOPQRSTUV,Exacto,4,0.0,202127.811399987
22,38,ACEGIKMOQSU,BCDEFGHIJKLMNOPQRSTUV,Exacto,5,0.0,203002.9964999994
22,38,ACEGIKMOQSU,BCDEFGHIJKLMNOPQRSTUV,Exacto_KL,3,0.0,206969.0294000029
22,38,ACEGIKMOQSU,BCDEFGHIJKLMNOPQRSTUV,Exacto_KL,4,0.0,220839.1354999912
22,38,ACEGIKMOQSU,BCDEFGHIJKLMNOPQRSTUV,Exacto_KL,5,0.0,243320.2568999841
22,38,ACEGIKMOQSU,BCDEFGHIJKLMNOPQRSTUV,Rapido_MCTS,2,1.511428624391556,38224.92720000446
22,38,ACEGIKMOQSU,BCDEFGHIJKLMNOPQRSTUV,Rapido_MCTS,3,2.762857139110565,55267.98890001373
22,38,ACEGIKMOQSU,BCDEFGHIJKLMNOPQRSTUV,Rapido_MCTS,4,2.357142850756645,25097.09340002155
22,38,ACEGIKMOQSU,BCDEFGHIJKLMNOPQRSTUV,Rapido_MCTS,5,4.074285760521889,2887.754700001096
22,39,ACEGIKMOQSU,BCDEFGHIJKLMNOPQRSTU,Exacto,2,0.0,779387.8677999892
22,39,ACEGIKMOQSU,BCDEFGHIJKLMNOPQRSTU,Exacto,3,0.0,99744.52060001204
22,39,ACEGIKMOQSU,BCDEFGHIJKLMNOPQRSTU,Exacto,4,0.0,97324.69980002497
22,39,ACEGIKMOQSU,BCDEFGHIJKLMNOPQRSTU,Exacto,5,0.0,100906.364399998
22,39,ACEGIKMOQSU,BCDEFGHIJKLMNOPQRSTU,Exacto_KL,3,0.0,103899.9725999893
22,39,ACEGIKMOQSU,BCDEFGHIJKLMNOPQRSTU,Exacto_KL,4,0.0,108509.7218999872
22,39,ACEGIKMOQSU,BCDEFGHIJKLMNOPQRSTU,Exacto_KL,5,0.0,119163.6149999977
22,39,ACEGIKMOQSU,BCDEFGHIJKLMNOPQRSTU,Rapido_MCTS,2,1.531428575515747,8281.377600011183
22,39,ACEGIKMOQSU,BCDEFGHIJKLMNOPQRSTU,Rapido_MCTS,3,3.615714281797409,1740.015600022161
22,39,ACEGIKMOQSU,BCDEFGHIJKLMNOPQRSTU,Rapido_MCTS,4,2.862857207655907,18673.59910000232
22,39,ACEGIKMOQSU,BCDEFGHIJKLMNOPQRSTU,Rapido_MCTS,5,2.857142835855484,17254.97060001362
22,40,ACEGIKMOQSU,ABDEGHJKMNPQSTV,Exacto,2,0.0,19667.71460001473
22,40,ACEGIKMOQSU,ABDEGHJKMNPQSTV,Exacto,3,0.0,2651.646099984646
22,40,ACEGIKMOQSU,ABDEGHJKMNPQSTV,Exacto,4,0.0,2822.785500000464
22,40,ACEGIKMOQSU,ABDEGHJKMNPQSTV,Exacto,5,0.0,3134.272299997974
22,40,ACEGIKMOQSU,ABDEGHJKMNPQSTV,Exacto_KL,3,0.0,3100.968500017188
22,40,ACEGIKMOQSU,ABDEGHJKMNPQSTV,Exacto_KL,4,0.0,3461.477200005902
22,40,ACEGIKMOQSU,ABDEGHJKMNPQSTV,Exacto_KL,5,0.0,3978.517200011993
22,40,ACEGIKMOQSU,ABDEGHJKMNPQSTV,Rapido_MCTS,2,0.4185714423656464,5387.3088999826
22,40,ACEGIKMOQSU,ABDEGHJKMNPQSTV,Rapido_MCTS,3,1.640000015497208,2276.770600001328
22,40,ACEGIKMOQSU,ABDEGHJKMNPQSTV,Rapido_MCTS,4,1.127142876386642,2580.068699986441
22,40,ACEGIKMOQSU,ABDEGHJKMNPQSTV,Rapido_MCTS,5,1.952857129275799,2146.209399972577
22,41,ACEGIKMOQSU,ACEGIKMOQSU,Exacto,2,0.0,5118.078600004083
22,41,ACEGIKMOQSU,ACEGIKMOQSU,Exacto,3,0.0,305.2714999939781
22,41,ACEGIKMOQSU,ACEGIKMOQSU,Exacto,4,0.0,421.0065000224859
22,41,ACEGIKMOQSU,ACEGIKMOQSU,Exacto,5,0.0,526.2287000077777
22,41,ACEGIKMOQSU,ACEGIKMOQSU,Exacto_KL,3,0.0,546.0280000115745
22,41,ACEGIKMOQSU,ACEGIKMOQSU,Exacto_KL,4,0.0,760.1182000071276
22,41,ACEGIKMOQSU,ACEGIKMOQSU,Exacto_KL,5,0.0,949.7864000150003
22,41,ACEGIKMOQSU,ACEGIKMOQSU,Rapido_MCTS,2,0.0,7427.565600024536
22,41,ACEGIKMOQSU,ACEGIKMOQSU,Rapido_MCTS,3,0.9328571557998657,1018.705399997998
22,41,ACEGIKMOQSU,ACEGIKMOQSU,Rapido_MCTS,4,0.5235714465379715,1703.014700004132
22,41,ACEGIKMOQSU,ACEGIKMOQSU,Rapido_MCTS,5,1.709285721182823,1507.914899993921
22,42,ACEGIKMOQSU,BDFHJLNPRTV,Exacto,2,0.0,5210.931599984178
22,42,ACEGIKMOQSU,BDFHJLNPRTV,Exacto,3,0.0,312.6171999901999
22,42,ACEGIKMOQSU,BDFHJLNPRTV,Exacto,4,0.0,420.9062000154518
22,42,ACEGIKMOQSU,BDFHJLNPRTV,Exacto,5,0.0,539.0960999939125
22,42,ACEGIKMOQSU,BDFHJLNPRTV,Exacto_KL,3,0.0,556.4769000047818
22,42,ACEGIKMOQSU,BDFHJLNPRTV,Exacto_KL,4,0.0,759.4658999878448
22,42,ACEGIKMOQSU,BDFHJLNPRTV,Exacto_KL,5,0.0,981.3252000021748
22,42,ACEGIKMOQSU,BDFHJLNPRTV,Rapido_MCTS,2,0.1114285588264465,7970.53489999962
22,42,ACEGIKMOQSU,BDFHJLNPRTV,Rapido_MCTS,3,0.7671428322792053,1808.647600002587
22,42,ACEGIKMOQSU,BDFHJLNPRTV,Rapido_MCTS,4,1.086428567767143,1372.98029998783
22,42,ACEGIKMOQSU,BDFHJLNPRTV,Rapido_MCTS,5,1.158571422100067,1437.127399985911
22,43,BDFHJLNPRTV,ABCDEFGHIJKLMNOPQRSTUV,Exacto,2,0.0,3387811.791199987
22,43,BDFHJLNPRTV,ABCDEFGHIJKLMNOPQRSTUV,Exacto,3,0.0,367989.7773999837
22,43,BDFHJLNPRTV,ABCDEFGHIJKLMNOPQRSTUV,Exacto,4,0.0,399833.7309999915
22,43,BDFHJLNPRTV,ABCDEFGHIJKLMNOPQRSTUV,Exacto,5,0.0,437980.6557000265
22,43,BDFHJLNPRTV,ABCDEFGHIJKLMNOPQRSTUV,Exacto_KL,3,0.0,439705.6297999807
22,43,BDFHJLNPRTV,ABCDEFGHIJKLMNOPQRSTUV,Exacto_KL,4,0.0,527976.5108000138
22,43,BDFHJLNPRTV,ABCDEFGHIJKLMNOPQRSTUV,Exacto_KL,5,0.0,614600.5169000127
22,43,BDFHJLNPRTV,ABCDEFGHIJKLMNOPQRSTUV,Rapido_MCTS,2,2.285714283585548,83651.37810001033
22,43,BDFHJLNPRTV,ABCDEFGHIJKLMNOPQRSTUV,Rapido_MCTS,3,3.737142860889435,65909.44770001806
22,43,BDFHJLNPRTV,ABCDEFGHIJKLMNOPQRSTUV,Rapido_MCTS,4,2.994285702705383,45680.6761000189
22,43,BDFHJLNPRTV,ABCDEFGHIJKLMNOPQRSTUV,Rapido_MCTS,5,4.191428497433662,47311.60240000463
22,44,BDFHJLNPRTV,ABCDEFGHIJKLMNOPQRSTU,Exacto,2,0.0,1559983.48190001
22,44,BDFHJLNPRTV,ABCDEFGHIJKLMNOPQRSTU,Exacto,3,0.0,176003.9935999957
22,44,BDFHJLNPRTV,ABCDEFGHIJKLMNOPQRSTU,Exacto,4,0.0,196144.4441000058
22,44,BDFHJLNPRTV,ABCDEFGHIJKLMNOPQRSTU,Exacto,5,0.0,214004.2807999998
22,44,BDFHJLNPRTV,ABCDEFGHIJKLMNOPQRSTU,Exacto_KL,3,0.0,211703.1209999986
22,44,BDFHJLNPRTV,ABCDEFGHIJKLMNOPQRSTU,Exacto_KL,4,0.0,271638.9593000058
22,44,BDFHJLNPRTV,ABCDEFGHIJKLMNOPQRSTU,Exacto_KL,5,0.0,299197.6443000021
22,44,BDFHJLNPRTV,ABCDEFGHIJKLMNOPQRSTU,Rapido_MCTS,2,2.608571417629719,18432.6837999979
22,44,BDFHJLNPRTV,ABCDEFGHIJKLMNOPQRSTU,Rapido_MCTS,3,2.671428591012955,38348.79590000492
22,44,BDFHJLNPRTV,ABCDEFGHIJKLMNOPQRSTU,Rapido_MCTS,4,3.945714309811592,16860.6883000175
22,44,BDFHJLNPRTV,ABCDEFGHIJKLMNOPQRSTU,Rapido_MCTS,5,3.672857098281384,32168.61990001053
22,45,BDFHJLNPRTV,BCDEFGHIJKLMNOPQRSTUV,Exacto,2,0.0,1557783.512499998
22,45,BDFHJLNPRTV,BCDEFGHIJKLMNOPQRSTUV,Exacto,3,0.0,186872.9215999774
22,45,BDFHJLNPRTV,BCDEFGHIJKLMNOPQRSTUV,Exacto,4,0.0,207093.7377000228
22,45,BDFHJLNPRTV,BCDEFGHIJKLMNOPQRSTUV,Exacto,5,0.0,224058.7075999938
22,45,BDFHJLNPRTV,BCDEFGHIJKLMNOPQRSTUV,Exacto_KL,3,0.0,222940.9821000008
22,45,BDFHJLNPRTV,BCDEFGHIJKLMNOPQRSTUV,Exacto_KL,4,0.0,267899.5904999902
22,45,BDFHJLNPRTV,BCDEFGHIJKLMNOPQRSTUV,Exacto_KL,5,0.0,323021.7472000222
22,45,BDFHJLNPRTV,BCDEFGHIJKLMNOPQRSTUV,Rapido_MCTS,2,1.014285713434219,45385.5731000076
22,45,BDFHJLNPRTV,BCDEFGHIJKLMNOPQRSTUV,Rapido_MCTS,3,1.754285678267479,15265.15439999639
22,45,BDFHJLNPRTV,BCDEFGHIJKLMNOPQRSTUV,Rapido_MCTS,4,3.834285736083984,27857.87519998848
22,45,BDFHJLNPRTV,BCDEFGHIJKLMNOPQRSTUV,Rapido_MCTS,5,3.742857113480568,27714.18750000885
22,46,BDFHJLNPRTV,BCDEFGHIJKLMNOPQRSTU,Exacto,2,0.0,703318.8557999965
22,46,BDFHJLNPRTV,BCDEFGHIJKLMNOPQRSTU,Exacto,3,0.0,89692.65179999638
22,46,BDFHJLNPRTV,BCDEFGHIJKLMNOPQRSTU,Exacto,4,0.0,99935.48849999206
22,46,BDFHJLNPRTV,BCDEFGHIJKLMNOPQRSTU,Exacto,5,0.0,122392.755799985
22,46,BDFHJLNPRTV,BCDEFGHIJKLMNOPQRSTU,Exacto_KL,3,0.0,107921.4375999873
22,46,BDFHJLNPRTV,BCDEFGHIJKLMNOPQRSTU,Exacto_KL,4,0.0,129724.1481000092
22,46,BDFHJLNPRTV,BCDEFGHIJKLMNOPQRSTU,Exacto_KL,5,0.0,162911.9322999904
22,46,BDFHJLNPRTV,BCDEFGHIJKLMNOPQRSTU,Rapido_MCTS,2,2.137142911553383,21609.4815999968
22,46,BDFHJLNPRTV,BCDEFGHIJKLMNOPQRSTU,Rapido_MCTS,3,1.102857157588005,20494.72280000919
22,46,BDFHJLNPRTV,BCDEFGHIJKLMNOPQRSTU,Rapido_MCTS,4,2.991428606212139,20542.04099997878
22,46,BDFHJLNPRTV,BCDEFGHIJKLMNOPQRSTU,Rapido_MCTS,5,3.667142897844315,10154.15030001896
22,47,BDFHJLNPRTV,ABDEGHJKMNPQSTV,Exacto,2,0.0,17748.96309999167
22,47,BDFHJLNPRTV,ABDEGHJKMNPQSTV,Exacto,3,0.0,2415.197000023909
22,47,BDFHJLNPRTV,ABDEGHJKMNPQSTV,Exacto,4,0.0,2623.12230002135
22,47,BDFHJLNPRTV,ABDEGHJKMNPQSTV,Exacto,5,0.0,2886.52660002117
22,47,BDFHJLNPRTV,ABDEGHJKMNPQSTV,Exacto_KL,3,0.0,2777.179800003069
22,47,BDFHJLNPRTV,ABDEGHJKMNPQSTV,Exacto_KL,4,0.0,3580.58149999124
22,47,BDFHJLNPRTV,ABDEGHJKMNPQSTV,Exacto_KL,5,0.0,4351.687299989862
22,47,BDFHJLNPRTV,ABDEGHJKMNPQSTV,Rapido_MCTS,2,1.028571426868439,5128.466100024525
22,47,BDFHJLNPRTV,ABDEGHJKMNPQSTV,Rapido_MCTS,3,1.825714319944382,1978.384000016376
22,47,BDFHJLNPRTV,ABDEGHJKMNPQSTV,Rapido_MCTS,4,1.935714289546013,2928.245200018864
22,47,BDFHJLNPRTV,ABDEGHJKMNPQSTV,Rapido_MCTS,5,1.848571419715881,1937.686299992492
22,48,BDFHJLNPRTV,ACEGIKMOQSU,Exacto,2,0.0,4885.646400012774
22,48,BDFHJLNPRTV,ACEGIKMOQSU,Exacto,3,0.0,321.6902000131086
22,48,BDFHJLNPRTV,ACEGIKMOQSU,Exacto,4,0.0,422.0487000129651
22,48,BDFHJLNPRTV,ACEGIKMOQSU,Exacto,5,0.0,526.23560000211
22,48,BDFHJLNPRTV,ACEGIKMOQSU,Exacto_KL,3,0.0,526.858600002015
22,48,BDFHJLNPRTV,ACEGIKMOQSU,Exacto_KL,4,0.0,736.2366000015754
22,48,BDFHJLNPRTV,ACEGIKMOQSU,Exacto_KL,5,0.0,923.8679999834858
22,48,BDFHJLNPRTV,ACEGIKMOQSU,Rapido_MCTS,2,2.172142848372459,7865.332400018815
22,48,BDFHJLNPRTV,ACEGIKMOQSU,Rapido_MCTS,3,0.3864285498857498,1831.878299999516
22,48,BDFHJLNPRTV,ACEGIKMOQSU,Rapido_MCTS,4,2.362857148051262,1569.298899994465
22,48,BDFHJLNPRTV,ACEGIKMOQSU,Rapido_MCTS,5,1.469999969005585,1521.869100019103
22,49,BDFHJLNPRTV,BDFHJLNPRTV,Exacto,2,0.0,4897.24279998336
22,49,BDFHJLNPRTV,BDFHJLNPRTV,Exacto,3,0.0,354.493699996965
22,49,BDFHJLNPRTV,BDFHJLNPRTV,Exacto,4,0.0,421.1826999962796
22,49,BDFHJLNPRTV,BDFHJLNPRTV,Exacto,5,0.0,520.0012999994215
22,49,BDFHJLNPRTV,BDFHJLNPRTV,Exacto_KL,3,0.0,543.1326999969315
22,49,BDFHJLNPRTV,BDFHJLNPRTV,Exacto_KL,4,0.0,720.9458000143059
22,49,BDFHJLNPRTV,BDFHJLNPRTV,Exacto_KL,5,0.0,899.3140999809839
22,49,BDFHJLNPRTV,BDFHJLNPRTV,Rapido_MCTS,2,0.4949999824166298,7868.448299996089
22,49,BDFHJLNPRTV,BDFHJLNPRTV,Rapido_MCTS,3,0.8814286440610886,1785.826899984386
22,49,BDFHJLNPRTV,BDFHJLNPRTV,Rapido_MCTS,4,0.5857142806053162,1541.89310001675
22,49,BDFHJLNPRTV,BDFHJLNPRTV,Rapido_MCTS,5,0.5099999755620956,2088.014699984342
22,50,ACDEFGHIJKLMNOPQRST,ACDEFGHIJKLMNOPQRST,Exacto,2,0.0,402924.6681999939
22,50,ACDEFGHIJKLMNOPQRST,ACDEFGHIJKLMNOPQRST,Exacto,3,0.0,45817.25550000556
22,50,ACDEFGHIJKLMNOPQRST,ACDEFGHIJKLMNOPQRST,Exacto,4,0.0,51025.93219999108
22,50,ACDEFGHIJKLMNOPQRST,ACDEFGHIJKLMNOPQRST,Exacto,5,0.0,56392.654700001
22,50,ACDEFGHIJKLMNOPQRST,ACDEFGHIJKLMNOPQRST,Exacto_KL,3,0.0,55626.00839999504
22,50,ACDEFGHIJKLMNOPQRST,ACDEFGHIJKLMNOPQRST,Exacto_KL,4,0.0,66369.93659997825
22,50,ACDEFGHIJKLMNOPQRST,ACDEFGHIJKLMNOPQRST,Exacto_KL,5,0.0,75169.5888999966
22,50,ACDEFGHIJKLMNOPQRST,ACDEFGHIJKLMNOPQRST,Rapido_MCTS,2,3.388571433722973,17326.09980000416
22,50,ACDEFGHIJKLMNOPQRST,ACDEFGHIJKLMNOPQRST,Rapido_MCTS,3,2.167142912745476,25266.93770001293
22,50,ACDEFGHIJKLMNOPQRST,ACDEFGHIJKLMNOPQRST,Rapido_MCTS,4,4.835714280605316,24680.27760001132
22,50,ACDEFGHIJKLMNOPQRST,ACDEFGHIJKLMNOPQRST,Rapido_MCTS,5,4.357142977416515,14213.10679998714
25,1,ABCDEFGHIJKLMNOPQRSTUVWXY,ABCDEFGHIJKLMNOPQRSTUVWXY,Rapido_MCTS,2,5.275599963963032,168186.8720999919
25,1,ABCDEFGHIJKLMNOPQRSTUVWXY,ABCDEFGHIJKLMNOPQRSTUVWXY,Rapido_MCTS,3,7.183599971234798,2136.659100011457
25,1,ABCDEFGHIJKLMNOPQRSTUVWXY,ABCDEFGHIJKLMNOPQRSTUVWXY,Rapido_MCTS,4,7.527199923992157,1795.441299997037
25,1,ABCDEFGHIJKLMNOPQRSTUVWXY,ABCDEFGHIJKLMNOPQRSTUVWXY,Rapido_MCTS,5,8.272800095379353,2004.258700006176
25,2,ABCDEFGHIJKLMNOPQRSTUVWXY,ABCDEFGHIJKLMNOPQRSTUVWX,Rapido_MCTS,2,2.890000015497208,8831.96839998709
25,2,ABCDEFGHIJKLMNOPQRSTUVWXY,ABCDEFGHIJKLMNOPQRSTUVWX,Rapido_MCTS,3,5.42100003361702,1540.670199989108
25,2,ABCDEFGHIJKLMNOPQRSTUVWXY,ABCDEFGHIJKLMNOPQRSTUVWX,Rapido_MCTS,4,5.284400030970573,1258.366299996851
25,2,ABCDEFGHIJKLMNOPQRSTUVWXY,ABCDEFGHIJKLMNOPQRSTUVWX,Rapido_MCTS,5,5.494399957358837,1907.321799983038
25,3,ABCDEFGHIJKLMNOPQRSTUVWXY,BCDEFGHIJKLMNOPQRSTUVWXY,Rapido_MCTS,2,4.378799974918365,13226.18190001231
25,3,ABCDEFGHIJKLMNOPQRSTUVWXY,BCDEFGHIJKLMNOPQRSTUVWXY,Rapido_MCTS,3,6.999600015580654,2082.96950001386
25,3,ABCDEFGHIJKLMNOPQRSTUVWXY,BCDEFGHIJKLMNOPQRSTUVWXY,Rapido_MCTS,4,7.903200030326843,1248.569200019119
25,3,ABCDEFGHIJKLMNOPQRSTUVWXY,BCDEFGHIJKLMNOPQRSTUVWXY,Rapido_MCTS,5,8.127999886870384,988.5092999902554
25,4,ABCDEFGHIJKLMNOPQRSTUVWXY,BCDEFGHIJKLMNOPQRSTUVWX,Rapido_MCTS,2,2.542799979448318,11642.9882000084
25,4,ABCDEFGHIJKLMNOPQRSTUVWXY,BCDEFGHIJKLMNOPQRSTUVWX,Rapido_MCTS,3,4.670599952340126,1462.837500002934
25,4,ABCDEFGHIJKLMNOPQRSTUVWXY,BCDEFGHIJKLMNOPQRSTUVWX,Rapido_MCTS,4,5.233999907970428,1682.961699989391
25,4,ABCDEFGHIJKLMNOPQRSTUVWXY,BCDEFGHIJKLMNOPQRSTUVWX,Rapido_MCTS,5,6.013800114393234,1147.134999977425
25,5,ABCDEFGHIJKLMNOPQRSTUVWXY,ABDEGHJKMNPQSTVWY,Rapido_MCTS,2,1.867800027132034,36075.78390001436
25,5,ABCDEFGHIJKLMNOPQRSTUVWXY,ABDEGHJKMNPQSTVWY,Rapido_MCTS,3,0.0,132555.6060999807
25,5,ABCDEFGHIJKLMNOPQRSTUVWXY,ABDEGHJKMNPQSTVWY,Rapido_MCTS,4,0.125,14586.37720000115
25,5,ABCDEFGHIJKLMNOPQRSTUVWXY,ABDEGHJKMNPQSTVWY,Rapido_MCTS,5,0.25,20874.03300000005
25,6,ABCDEFGHIJKLMNOPQRSTUVWXY,ACEGIKMOQSUWY,Rapido_MCTS,2,0.7686000168323517,81477.21799998544
25,6,ABCDEFGHIJKLMNOPQRSTUVWXY,ACEGIKMOQSUWY,Rapido_MCTS,3,0.0,8788.852300000144
25,6,ABCDEFGHIJKLMNOPQRSTUVWXY,ACEGIKMOQSUWY,Rapido_MCTS,4,0.125,3872.605599986855
25,6,ABCDEFGHIJKLMNOPQRSTUVWXY,ACEGIKMOQSUWY,Rapido_MCTS,5,0.125,7476.025200012373
25,7,ABCDEFGHIJKLMNOPQRSTUVWXY,BDFHJLNPRTVX,Rapido_MCTS,2,0.002999991178512573,86082.98680000007
25,7,ABCDEFGHIJKLMNOPQRSTUVWXY,BDFHJLNPRTVX,Rapido_MCTS,3,0.375,5125.331400020514
25,7,ABCDEFGHIJKLMNOPQRSTUVWXY,BDFHJLNPRTVX,Rapido_MCTS,4,0.5,2653.364600002533
25,7,ABCDEFGHIJKLMNOPQRSTUVWXY,BDFHJLNPRTVX,Rapido_MCTS,5,0.5,3653.820299979998
25,8,ABCDEFGHIJKLMNOPQRSTUVWX,ABCDEFGHIJKLMNOPQRSTUVWXY,Rapido_MCTS,2,5.360399946570396,243878.4520000045
25,8,ABCDEFGHIJKLMNOPQRSTUVWX,ABCDEFGHIJKLMNOPQRSTUVWXY,Rapido_MCTS,3,7.099600002169609,2160.844300000463
25,8,ABCDEFGHIJKLMNOPQRSTUVWX,ABCDEFGHIJKLMNOPQRSTUVWXY,Rapido_MCTS,4,6.839999914169312,2345.124299987219
25,8,ABCDEFGHIJKLMNOPQRSTUVWX,ABCDEFGHIJKLMNOPQRSTUVWXY,Rapido_MCTS,5,8.03680008649826,2588.203099992825
25,9,ABCDEFGHIJKLMNOPQRSTUVWX,ABCDEFGHIJKLMNOPQRSTUVWX,Rapido_MCTS,2,4.182200014591217,7545.944300014526
25,9,ABCDEFGHIJKLMNOPQRSTUVWX,ABCDEFGHIJKLMNOPQRSTUVWX,Rapido_MCTS,3,4.18060003221035,1912.929800018901
25,9,ABCDEFGHIJKLMNOPQRSTUVWX,ABCDEFGHIJKLMNOPQRSTUVWX,Rapido_MCTS,4,5.903200045228004,1393.928100005724
25,9,ABCDEFGHIJKLMNOPQRSTUVWX,ABCDEFGHIJKLMNOPQRSTUVWX,Rapido_MCTS,5,6.341800019145012,1009.688999998616
25,10,ABCDEFGHIJKLMNOPQRSTUVWX,BCDEFGHIJKLMNOPQRSTUVWXY,Rapido_MCTS,2,4.414399981498718,11557.21100000665
25,10,ABCDEFGHIJKLMNOPQRSTUVWX,BCDEFGHIJKLMNOPQRSTUVWXY,Rapido_MCTS,3,6.857199981808662,1684.388699999545
25,10,ABCDEFGHIJKLMNOPQRSTUVWX,BCDEFGHIJKLMNOPQRSTUVWXY,Rapido_MCTS,4,7.538000047206879,1300.609500001883
25,10,ABCDEFGHIJKLMNOPQRSTUVWX,BCDEFGHIJKLMNOPQRSTUVWXY,Rapido_MCTS,5,8.439999923110008,1395.464600005653
25,11,ABCDEFGHIJKLMNOPQRSTUVWX,BCDEFGHIJKLMNOPQRSTUVWX,Rapido_MCTS,2,2.845599979162216,11534.13079999154
25,11,ABCDEFGHIJKLMNOPQRSTUVWX,BCDEFGHIJKLMNOPQRSTUVWX,Rapido_MCTS,3,5.373599998652935,1469.548299995949
25,11,ABCDEFGHIJKLMNOPQRSTUVWX,BCDEFGHIJKLMNOPQRSTUVWX,Rapido_MCTS,4,5.27460004389286,1960.078799980693
25,11,ABCDEFGHIJKLMNOPQRSTUVWX,BCDEFGHIJKLMNOPQRSTUVWX,Rapido_MCTS,5,5.999000087380409,1782.029299996793
25,12,ABCDEFGHIJKLMNOPQRSTUVWX,ABDEGHJKMNPQSTVWY,Rapido_MCTS,2,1.885800004005432,34439.4816000131
25,12,ABCDEFGHIJKLMNOPQRSTUVWX,ABDEGHJKMNPQSTVWY,Rapido_MCTS,3,0.0,154281.8756000197
25,12,ABCDEFGHIJKLMNOPQRSTUVWX,ABDEGHJKMNPQSTVWY,Rapido_MCTS,4,0.125,17574.12790000672
25,12,ABCDEFGHIJKLMNOPQRSTUVWX,ABDEGHJKMNPQSTVWY,Rapido_MCTS,5,0.25,17279.47700000368
25,13,ABCDEFGHIJKLMNOPQRSTUVWX,ACEGIKMOQSUWY,Rapido_MCTS,2,0.7666000127792358,78131.30869998713
25,13,ABCDEFGHIJKLMNOPQRSTUVWX,ACEGIKMOQSUWY,Rapido_MCTS,3,0.0,8040.692700014915
25,13,ABCDEFGHIJKLMNOPQRSTUVWX,ACEGIKMOQSUWY,Rapido_MCTS,4,0.125,3959.967300004791
25,13,ABCDEFGHIJKLMNOPQRSTUVWX,ACEGIKMOQSUWY,Rapido_MCTS,5,0.625,3575.777199992444
25,14,ABCDEFGHIJKLMNOPQRSTUVWX,BDFHJLNPRTVX,Rapido_MCTS,2,0.0009999871253967285,79581.4912999922
25,14,ABCDEFGHIJKLMNOPQRSTUVWX,BDFHJLNPRTVX,Rapido_MCTS,3,0.375,4826.624399982393
25,14,ABCDEFGHIJKLMNOPQRSTUVWX,BDFHJLNPRTVX,Rapido_MCTS,4,0.5,2470.184400008293
25,14,ABCDEFGHIJKLMNOPQRSTUVWX,BDFHJLNPRTVX,Rapido_MCTS,5,0.625,3436.194799985969
25,15,BCDEFGHIJKLMNOPQRSTUVWXY,ABCDEFGHIJKLMNOPQRSTUVWXY,Rapido_MCTS,2,4.244799926877022,169380.3801999893
25,15,BCDEFGHIJKLMNOPQRSTUVWXY,ABCDEFGHIJKLMNOPQRSTUVWXY,Rapido_MCTS,3,6.60600009560585,3261.751100013498
25,15,BCDEFGHIJKLMNOPQRSTUVWXY,ABCDEFGHIJKLMNOPQRSTUVWXY,Rapido_MCTS,4,7.538400024175644,2421.481299999868
25,15,BCDEFGHIJKLMNOPQRSTUVWXY,ABCDEFGHIJKLMNOPQRSTUVWXY,Rapido_MCTS,5,7.735599890351295,1512.345399998594
25,16,BCDEFGHIJKLMNOPQRSTUVWXY,ABCDEFGHIJKLMNOPQRSTUVWX,Rapido_MCTS,2,3.996799975633621,6822.69240001915
25,16,BCDEFGHIJKLMNOPQRSTUVWXY,ABCDEFGHIJKLMNOPQRSTUVWX,Rapido_MCTS,3,4.880599901080132,1685.500599996885
25,16,BCDEFGHIJKLMNOPQRSTUVWXY,ABCDEFGHIJKLMNOPQRSTUVWX,Rapido_MCTS,4,5.21240009367466,1774.4560999854
25,16,BCDEFGHIJKLMNOPQRSTUVWXY,ABCDEFGHIJKLMNOPQRSTUVWX,Rapido_MCTS,5,5.885800018906593,1107.777299999725
25,17,BCDEFGHIJKLMNOPQRSTUVWXY,BCDEFGHIJKLMNOPQRSTUVWXY,Rapido_MCTS,2,3.893599942326546,11424.22250000527
25,17,BCDEFGHIJKLMNOPQRSTUVWXY,BCDEFGHIJKLMNOPQRSTUVWXY,Rapido_MCTS,3,7.28679995238781,1915.331800002605
25,17,BCDEFGHIJKLMNOPQRSTUVWXY,BCDEFGHIJKLMNOPQRSTUVWXY,Rapido_MCTS,4,6.465200036764145,1797.515899990685
25,17,BCDEFGHIJKLMNOPQRSTUVWXY,BCDEFGHIJKLMNOPQRSTUVWXY,Rapido_MCTS,5,6.6715999096632,1527.956800011452
25,18,BCDEFGHIJKLMNOPQRSTUVWXY,BCDEFGHIJKLMNOPQRSTUVWX,Rapido_MCTS,2,3.977200001478195,10515.97269999911
25,18,BCDEFGHIJKLMNOPQRSTUVWXY,BCDEFGHIJKLMNOPQRSTUVWX,Rapido_MCTS,3,5.659599989652634,968.664699990768
25,18,BCDEFGHIJKLMNOPQRSTUVWXY,BCDEFGHIJKLMNOPQRSTUVWX,Rapido_MCTS,4,5.60300001502037,1054.920399998082
25,18,BCDEFGHIJKLMNOPQRSTUVWXY,BCDEFGHIJKLMNOPQRSTUVWX,Rapido_MCTS,5,6.572200015187263,876.5310000162572
25,19,BCDEFGHIJKLMNOPQRSTUVWXY,ABDEGHJKMNPQSTVWY,Rapido_MCTS,2,0.9838000237941742,33577.80140000978
25,19,BCDEFGHIJKLMNOPQRSTUVWXY,ABDEGHJKMNPQSTVWY,Rapido_MCTS,3,0.0,133194.9208000151
25,19,BCDEFGHIJKLMNOPQRSTUVWXY,ABDEGHJKMNPQSTVWY,Rapido_MCTS,4,0.125,18547.77219999232
25,19,BCDEFGHIJKLMNOPQRSTUVWXY,ABDEGHJKMNPQSTVWY,Rapido_MCTS,5,0.25,16600.93060001964
25,20,BCDEFGHIJKLMNOPQRSTUVWXY,ACEGIKMOQSUWY,Rapido_MCTS,2,1.018400013446808,80952.8667999839
25,20,BCDEFGHIJKLMNOPQRSTUVWXY,ACEGIKMOQSUWY,Rapido_MCTS,3,0.0,8700.871199980611
25,20,BCDEFGHIJKLMNOPQRSTUVWXY,ACEGIKMOQSUWY,Rapido_MCTS,4,0.125,2899.00580001995
25,20,BCDEFGHIJKLMNOPQRSTUVWXY,ACEGIKMOQSUWY,Rapido_MCTS,5,0.125,3691.871199989691
25,21,BCDEFGHIJKLMNOPQRSTUVWXY,BDFHJLNPRTVX,Rapido_MCTS,2,0.1302000284194946,80186.50770001113
25,21,BCDEFGHIJKLMNOPQRSTUVWXY,BDFHJLNPRTVX,Rapido_MCTS,3,0.375,4756.066700007068
25,21,BCDEFGHIJKLMNOPQRSTUVWXY,BDFHJLNPRTVX,Rapido_MCTS,4,0.5,2505.027100007283
25,21,BCDEFGHIJKLMNOPQRSTUVWXY,BDFHJLNPRTVX,Rapido_MCTS,5,0.5,3410.038799978793
25,22,BCDEFGHIJKLMNOPQRSTUVWX,ABCDEFGHIJKLMNOPQRSTUVWXY,Rapido_MCTS,2,5.016799986362457,188740.6826000079
25,22,BCDEFGHIJKLMNOPQRSTUVWX,ABCDEFGHIJKLMNOPQRSTUVWXY,Rapido_MCTS,3,7.092399910092354,2847.726900014095
25,22,BCDEFGHIJKLMNOPQRSTUVWX,ABCDEFGHIJKLMNOPQRSTUVWXY,Rapido_MCTS,4,7.264799997210503,2196.785899985116
25,22,BCDEFGHIJKLMNOPQRSTUVWX,ABCDEFGHIJKLMNOPQRSTUVWXY,Rapido_MCTS,5,8.184800140559673,2161.781500006327
25,23,BCDEFGHIJKLMNOPQRSTUVWX,ABCDEFGHIJKLMNOPQRSTUVWX,Rapido_MCTS,2,3.611799955368042,6894.680400000652
25,23,BCDEFGHIJKLMNOPQRSTUVWX,ABCDEFGHIJKLMNOPQRSTUVWX,Rapido_MCTS,3,4.787399969995022,1717.911699990509
25,23,BCDEFGHIJKLMNOPQRSTUVWX,ABCDEFGHIJKLMNOPQRSTUVWX,Rapido_MCTS,4,5.364199973642826,1289.37230000156
25,23,BCDEFGHIJKLMNOPQRSTUVWX,ABCDEFGHIJKLMNOPQRSTUVWX,Rapido_MCTS,5,6.16880002617836,1820.284500019625
25,24,BCDEFGHIJKLMNOPQRSTUVWX,BCDEFGHIJKLMNOPQRSTUVWXY,Rapido_MCTS,2,4.621600046753883,11321.62299999618
25,24,BCDEFGHIJKLMNOPQRSTUVWX,BCDEFGHIJKLMNOPQRSTUVWXY,Rapido_MCTS,3,7.140800021588802,1675.536499998998
25,24,BCDEFGHIJKLMNOPQRSTUVWX,BCDEFGHIJKLMNOPQRSTUVWXY,Rapido_MCTS,4,7.242400050163269,1189.983000018401
25,24,BCDEFGHIJKLMNOPQRSTUVWX,BCDEFGHIJKLMNOPQRSTUVWXY,Rapido_MCTS,5,6.870399951934814,1373.552800010657
25,25,BCDEFGHIJKLMNOPQRSTUVWX,BCDEFGHIJKLMNOPQRSTUVWX,Rapido_MCTS,2,3.480999961495399,10067.14709999505
25,25,BCDEFGHIJKLMNOPQRSTUVWX,BCDEFGHIJKLMNOPQRSTUVWX,Rapido_MCTS,3,5.24700003862381,1193.709199986188
25,25,BCDEFGHIJKLMNOPQRSTUVWX,BCDEFGHIJKLMNOPQRSTUVWX,Rapido_MCTS,4,6.04760006070137,1983.038699981989
25,25,BCDEFGHIJKLMNOPQRSTUVWX,BCDEFGHIJKLMNOPQRSTUVWX,Rapido_MCTS,5,6.238400027155876,1630.627499980619
25,26,BCDEFGHIJKLMNOPQRSTUVWX,ABDEGHJKMNPQSTVWY,Rapido_MCTS,2,0.4945999830961227,32280.89409999666
25,26,BCDEFGHIJKLMNOPQRSTUVWX,ABDEGHJKMNPQSTVWY,Rapido_MCTS,3,0.0,117295.8443000098
25,26,BCDEFGHIJKLMNOPQRSTUVWX,ABDEGHJKMNPQSTVWY,Rapido_MCTS,4,0.125,15014.87289997749
25,26,BCDEFGHIJKLMNOPQRSTUVWX,ABDEGHJKMNPQSTVWY,Rapido_MCTS,5,0.25,17614.16249998729
25,27,BCDEFGHIJKLMNOPQRSTUVWX,ACEGIKMOQSUWY,Rapido_MCTS,2,1.125899970531464,76710.72350000031
25,27,BCDEFGHIJKLMNOPQRSTUVWX,ACEGIKMOQSUWY,Rapido_MCTS,3,0.0,8621.345899999142
25,27,BCDEFGHIJKLMNOPQRSTUVWX,ACEGIKMOQSUWY,Rapido_MCTS,4,0.125,3372.361799993087
25,27,BCDEFGHIJKLMNOPQRSTUVWX,ACEGIKMOQSUWY,Rapido_MCTS,5,0.125,3368.113700009417
25,28,BCDEFGHIJKLMNOPQRSTUVWX,BDFHJLNPRTVX,Rapido_MCTS,2,0.0,75709.49400000973
25,28,BCDEFGHIJKLMNOPQRSTUVWX,BDFHJLNPRTVX,Rapido_MCTS,3,0.375,4423.972099990351
25,28,BCDEFGHIJKLMNOPQRSTUVWX,BDFHJLNPRTVX,Rapido_MCTS,4,0.5,2277.538000023924
25,28,BCDEFGHIJKLMNOPQRSTUVWX,BDFHJLNPRTVX,Rapido_MCTS,5,0.625,2905.005199980224
25,29,ABDEGHJKMNPQSTVWY,ABCDEFGHIJKLMNOPQRSTUVWXY,Rapido_MCTS,2,4.372000060975552,91809.48100000387
25,29,ABDEGHJKMNPQSTVWY,ABCDEFGHIJKLMNOPQRSTUVWXY,Rapido_MCTS,3,5.650800094008446,1697.604100016179
25,29,ABDEGHJKMNPQSTVWY,ABCDEFGHIJKLMNOPQRSTUVWXY,Rapido_MCTS,4,5.027200013399124,1269.645999971544
25,29,ABDEGHJKMNPQSTVWY,ABCDEFGHIJKLMNOPQRSTUVWXY,Rapido_MCTS,5,5.666800037026405,1255.858100019395
25,30,ABDEGHJKMNPQSTVWY,ABCDEFGHIJKLMNOPQRSTUVWX,Rapido_MCTS,2,3.372399970889091,4710.914700001013
25,30,ABDEGHJKMNPQSTVWY,ABCDEFGHIJKLMNOPQRSTUVWX,Rapido_MCTS,3,3.139999955892563,1196.129599993583
25,30,ABDEGHJKMNPQSTVWY,ABCDEFGHIJKLMNOPQRSTUVWX,Rapido_MCTS,4,4.081200018525124,1192.921300011221
25,30,ABDEGHJKMNPQSTVWY,ABCDEFGHIJKLMNOPQRSTUVWX,Rapido_MCTS,5,5.00600004196167,918.9473000005819
25,31,ABDEGHJKMNPQSTVWY,BCDEFGHIJKLMNOPQRSTUVWXY,Rapido_MCTS,2,3.620400011539459,8775.651100004325
25,31,ABDEGHJKMNPQSTVWY,BCDEFGHIJKLMNOPQRSTUVWXY,Rapido_MCTS,3,4.372000023722649,921.3375000108499
25,31,ABDEGHJKMNPQSTVWY,BCDEFGHIJKLMNOPQRSTUVWXY,Rapido_MCTS,4,4.958400011062622,1011.839900020277
25,31,ABDEGHJKMNPQSTVWY,BCDEFGHIJKLMNOPQRSTUVWXY,Rapido_MCTS,5,5.725199967622757,836.2602000124753
25,32,ABDEGHJKMNPQSTVWY,BCDEFGHIJKLMNOPQRSTUVWX,Rapido_MCTS,2,3.134400077164173,7706.944100005785
25,32,ABDEGHJKMNPQSTVWY,BCDEFGHIJKLMNOPQRSTUVWX,Rapido_MCTS,3,3.381599977612495,543.9719999849331
25,32,ABDEGHJKMNPQSTVWY,BCDEFGHIJKLMNOPQRSTUVWX,Rapido_MCTS,4,4.008799999952316,1020.381600013934
25,32,ABDEGHJKMNPQSTVWY,BCDEFGHIJKLMNOPQRSTUVWX,Rapido_MCTS,5,4.780800089240074,1148.624699999345
25,33,ABDEGHJKMNPQSTVWY,ABDEGHJKMNPQSTVWY,Rapido_MCTS,2,1.129399992525578,22991.02899999707
25,33,ABDEGHJKMNPQSTVWY,ABDEGHJKMNPQSTVWY,Rapido_MCTS,3,0.125,111735.4847999814
25,33,ABDEGHJKMNPQSTVWY,ABDEGHJKMNPQSTVWY,Rapido_MCTS,4,0.125,15308.25589998858
25,33,ABDEGHJKMNPQSTVWY,ABDEGHJKMNPQSTVWY,Rapido_MCTS,5,0.125,14986.69739998877
25,34,ABDEGHJKMNPQSTVWY,ACEGIKMOQSUWY,Rapido_MCTS,2,0.01159998774528503,55117.03660001513
25,34,ABDEGHJKMNPQSTVWY,ACEGIKMOQSUWY,Rapido_MCTS,3,0.125,6170.093099994119
25,34,ABDEGHJKMNPQSTVWY,ACEGIKMOQSUWY,Rapido_MCTS,4,0.125,3061.641800013604
25,34,ABDEGHJKMNPQSTVWY,ACEGIKMOQSUWY,Rapido_MCTS,5,0.125,2962.587799993344
25,35,ABDEGHJKMNPQSTVWY,BDFHJLNPRTVX,Rapido_MCTS,2,0.0,55741.20180000318
25,35,ABDEGHJKMNPQSTVWY,BDFHJLNPRTVX,Rapido_MCTS,3,0.0,3580.974299984518
25,35,ABDEGHJKMNPQSTVWY,BDFHJLNPRTVX,Rapido_MCTS,4,0.0,1568.240499997046
25,35,ABDEGHJKMNPQSTVWY,BDFHJLNPRTVX,Rapido_MCTS,5,0.125,2006.356600002619
25,36,ACEGIKMOQSUWY,ABCDEFGHIJKLMNOPQRSTUVWXY,Rapido_MCTS,2,2.010399997234344,79786.82169999229
25,36,ACEGIKMOQSUWY,ABCDEFGHIJKLMNOPQRSTUVWXY,Rapido_MCTS,3,2.190800026059151,2637.911700003315
25,36,ACEGIKMOQSUWY,ABCDEFGHIJKLMNOPQRSTUVWXY,Rapido_MCTS,4,3.234800025820732,1142.313100019237
25,36,ACEGIKMOQSUWY,ABCDEFGHIJKLMNOPQRSTUVWXY,Rapido_MCTS,5,2.715599983930588,1345.532100007404
25,37,ACEGIKMOQSUWY,ABCDEFGHIJKLMNOPQRSTUVWX,Rapido_MCTS,2,0.7296000123023987,4046.821999974782
25,37,ACEGIKMOQSUWY,ABCDEFGHIJKLMNOPQRSTUVWX,Rapido_MCTS,3,2.366199970245361,733.900299994275
25,37,ACEGIKMOQSUWY,ABCDEFGHIJKLMNOPQRSTUVWX,Rapido_MCTS,4,2.464800000190735,548.520299984375
25,37,ACEGIKMOQSUWY,ABCDEFGHIJKLMNOPQRSTUVWX,Rapido_MCTS,5,3.131000012159348,601.216300012311
25,38,ACEGIKMOQSUWY,BCDEFGHIJKLMNOPQRSTUVWXY,Rapido_MCTS,2,1.622399985790253,6567.70770001458
25,38,ACEGIKMOQSUWY,BCDEFGHIJKLMNOPQRSTUVWXY,Rapido_MCTS,3,2.090399980545044,941.2388000055216
25,38,ACEGIKMOQSUWY,BCDEFGHIJKLMNOPQRSTUVWXY,Rapido_MCTS,4,3.374000072479248,666.9929999916349
25,38,ACEGIKMOQSUWY,BCDEFGHIJKLMNOPQRSTUVWXY,Rapido_MCTS,5,2.972800001502037,1070.433899993077
25,39,ACEGIKMOQSUWY,BCDEFGHIJKLMNOPQRSTUVWX,Rapido_MCTS,2,0.5024000108242035,6112.680100020953
25,39,ACEGIKMOQSUWY,BCDEFGHIJKLMNOPQRSTUVWX,Rapido_MCTS,3,1.342799991369247,1013.52800001041
25,39,ACEGIKMOQSUWY,BCDEFGHIJKLMNOPQRSTUVWX,Rapido_MCTS,4,2.282799959182739,741.4529999950901
25,39,ACEGIKMOQSUWY,BCDEFGHIJKLMNOPQRSTUVWX,Rapido_MCTS,5,2.005199953913689,896.9962999981362
25,40,ACEGIKMOQSUWY,ABDEGHJKMNPQSTVWY,Rapido_MCTS,2,0.3646000251173973,17908.06570000132
25,40,ACEGIKMOQSUWY,ABDEGHJKMNPQSTVWY,Rapido_MCTS,3,0.125,95606.73099997803
25,40,ACEGIKMOQSUWY,ABDEGHJKMNPQSTVWY,Rapido_MCTS,4,0.125,12989.03070000233
25,40,ACEGIKMOQSUWY,ABDEGHJKMNPQSTVWY,Rapido_MCTS,5,0.125,14305.3668999928
25,41,ACEGIKMOQSUWY,ACEGIKMOQSUWY,Rapido_MCTS,2,0.008800029754638672,42370.52289998974
25,41,ACEGIKMOQSUWY,ACEGIKMOQSUWY,Rapido_MCTS,3,0.125,5463.09810000821
25,41,ACEGIKMOQSUWY,ACEGIKMOQSUWY,Rapido_MCTS,4,0.375,1938.631299999543
25,41,ACEGIKMOQSUWY,ACEGIKMOQSUWY,Rapido_MCTS,5,0.375,1708.624100021552
25,42,ACEGIKMOQSUWY,BDFHJLNPRTVX,Rapido_MCTS,2,0.0,42419.07510001329
25,42,ACEGIKMOQSUWY,BDFHJLNPRTVX,Rapido_MCTS,3,0.125,2983.88280000654
25,42,ACEGIKMOQSUWY,BDFHJLNPRTVX,Rapido_MCTS,4,0.5,1176.601499988465
25,42,ACEGIKMOQSUWY,BDFHJLNPRTVX,Rapido_MCTS,5,0.625,1453.115999989677
25,43,BDFHJLNPRTVX,ABCDEFGHIJKLMNOPQRSTUVWXY,Rapido_MCTS,2,2.526800006628036,98670.87860000902
25,43,BDFHJLNPRTVX,ABCDEFGHIJKLMNOPQRSTUVWXY,Rapido_MCTS,3,4.139600038528442,1767.270599986659
25,43,BDFHJLNPRTVX,ABCDEFGHIJKLMNOPQRSTUVWXY,Rapido_MCTS,4,3.584400057792664,1262.657400016906
25,43,BDFHJLNPRTVX,ABCDEFGHIJKLMNOPQRSTUVWXY,Rapido_MCTS,5,4.218000039458275,1698.488199996063
25,44,BDFHJLNPRTVX,ABCDEFGHIJKLMNOPQRSTUVWX,Rapido_MCTS,2,2.955799967050552,3491.311099991435
25,44,BDFHJLNPRTVX,ABCDEFGHIJKLMNOPQRSTUVWX,Rapido_MCTS,3,3.007999986410141,756.0236999997869
25,44,BDFHJLNPRTVX,ABCDEFGHIJKLMNOPQRSTUVWX,Rapido_MCTS,4,4.247599989175797,705.4043000098318
25,44,BDFHJLNPRTVX,ABCDEFGHIJKLMNOPQRSTUVWX,Rapido_MCTS,5,4.494400069117546,765.4818000155501
25,45,BDFHJLNPRTVX,BCDEFGHIJKLMNOPQRSTUVWXY,Rapido_MCTS,2,2.833999991416931,5655.72019998217
25,45,BDFHJLNPRTVX,BCDEFGHIJKLMNOPQRSTUVWXY,Rapido_MCTS,3,3.583199962973595,587.2442999971099
25,45,BDFHJLNPRTVX,BCDEFGHIJKLMNOPQRSTUVWXY,Rapido_MCTS,4,4.632799983024597,718.2991000008769
25,45,BDFHJLNPRTVX,BCDEFGHIJKLMNOPQRSTUVWXY,Rapido_MCTS,5,5.023200005292892,662.3677000170574
25,46,BDFHJLNPRTVX,BCDEFGHIJKLMNOPQRSTUVWX,Rapido_MCTS,2,2.524000018835068,5587.25680000498
25,46,BDFHJLNPRTVX,BCDEFGHIJKLMNOPQRSTUVWX,Rapido_MCTS,3,2.488000020384789,571.2218999979086
25,46,BDFHJLNPRTVX,BCDEFGHIJKLMNOPQRSTUVWX,Rapido_MCTS,4,3.762399971485138,519.8330999992322
25,46,BDFHJLNPRTVX,BCDEFGHIJKLMNOPQRSTUVWX,Rapido_MCTS,5,3.86360003054142,533.1262999970932
25,47,BDFHJLNPRTVX,ABDEGHJKMNPQSTVWY,Rapido_MCTS,2,0.1220000088214874,15947.15160000487
25,47,BDFHJLNPRTVX,ABDEGHJKMNPQSTVWY,Rapido_MCTS,3,0.125,91160.82989997813
25,47,BDFHJLNPRTVX,ABDEGHJKMNPQSTVWY,Rapido_MCTS,4,0.375,12682.78740000096
25,47,BDFHJLNPRTVX,ABDEGHJKMNPQSTVWY,Rapido_MCTS,5,0.375,14105.19750000094
25,48,BDFHJLNPRTVX,ACEGIKMOQSUWY,Rapido_MCTS,2,0.495199978351593,39832.67449997948
25,48,BDFHJLNPRTVX,ACEGIKMOQSUWY,Rapido_MCTS,3,0.0,6005.805099994177
25,48,BDFHJLNPRTVX,ACEGIKMOQSUWY,Rapido_MCTS,4,0.75,1845.103800005745
25,48,BDFHJLNPRTVX,ACEGIKMOQSUWY,Rapido_MCTS,5,1.25,2487.835799984168
25,49,BDFHJLNPRTVX,BDFHJLNPRTVX,Rapido_MCTS,2,0.0,42173.69620001409
25,49,BDFHJLNPRTVX,BDFHJLNPRTVX,Rapido_MCTS,3,0.0,3020.690800010925
25,49,BDFHJLNPRTVX,BDFHJLNPRTVX,Rapido_MCTS,4,0.0,1092.484799999511
25,49,BDFHJLNPRTVX,BDFHJLNPRTVX,Rapido_MCTS,5,0.0,1429.109299991978
25,50,ACDEFGHIJKLMNOPQRSTVX,ACDEFGHIJKLMNOPQRSTVX,Rapido_MCTS,2,4.972799986600876,32694.63850001921
25,50,ACDEFGHIJKLMNOPQRSTVX,ACDEFGHIJKLMNOPQRSTVX,Rapido_MCTS,3,4.017600014805794,604.2727000021841
25,50,ACDEFGHIJKLMNOPQRSTVX,ACDEFGHIJKLMNOPQRSTVX,Rapido_MCTS,4,5.553000062704086,639.423499989789
25,50,ACDEFGHIJKLMNOPQRSTVX,ACDEFGHIJKLMNOPQRSTVX,Rapido_MCTS,5,5.739800006151199,923.5363000188954
